,gene,log2FC,pvalue,adj_pvalue,regulation,mean_tumor,mean_normal,neg_log10_pval
GENE_2254,GENE_2254,-3.4555223242046633,2.7039569440992538e-15,5.080735097962498e-12,Downregulated,3.931126309473016,7.386648633677679,11.294073447973433
GENE_719,GENE_719,3.118355857386433,2.3351792174862197e-15,5.080735097962498e-12,Upregulated,9.712458179720345,6.594102322333912,11.294073447973433
GENE_3118,GENE_3118,-3.05186455110115,9.123924716121078e-15,1.1429236361061004e-11,Downregulated,3.9596817339614607,7.011546285062611,10.941982785812632
GENE_497,GENE_497,3.076682094791165,1.9416312608107198e-14,1.8241625695316715e-11,Upregulated,9.62888454179098,6.552202446999814,10.738936459919685
GENE_4529,GENE_4529,-3.021328070951193,3.350181365404539e-14,2.5179963142380517e-11,Downregulated,4.262054773912839,7.283382844864032,10.598944909933973
GENE_4324,GENE_4324,-2.918995523824541,5.850458258595639e-14,3.6643370226337356e-11,Downregulated,3.967658516429352,6.886654040253893,10.436004589496834
GENE_2008,GENE_2008,-3.0750852207756623,1.1390088468994158e-13,6.114850352354293e-11,Downregulated,3.942786577120799,7.017871797896461,10.2136141669093
GENE_3277,GENE_3277,-2.9987992035652153,2.5268973617547215e-13,1.0551200317193605e-10,Downregulated,4.363795069160887,7.362594272726103,9.97669813169508
GENE_2921,GENE_2921,-3.0726662439364114,2.5035584351731736e-13,1.0551200317193605e-10,Downregulated,4.300847405695084,7.373513649631495,9.97669813169508
GENE_3990,GENE_3990,-2.7313305513279076,3.3352882598886233e-13,1.2534013280661447e-10,Downregulated,4.531782547286009,7.263113098613917,9.901909849470504
GENE_1489,GENE_1489,3.3084489275496214,5.740645238264247e-13,1.961213164127004e-10,Upregulated,10.206667160017055,6.898218232467434,9.70747520032871
GENE_2960,GENE_2960,3.2274790801340973,7.607432274596708e-13,2.3823942073278695e-10,Upregulated,9.696359042022106,6.468879961888009,9.622986375555884
GENE_3124,GENE_3124,-2.7665801927335902,1.235694734146165e-12,3.5721083160932985e-10,Downregulated,4.246829538656092,7.013409731389682,9.447075380587409
GENE_4835,GENE_4835,2.7433709770478636,1.3841313181089662e-12,3.715403923895354e-10,Upregulated,9.656697052975943,6.9133260759280795,9.429993964572873
GENE_900,GENE_900,-2.9160913227941374,1.9742877393433263e-12,4.946248882968147e-10,Downregulated,3.9448321498750896,6.860923472669227,9.305724034804424
GENE_2845,GENE_2845,3.0132579844008216,4.788413299544632e-12,1.1246785737305454e-09,Upregulated,9.669814601441262,6.65655661704044,8.948971578531081
GENE_3646,GENE_3646,-2.7117695569910722,5.20799586180917e-12,1.1512734381575802e-09,Downregulated,4.733265603090669,7.4450351600817415,8.938821515136995
GENE_4745,GENE_4745,-2.912382260814946,7.020181725372181e-12,1.4656579402193698e-09,Downregulated,3.934531772540741,6.846914033355687,8.833967374857876
GENE_2361,GENE_2361,2.887855738687808,8.69024881767919e-12,1.7188397398336e-09,Upregulated,9.812312707572534,6.924456968884726,8.764764613918242
GENE_3861,GENE_3861,-2.666979488689754,1.2485864342795317e-11,2.34609391001124e-09,Downregulated,4.141818304285979,6.808797792975733,8.62965460782859
GENE_1035,GENE_1035,-2.74085103257614,1.4031165043954196e-11,2.5109103921514226e-09,Downregulated,4.3358905677224575,7.076741600298598,8.600168785848835
GENE_3083,GENE_3083,2.8669044540918307,1.5046799191910706e-11,2.5702668801454744e-09,Upregulated,10.216749040174102,7.349844586082272,8.590021779953958
GENE_154,GENE_154,-2.5477303165659366,1.8696071864623293e-11,2.927493252802264e-09,Downregulated,4.360688739763716,6.908419056329652,8.533504097203208
GENE_3967,GENE_3967,2.875751692845543,1.8238448951437912e-11,2.927493252802264e-09,Upregulated,9.338319904065326,6.462568211219783,8.533504097203208
GENE_760,GENE_760,-2.7372941432275883,2.1555663318539342e-11,3.240247310042834e-09,Downregulated,4.366174392197379,7.103468535424967,8.489421841247712
GENE_4220,GENE_4220,-2.708111971087778,2.2648456786776272e-11,3.2735731001809706e-09,Downregulated,4.458815580680814,7.166927551768592,8.484977956666299
GENE_542,GENE_542,2.4710817480811818,3.0846012659825276e-11,4.181818387488943e-09,Upregulated,9.17172540716187,6.700643659080689,8.37863483211712
GENE_835,GENE_835,2.7377791213070806,3.115777404196125e-11,4.181818387488943e-09,Upregulated,9.586658587745088,6.8488794664380075,8.37863483211712
GENE_2298,GENE_2298,-2.7279095250955985,5.7197037059154266e-11,7.164882175610058e-09,Downregulated,4.267986973704375,6.995896498799974,8.144790947053535
GENE_242,GENE_242,-2.765907100083435,5.642227579208034e-11,7.164882175610058e-09,Downregulated,4.119825626767276,6.885732726850711,8.144790947053535
GENE_3955,GENE_3955,-2.9023435407694382,6.735446920600262e-11,8.165099847617995e-09,Downregulated,4.388076519373263,7.290420060142702,8.088038500087828
GENE_105,GENE_105,-2.5515588031043954,7.04934921685029e-11,8.27857948653856e-09,Downregulated,4.3415950482462025,6.893153851350598,8.082044176993284
GENE_1780,GENE_1780,2.7363107892124727,8.495458823239386e-11,9.674525532646549e-09,Upregulated,9.771569818434322,7.03525902922185,8.014370324873003
GENE_4247,GENE_4247,2.625807880194813,1.026015311219674e-10,1.1340486881069221e-08,Upregulated,9.92852002071639,7.302712140521576,7.945368299479924
GENE_3208,GENE_3208,2.639058758920961,1.3691628357914514e-10,1.470089696258364e-08,Upregulated,9.393488722202152,6.754429963281191,7.832656166339143
GENE_396,GENE_396,-2.6594752086589946,1.577224812544307e-10,1.646447457094863e-08,Downregulated,4.26023965876555,6.919714867424545,7.783452124325212
GENE_2986,GENE_2986,2.425738760918237,1.6218927932235075e-10,1.647317058630795e-08,Upregulated,9.523861006706149,7.098122245787912,7.783222804253615
GENE_1596,GENE_1596,-2.440105102051766,1.8569697755484463e-10,1.8364453727660687e-08,Downregulated,4.641302599247196,7.0814077012989625,7.736021985728221
GENE_1879,GENE_1879,-2.8409828493985954,1.9062073080578027e-10,1.8368018112003135e-08,Downregulated,4.224111785068033,7.065094634466629,7.73593770104066
GENE_716,GENE_716,-2.505833498209822,3.0462578666457717e-10,2.8619592657137028e-08,Downregulated,4.655896795260579,7.161730293470401,7.54333655184866
GENE_1945,GENE_1945,2.7207863733240023,3.82161163701718e-10,3.5028333004659903e-08,Upregulated,9.607496740640766,6.886710367316764,7.455580530227385
GENE_4945,GENE_4945,-2.58329490399883,6.260960445171963e-10,5.602068893561009e-08,Downregulated,4.6391256387886886,7.2224205427875185,7.251651554578961
GENE_1878,GENE_1878,2.4980639125332766,8.989285046285552e-10,7.85621702417235e-08,Upregulated,9.609180641902872,7.111116729369596,7.104786527881667
GENE_2698,GENE_2698,-2.400338483676024,1.5205354174919376e-09,1.2986754770306141e-07,Downregulated,4.400331629599315,6.8006701132753395,6.886499360199327
GENE_1591,GENE_1591,2.628645047593185,1.887252641921028e-09,1.5541999599387967e-07,Upregulated,9.56784975182862,6.939204704235435,6.808493106570263
GENE_1347,GENE_1347,-2.3449544263851454,1.9024267737409432e-09,1.5541999599387967e-07,Downregulated,4.439783706487995,6.78473813287314,6.808493106570263
GENE_3667,GENE_3667,-2.600527839150831,2.4473937823019304e-09,1.9191260771872785e-07,Downregulated,4.623490791905706,7.224018631056537,6.716896493306147
GENE_4692,GENE_4692,2.612942329383026,2.4512520411120105e-09,1.9191260771872785e-07,Upregulated,9.859818689083573,7.246876359700547,6.716896493306147
GENE_2134,GENE_2134,-2.2284778379941645,2.6222073784210215e-09,2.0110725159400405e-07,Downregulated,4.825817423489992,7.054295261484157,6.696572269182072
GENE_1151,GENE_1151,2.4352631867688848,2.9465937770373717e-09,2.1712351792365573e-07,Upregulated,9.398206500622571,6.962943313853686,6.663293133011281
GENE_2929,GENE_2929,2.271747889162145,2.895875046028158e-09,2.1712351792365573e-07,Upregulated,9.408766971816972,7.1370190826548265,6.663293133011281
GENE_2810,GENE_2810,2.401811778296649,3.2917480670536842e-09,2.3789210069207204e-07,Upregulated,9.487319707171073,7.085507928874424,6.623619978655466
GENE_230,GENE_230,2.7590793329782795,4.062102662376628e-09,2.880260717964409e-07,Upregulated,9.755907173754796,6.9968278407765165,6.540568198612829
GENE_411,GENE_411,2.2483851043633294,4.204580949018274e-09,2.926076890076051e-07,Upregulated,9.122626873693187,6.874241769329858,6.533714265874072
GENE_3324,GENE_3324,-2.1939040446929328,4.372413811895039e-09,2.987551110018465e-07,Downregulated,5.4472064509008,7.641110495593733,6.524684656216485
GENE_2639,GENE_2639,-2.424646481674187,4.958722986322951e-09,3.3276573183217234e-07,Downregulated,4.442394404510201,6.8670408861843875,6.4778614036627555
GENE_3475,GENE_3475,-2.209852805976338,5.214417736809455e-09,3.437856465777181e-07,Downregulated,5.009460511433775,7.219313317410113,6.463712259534428
GENE_393,GENE_393,-2.535499816093556,5.917099750514936e-09,3.833872562488815e-07,Downregulated,4.349300855046987,6.884800671140543,6.416362327119856
GENE_3172,GENE_3172,-2.3162978486499997,1.3980066164442657e-08,8.904591295928052e-07,Downregulated,4.784822632197542,7.101120480847541,6.050386009047063
GENE_3213,GENE_3213,2.176838169646964,1.6877273077434975e-08,1.0570798704166774e-06,Upregulated,9.50801922355327,7.331181053906305,5.975892197204633
GENE_507,GENE_507,2.102092897471728,2.4162781091669134e-08,1.4885857597129933e-06,Upregulated,9.045109597690127,6.943016700218399,5.827226139924054
GENE_4518,GENE_4518,-2.357196378583299,2.5596208736084727e-08,1.5514605230678452e-06,Downregulated,4.969813677431591,7.32701005601489,5.8092592705676775
GENE_224,GENE_224,-2.2549708636736012,2.8607731871798875e-08,1.7064739107019075e-06,Downregulated,4.638789239228578,6.8937601029021796,5.767900347013124
GENE_2086,GENE_2086,2.0648234977273034,3.2152874053416203e-08,1.8879765733240329e-06,Upregulated,9.063975442232842,6.999151944505538,5.724003398882878
GENE_4794,GENE_4794,2.2008333139366574,3.466728469475892e-08,1.987915626763431e-06,Upregulated,9.344739493385163,7.143906179448505,5.7016020523374324
GENE_41,GENE_41,-2.450427173717312,3.544181665597389e-08,1.987915626763431e-06,Downregulated,4.81705978464116,7.267486958358472,5.7016020523374324
GENE_1881,GENE_1881,2.083932738938439,3.5248007969370364e-08,1.987915626763431e-06,Upregulated,9.615156952682737,7.531224213744298,5.7016020523374324
GENE_4526,GENE_4526,2.2767068899265217,3.738518353866172e-08,2.066081172621923e-06,Upregulated,9.1903427802455,6.913635890318978,5.684852619830307
GENE_1546,GENE_1546,2.2973616064865103,4.304982556475392e-08,2.3446557169905106e-06,Upregulated,8.958097062428589,6.660735455942079,5.629920918914046
GENE_4655,GENE_4655,-2.093539530570135,4.723911465227485e-08,2.5360656123321266e-06,Downregulated,4.81922006896022,6.9127595995303555,5.595839514707822
MKI67,MKI67,2.3548530474439673,5.101406738828268e-08,2.6750960508579896e-06,Upregulated,9.263230602975453,6.9083775555314855,5.572660619770338
GENE_3945,GENE_3945,2.199079750742402,5.1252505498077495e-08,2.6750960508579896e-06,Upregulated,9.120567483985905,6.921487733243503,5.572660619770338
GENE_3501,GENE_3501,2.0141289496397112,5.332326082470995e-08,2.7450522490309583e-06,Upregulated,9.172905095021104,7.158776145381393,5.5614493848204924
GENE_170,GENE_170,1.8277132157757245,7.03599623451085e-08,3.5731451147691585e-06,Upregulated,9.426659453881248,7.5989462381055235,5.446949345604525
GENE_763,GENE_763,1.9073742212067932,7.778644517347002e-08,3.897619479492005e-06,Upregulated,8.80650355225863,6.899129331051836,5.409200562864265
GENE_1458,GENE_1458,-1.9938553450908945,9.12119419102457e-08,4.51019049603557e-06,Downregulated,5.301757278553049,7.295612623643944,5.345805114523394
GENE_1563,GENE_1563,-2.158477068414844,1.0097860423217258e-07,4.928280450707851e-06,Downregulated,5.318077615721875,7.476554684136719,5.307304586004092
GENE_775,GENE_775,-2.194150414253749,1.0670581051363756e-07,5.141031229618589e-06,Downregulated,4.964051723746562,7.158202138000311,5.288949757967273
GENE_2199,GENE_2199,2.0143788487832133,1.1479316896270753e-07,5.4606674552133535e-06,Upregulated,9.310305841055316,7.295926992272102,5.262754270408839
GENE_130,GENE_130,-2.0823846873414436,1.2312977618167957e-07,5.754387019226491e-06,Downregulated,4.711807694317897,6.79419238165934,5.240000932389716
GENE_2239,GENE_2239,2.098924005475266,1.2403016193649435e-07,5.754387019226491e-06,Upregulated,8.87427845462883,6.775354449153563,5.240000932389716
GENE_4451,GENE_4451,-2.060244537218554,1.4211541042056896e-07,6.357972766196407e-06,Downregulated,4.827222937991836,6.88746747521039,5.1966813366785525
GENE_3234,GENE_3234,1.784356939206071,1.4186793749015972e-07,6.357972766196407e-06,Upregulated,8.876243169911882,7.0918862307058115,5.1966813366785525
GENE_2877,GENE_2877,-1.9239759127432938,1.413957367952663e-07,6.357972766196407e-06,Downregulated,4.659074902625901,6.5830508153691945,5.1966813366785525
GENE_132,GENE_132,1.9927649352155479,1.6299148504428595e-07,7.206141185840313e-06,Upregulated,8.387957968123187,6.395193032907639,5.142297233244438
GENE_163,GENE_163,2.1090117433859277,1.7014007701560717e-07,7.4347256909843225e-06,Upregulated,8.415356747037965,6.306345003652037,5.128735050422393
GENE_3120,GENE_3120,-1.9925461540532154,1.9854329946446578e-07,8.576157694108763e-06,Downregulated,4.7586159071563845,6.7511620612096,5.066707241987637
GENE_4701,GENE_4701,-2.1607969761056767,2.624459127289847e-07,1.1207633409494597e-05,Downregulated,4.825750632527318,6.9865476086329945,4.950486082829112
TOP2A,TOP2A,1.7946192807618573,3.0809328167748987e-07,1.3009152275775358e-05,Upregulated,8.7240900981274,6.929470817365543,4.885751002742647
GENE_4331,GENE_4331,-1.895929685068821,3.193950682201651e-07,1.3189963366718467e-05,Downregulated,5.274313086478018,7.170242771546839,4.879756410644243
GENE_672,GENE_672,1.8902146709230978,3.183266142722149e-07,1.3189963366718467e-05,Upregulated,8.463641005821282,6.573426334898184,4.879756410644243
GENE_1459,GENE_1459,-1.941553840072177,3.3173521708043106e-07,1.3550662454220217e-05,Downregulated,5.609643694230143,7.55119753430232,4.868039472820586
GENE_2027,GENE_2027,-2.1220566431415913,4.287497288504768e-07,1.7325177215269803e-05,Downregulated,4.8205888763085225,6.942645519450114,4.761322314394645
GENE_3686,GENE_3686,2.133058022440742,4.5610247062496576e-07,1.8234394517112994e-05,Upregulated,9.257506109079483,7.124448086638741,4.739108653092865
GENE_1119,GENE_1119,1.9399559329223655,6.092705713052891e-07,2.410146112595028e-05,Upregulated,9.350281821053638,7.410325888131273,4.6179566279768975
GENE_2527,GENE_2527,-1.9933035425554193,7.638856878426296e-07,2.9902941822006275e-05,Downregulated,5.3023255866474415,7.295629129202861,4.5242860841097965
GENE_2754,GENE_2754,1.9594376976695065,7.869259836787898e-07,3.0487297388297857e-05,Upregulated,8.894349173360565,6.934911475691059,4.515881072891796
GENE_598,GENE_598,1.9483218249678576,7.963609687726733e-07,3.05380053127317e-05,Upregulated,9.13833824483448,7.190016419866623,4.515159333683171
GENE_4425,GENE_4425,-1.7370176217267312,8.207198602773036e-07,3.1154194292142495e-05,Downregulated,5.234788823348818,6.971806445075549,4.506483475961177
GENE_1887,GENE_1887,2.047195272452794,9.053153510074489e-07,3.402175089085993e-05,Upregulated,9.058234055305878,7.011038782853084,4.468243339674892
GENE_4857,GENE_4857,-1.7935615568824126,1.0267304453372653e-06,3.8202505084925176e-05,Downregulated,4.87323246693948,6.666794023821892,4.417908157798014
GENE_1243,GENE_1243,1.9831759460867149,1.0616490475045723e-06,3.8734729325458085e-05,Upregulated,8.906473208743842,6.923297262657127,4.411899474494486
GENE_694,GENE_694,-1.7399886751907712,1.0604487169201176e-06,3.8734729325458085e-05,Downregulated,5.174798320859426,6.914786996050197,4.411899474494486
GENE_3532,GENE_3532,1.932221588693741,1.7430775437686172e-06,6.298543662963908e-05,Upregulated,8.485577610846937,6.553356022153196,4.200759855665979
GENE_2676,GENE_2676,-1.740725932240574,2.2489512216031645e-06,8.047059247243417e-05,Downregulated,4.966449197467621,6.707175129708195,4.094362801126611
GENE_3206,GENE_3206,-1.788706053792894,2.2697931884188456e-06,8.047059247243417e-05,Downregulated,5.4169153079813555,7.2056213617742495,4.094362801126611
GENE_577,GENE_577,-1.698323988141249,2.4506476096485567e-06,8.607040857064744e-05,Downregulated,5.341246557855385,7.039570545996634,4.065146135461706
GENE_1827,GENE_1827,1.8889688807879477,2.5470645550018326e-06,8.862841294163784e-05,Upregulated,8.811131283300304,6.922162402512356,4.052427027485256
GENE_1111,GENE_1111,1.6979781204925173,2.7815191976549907e-06,9.589861600722435e-05,Upregulated,9.34636603985192,7.648387919359403,4.018187660449385
GENE_1973,GENE_1973,-1.78775905836594,2.9687637005591848e-06,0.00010142376351546742,Downregulated,5.4831995124598105,7.2709585708257505,3.993860278192853
GENE_1070,GENE_1070,-1.8459056500003665,3.045535346932674e-06,0.00010310920570966656,Downregulated,5.30695185952064,7.152857509521007,3.986702558669613
GENE_4622,GENE_4622,-1.8774401098245193,3.1715797898219253e-06,0.00010641782901920354,Downregulated,4.979880764517268,6.857320874341787,3.9729856051613193
GENE_1364,GENE_1364,1.8827472914495615,3.3663975105449007e-06,0.00011187724083469295,Upregulated,9.039931162513765,7.157183871064204,3.9512582529283597
GENE_1137,GENE_1137,-1.8804670564482429,3.3938279550705154e-06,0.00011187724083469295,Downregulated,5.227250168952566,7.107717225400809,3.9512582529283597
GENE_4246,GENE_4246,-1.6574899048068756,3.7590717255396434e-06,0.00012283992647459113,Downregulated,5.58068079536524,7.238170700172116,3.9106604521743358
GENE_1751,GENE_1751,-1.836012764304967,4.496316539907032e-06,0.00014566515135319504,Downregulated,5.110697341844553,6.94671010614952,3.8366443355687054
GENE_1868,GENE_1868,1.669323084656507,4.645429450475045e-06,0.00014920960576824974,Upregulated,9.08143054874486,7.412107464088353,3.826203217092176
GENE_685,GENE_685,1.829211767795158,4.697945977842647e-06,0.00014961763546383615,Upregulated,8.757567177464955,6.928355409669797,3.8250172130676203
GENE_2632,GENE_2632,1.7617673728608718,4.8848444877646034e-06,0.00015426256794133934,Upregulated,8.960873894640466,7.199106521779594,3.8117394434034777
GENE_1098,GENE_1098,1.855661102393606,4.9463995904240435e-06,0.0001549047471734463,Upregulated,8.945835264365805,7.0901741619721985,3.809935272753116
EGFR,EGFR,1.8005828153816523,5.216868111239596e-06,0.00016202471373585458,Upregulated,9.270622411392301,7.470039596010649,3.7904187371826255
GENE_4470,GENE_4470,1.7853153690098855,6.053459191172953e-06,0.0001864663904953111,Upregulated,8.30802832433515,6.522712955325264,3.7293994359078826
GENE_516,GENE_516,-1.836086352471284,6.1774177723394425e-06,0.00018873769096302133,Downregulated,5.386323658178886,7.22241001065017,3.7241413624598456
GENE_210,GENE_210,1.7826356851685325,6.670271309190696e-06,0.00020215225467692447,Upregulated,8.629268250523271,6.846632565354739,3.694321410460477
GENE_2032,GENE_2032,1.7577579983281533,7.4625217813377055e-06,0.00022435325483413678,Upregulated,9.038703314531665,7.280945316203511,3.649067625501304
GENE_4821,GENE_4821,1.690213278180961,8.142472561585358e-06,0.0002428524752891887,Upregulated,8.336098581070996,6.645885302890035,3.6146574655944566
GENE_1608,GENE_1608,-1.7741102556201636,8.249792904982752e-06,0.00024411591918838726,Downregulated,5.193512754444693,6.967623010064856,3.6124038986235973
GENE_1850,GENE_1850,1.7668868839454976,9.365174037899881e-06,0.00027495565651896686,Upregulated,8.994434047799434,7.227547163853936,3.5607373413768837
GENE_980,GENE_980,1.498518831646436,1.0387342205123444e-05,0.00030031305424486746,Upregulated,8.161024820952864,6.662505989306428,3.5224257891353883
GENE_1430,GENE_1430,-1.7141604333819016,1.0388690008470669e-05,0.00030031305424486746,Downregulated,5.426206716982634,7.140367150364535,3.5224257891353883
GENE_4484,GENE_4484,1.6150817437483989,1.439237729638015e-05,0.00041287445709768395,Upregulated,8.419530508524604,6.804448764776205,3.384181984368371
GENE_3727,GENE_3727,1.4616842884206314,1.751881317702354e-05,0.0004987553024185944,Upregulated,9.002706943570969,7.541022655150337,3.302112474164553
GENE_2592,GENE_2592,-1.8003102819153325,1.868961005000927e-05,0.0005280868764506379,Downregulated,5.49693353503078,7.2972438169461125,3.277294625080885
GENE_545,GENE_545,1.5795839150562605,2.1916599724465735e-05,0.0006146461325712107,Upregulated,8.476585047991431,6.897001132935171,3.2113748466679564
GENE_1396,GENE_1396,-1.6765315986604552,2.7804326931338518e-05,0.0007739900785775567,Downregulated,5.220374482576353,6.896906081236808,3.1112646063024254
GENE_2079,GENE_2079,1.6506348141911245,2.9966331661430545e-05,0.000828040252821,Upregulated,8.808331751786918,7.1576969375957935,3.0819485507113447
GENE_392,GENE_392,-1.6803953127122613,3.234646291890151e-05,0.0008872847273666562,Downregulated,5.2460308381648115,6.926426150877073,3.0519369938303993
GENE_1758,GENE_1758,-1.4523709859656133,3.5002081012371224e-05,0.0009531726119166018,Downregulated,5.28627853175661,6.738649517722223,3.0208284449915213
GENE_2723,GENE_2723,-1.6263531942687859,4.40002811206178e-05,0.0011895903341818826,Downregulated,5.749844241319989,7.376197435588775,2.9246025732592407
GENE_4614,GENE_4614,-1.4876904945211056,6.296121877451667e-05,0.001690059001104526,Downregulated,4.932990472587764,6.420680967108869,2.772098133607129
GENE_1445,GENE_1445,-1.5813518369108852,7.063425519848043e-05,0.0018825782342970884,Downregulated,5.485561149670715,7.0669129865816,2.7252469667779784
GENE_640,GENE_640,-1.535659344966482,8.210373766003151e-05,0.002172858071312665,Downregulated,5.767986345328103,7.3036456902945845,2.662968640388532
GENE_3630,GENE_3630,-1.5867425953974763,8.316048625544796e-05,0.0021854343171186954,Downregulated,5.389971432491692,6.976714027889169,2.6604622416298627
GENE_391,GENE_391,1.4428111422877556,8.45253742714284e-05,0.002205877475777972,Upregulated,8.685657674985256,7.2428465326975005,2.6564186138683135
GENE_819,GENE_819,1.4692465954884648,8.568697680925666e-05,0.002220770061028873,Upregulated,8.69275421249896,7.223507617010495,2.6534964060602526
GENE_2056,GENE_2056,-1.46180363463841,0.00010779072725526183,0.002774503787844342,Downregulated,5.757569169109572,7.219372803747982,2.556814677936219
GENE_1439,GENE_1439,1.400348864078687,0.00011138108287265608,0.0028474157104451804,Upregulated,8.729482977738577,7.32913411365989,2.545549123097975
GENE_3939,GENE_3939,-1.5552242894047401,0.0001177532921424636,0.002989978863995799,Downregulated,5.776405802895345,7.331630092300085,2.524331881669697
GENE_1450,GENE_1450,-1.400102942993553,0.00012833149242021328,0.003236709721578265,Downregulated,5.882663598246444,7.282766541239997,2.4898962477613504
GENE_2554,GENE_2554,-1.3819009200659584,0.00012933262168441216,0.0032402132819334727,Downregulated,5.27424255595406,6.656143476020018,2.489426402102582
GENE_2386,GENE_2386,-1.4601271439491699,0.0001535880538512288,0.0038224099759795885,Downregulated,5.556673161163158,7.016800305112328,2.417662734142117
GENE_956,GENE_956,1.5915092131346515,0.0001700925346404082,0.004205314113017461,Upregulated,8.599532598883432,7.00802338574878,2.3762015593297448
GENE_2451,GENE_2451,-1.4276020159445588,0.00018183672921599875,0.0044662903816583225,Downregulated,6.528882195355018,7.956484211299577,2.350053044127965
GENE_2817,GENE_2817,1.4992439752266815,0.00019231591258352858,0.004693007788888964,Upregulated,8.379717570171087,6.880473594944405,2.3285487249972454
GENE_4205,GENE_4205,-1.4701897179992747,0.00023282525357491346,0.005644885825384031,Downregulated,5.47780620889093,6.947995926890204,2.248344837779252
GENE_4414,GENE_4414,-1.4684021586666027,0.00026781126020348166,0.006451504588747975,Downregulated,5.539756095056118,7.008158253722721,2.1903389894904026
GENE_2444,GENE_2444,1.3778212691326441,0.00028835329505225567,0.00690211262933998,Upregulated,8.721652248596348,7.343830979463704,2.1610179581274416
GENE_4113,GENE_4113,-1.4760888719258958,0.00032777845036518604,0.007796148205521324,Downregulated,5.493585703785944,6.9696745757118395,2.108119913496399
GENE_3689,GENE_3689,-1.3956616385650777,0.0003569220119675454,0.00843593032059142,Downregulated,5.377794568385964,6.773456206951042,2.0738670161193253
GENE_3097,GENE_3097,1.4006923989858358,0.00039924820783096294,0.009377342281429743,Upregulated,8.577353660876119,7.176661261890283,2.027920231563353
GENE_2234,GENE_2234,1.3299194400016647,0.0004452976455780548,0.01039396616200205,Upregulated,7.395712743747073,6.065793303745409,1.9832187013749747
GENE_83,GENE_83,-1.2688016269113378,0.0004916243017164199,0.01140446991265621,Downregulated,6.669459543055668,7.938261169967006,1.94292489621447
GENE_3353,GENE_3353,1.3438175652952857,0.0005163411245166904,0.011904355496525904,Upregulated,8.583538799073766,7.23972123377848,1.9242941123867165
GENE_167,GENE_167,1.3070590474727304,0.0005250428922146429,0.012031165786235535,Upregulated,8.116491414358874,6.809432366886144,1.9196922887034538
GENE_2450,GENE_2450,1.3258264719550192,0.0006929921581137725,0.015783421395100347,Upregulated,8.181859827579995,6.856033355624976,1.8017988482779759
GENE_1559,GENE_1559,1.3691257592195116,0.00080375208946136,0.01819578525419151,Upregulated,8.583076784690121,7.213951025470609,1.7400291973350468
GENE_1644,GENE_1644,-1.2012928870636328,0.0008114949634082968,0.018261066302325626,Downregulated,6.151084971611931,7.352377858675564,1.7384738666869655
GENE_1062,GENE_1062,1.1832405837910391,0.00095743140963393,0.021416828794073268,Upregulated,7.540348641695588,6.357108057904549,1.6692448350538458
GENE_439,GENE_439,1.240783389044279,0.0009657363401919948,0.02147477613279004,Upregulated,8.31737156421392,7.076588175169641,1.6680713548448332
GENE_714,GENE_714,1.3015458438006124,0.001059667910280327,0.023424894157843934,Upregulated,8.338515798669558,7.036969954868946,1.6303223627355172
GENE_1030,GENE_1030,-1.186156746419992,0.0011696875315681968,0.02570576458265078,Downregulated,6.0027688564286725,7.1889256028486646,1.5899694741121428
GENE_2271,GENE_2271,1.2794214617529933,0.001433058853895054,0.0313106696101024,Upregulated,8.912685624405865,7.633264162652872,1.5043076444602848
GENE_994,GENE_994,-1.2388163309385813,0.0015624820897290103,0.03394108493180128,Downregulated,5.694349137496175,6.933165468434757,1.4692742795090976
GENE_638,GENE_638,-1.2612113410305152,0.0016868701200354142,0.036432516730420035,Downregulated,5.559483367161321,6.820694708191836,1.4385108269908287
GENE_622,GENE_622,1.1645871111733523,0.0018241787781137337,0.038950362773587564,Upregulated,7.476952211628992,6.31236510045564,1.4094884930662932
GENE_3752,GENE_3752,1.1824200257026067,0.0018227520279098322,0.038950362773587564,Upregulated,7.339981749770363,6.157561724067756,1.4094884930662932
GENE_3397,GENE_3397,1.1204146838905977,0.002029586105068421,0.0430914383211702,Upregulated,7.567174822245846,6.446760138355248,1.3656090096358762
GENE_3438,GENE_3438,-1.0918385959499908,0.002518293482879212,0.053167117464382456,Not Significant,5.70504063829298,6.7968792342429705,1.2743568849791818
GENE_2645,GENE_2645,1.1041917450830283,0.0025697236602776246,0.053949840867728006,Not Significant,8.306337176056752,7.202145430973724,1.268009831988847
GENE_3495,GENE_3495,1.1653596612997177,0.002722655737079288,0.05657779469573617,Not Significant,7.727842806490136,6.562483145190418,1.2473539845944435
GENE_4512,GENE_4512,1.1447361771716587,0.002725008206473722,0.05657779469573617,Not Significant,7.766988344878639,6.62225216770698,1.2473539845944435
GENE_3273,GENE_3273,1.1252285078314381,0.002777421492728524,0.05734917565754832,Not Significant,7.058906272162655,5.933677764331217,1.2414728203076302
GENE_4353,GENE_4353,-1.0466021575807254,0.0028384258024715275,0.05828854735348634,Not Significant,6.3901731762853835,7.436775333866109,1.2344167678788087
GENE_4371,GENE_4371,-1.12428838745741,0.0029550721542211103,0.06035413671501594,Not Significant,5.627517105535761,6.751805492993171,1.2192929576969596
GENE_4068,GENE_4068,1.0709829424473778,0.00303921494270033,0.06173713380901535,Not Significant,8.18617176955384,7.115188827106461,1.2094535368206056
GENE_552,GENE_552,1.1164996781452015,0.0030749511894569365,0.062127239623543905,Not Significant,7.385669209450214,6.269169531305012,1.2067179421038459
GENE_3094,GENE_3094,-1.0763720951694573,0.0032086697164269975,0.06448225023707303,Not Significant,6.530288299303758,7.606660394473216,1.1905598153640735
GENE_3031,GENE_3031,-1.1474565711590916,0.003276343530305635,0.06514549728512474,Not Significant,5.803579199273934,6.951035770433026,1.1861155964027004
GENE_323,GENE_323,1.0761829959215614,0.0032758798034395044,0.06514549728512474,Not Significant,7.478824519081494,6.402641523159932,1.1861155964027004
GENE_4287,GENE_4287,-1.1419733295167758,0.0035105370333537427,0.06943472721759666,Not Significant,6.2099312022056035,7.351904531722379,1.158423266334551
GENE_3492,GENE_3492,1.0462752445995331,0.0036531476821191396,0.0718771151277682,Not Significant,7.33958960944111,6.293314364841577,1.1434093621311483
GENE_2958,GENE_2958,1.1543243890918626,0.003975904340828441,0.07782004433767334,Not Significant,7.645454285448027,6.491129896356164,1.1089085260945817
GENE_2221,GENE_2221,-1.1292477445721278,0.004570390519950671,0.08899237084960943,Not Significant,5.758279385613727,6.8875271301858545,1.0506472230172625
GENE_2652,GENE_2652,1.1287011947948553,0.0052051047275503875,0.10082878126873379,Not Significant,7.7181701867418475,6.589468991946992,0.9964154821559222
GENE_1254,GENE_1254,0.9966999403570043,0.005643205108354474,0.10875469126767237,Not Significant,7.354510784351109,6.357810843994105,0.9635520001414178
GENE_4721,GENE_4721,-0.9805288685170552,0.005715245952186105,0.10902484410312377,Not Significant,6.419506106746129,7.400034975263185,0.962474525660741
GENE_4031,GENE_4031,-1.049671811231378,0.005702242239331929,0.10902484410312377,Not Significant,6.655573830320216,7.705245641551594,0.962474525660741
GENE_1679,GENE_1679,-0.9649096654861582,0.005991246575525281,0.11371264965062629,Not Significant,6.231851657496785,7.196761322982943,0.9441912207310041
GENE_360,GENE_360,-1.0540971055357788,0.006502768779748007,0.12280103052408549,Not Significant,6.000713592678262,7.054810698214041,0.9107979886586467
GENE_4266,GENE_4266,1.0028073156239206,0.007081267731623463,0.13305702067720487,Not Significant,8.005979521656597,7.003172206032676,0.8759622052093422
GENE_3254,GENE_3254,1.0002176064232673,0.00733598594600483,0.13647839200537698,Not Significant,7.334524330178557,6.33430672375529,0.8649361030237507
GENE_2037,GENE_2037,1.0537301171465927,0.007334472694326427,0.13647839200537698,Not Significant,7.382594227803131,6.328864110656538,0.8649361030237507
GENE_467,GENE_467,0.9794846713974632,0.007450138491094222,0.13791931255927137,Not Significant,7.37119086926153,6.391706197864067,0.8603749161978653
GENE_4568,GENE_4568,-0.9677700604481876,0.0077348313414487375,0.14248772637825666,Not Significant,6.020029127534386,6.987799187982573,0.8462225433450381
GENE_4457,GENE_4457,1.0619712787916278,0.007966096914407134,0.14603215709435127,Not Significant,7.596747874106758,6.53477659531513,0.8355514996206238
GENE_1574,GENE_1574,-0.9926553523062802,0.008133667444625093,0.14838020513058786,Not Significant,5.882838833460756,6.875494185767036,0.8286240328572912
GENE_2137,GENE_2137,0.9593431198564506,0.00834250172222457,0.1514546931020287,Not Significant,7.364644448032454,6.405301328176003,0.8197172647098957
GENE_1286,GENE_1286,-0.9522777556796678,0.008407984875159816,0.1519096498117817,Not Significant,6.771814803256139,7.724092558935807,0.8184146374150503
GENE_4604,GENE_4604,-0.9842524965921218,0.008516576314311056,0.15313537698172702,Not Significant,6.951539818264971,7.935792314857093,0.8149244680010688
GENE_3747,GENE_3747,0.9340092192778995,0.008579825233843166,0.15333968987279054,Not Significant,7.558278415891804,6.624269196613905,0.8143454194329339
GENE_4388,GENE_4388,0.9345754718326242,0.008609546184981054,0.15333968987279054,Not Significant,7.839286672744744,6.90471120091212,0.8143454194329339
GENE_2907,GENE_2907,1.0672639887021793,0.008798692376696116,0.15596927335671698,Not Significant,8.09967031596495,7.032406327262771,0.8069609511711362
GENE_4069,GENE_4069,0.9605753507258816,0.009353369513722752,0.16425216183443975,Not Significant,7.621130214692277,6.660554863966396,0.7844889056854457
GENE_1009,GENE_1009,0.9178989009714558,0.009324320150173563,0.16425216183443975,Not Significant,7.720335181660265,6.802436280688809,0.7844889056854457
GENE_4091,GENE_4091,-0.9598486792864955,0.009634744573223495,0.16840637258685534,Not Significant,6.202376082485609,7.162224761772104,0.7736414785908662
GENE_3497,GENE_3497,-0.9218988769605554,0.009681663340204991,0.16844301311338128,Not Significant,6.188064335453406,7.109963212413962,0.7735469985103167
GENE_565,GENE_565,-0.9371879162858789,0.00999231213851729,0.17228378252428045,Not Significant,6.255064649407728,7.192252565693607,0.7637556017841223
GENE_2396,GENE_2396,-0.9143112165872971,0.009994109789859804,0.17228378252428045,Not Significant,6.45130423245457,7.365615449041867,0.7637556017841223
GENE_3422,GENE_3422,-0.9284276810001622,0.010091248872683407,0.17316398750476825,Not Significant,5.666929338729887,6.5953570197300495,0.7615424221001696
GENE_3722,GENE_3722,0.9077912877670125,0.010271447311528816,0.17507994638930158,Not Significant,7.460790203885201,6.552998916118189,0.7567635950428969
GENE_4711,GENE_4711,0.9232283700627573,0.01029607987015318,0.17507994638930158,Not Significant,7.630849963589543,6.7076215935267856,0.7567635950428969
GENE_4534,GENE_4534,0.9988544391691514,0.010519402270914335,0.17572340952054913,Not Significant,8.454441050741691,7.4555866115725395,0.7551703788098862
GENE_799,GENE_799,-0.9805690314705222,0.01044661250868347,0.17572340952054913,Not Significant,6.381449966906195,7.362018998376717,0.7551703788098862
GENE_4590,GENE_4590,0.9144885178449584,0.010520959856871622,0.17572340952054913,Not Significant,7.328412171877894,6.413923654032936,0.7551703788098862
GENE_4858,GENE_4858,0.9301892638314797,0.010510293610282181,0.17572340952054913,Not Significant,7.542162511610157,6.6119732477786775,0.7551703788098862
GENE_252,GENE_252,1.0003267108104081,0.01066698301383785,0.1765926086608046,Not Significant,8.030656901680608,7.0303301908702,0.7530274779102263
GENE_1718,GENE_1718,0.9767108605499581,0.010624994855049506,0.1765926086608046,Not Significant,7.597188522267329,6.620477661717371,0.7530274779102263
GENE_1327,GENE_1327,0.9409319273401726,0.010974093929013641,0.18088002186505817,Not Significant,7.601461206236431,6.6605292788962585,0.7426093981645016
PCNA,PCNA,0.8847705200085629,0.011173336356786844,0.1833598167196723,Not Significant,7.439644041761002,6.554873521752439,0.7366958338186963
GENE_2522,GENE_2522,1.0157986550362148,0.011321731870300578,0.1849872537764764,Not Significant,7.501482949020965,6.48568429398475,0.7328581948685967
GENE_1581,GENE_1581,-0.8990968825509187,0.011407916041899377,0.18558852158206865,Not Significant,6.770979083714955,7.670075966265873,0.731448887857048
GENE_314,GENE_314,-0.9319174471899174,0.011630125144905062,0.18757944332426274,Not Significant,5.74815885477439,6.6800763019643075,0.7268147573216027
GENE_3386,GENE_3386,0.9916411844372828,0.01160696602385467,0.18757944332426274,Not Significant,7.672655002527205,6.681013818089922,0.7268147573216027
GENE_1694,GENE_1694,0.9332668130766288,0.011686045845066644,0.18767589865709594,Not Significant,8.330434272810598,7.397167459733969,0.7265914959044515
GENE_1547,GENE_1547,-0.8929386884998944,0.011792379601255358,0.18857771294262826,Not Significant,6.650338406872441,7.543277095372336,0.7245096356600734
GENE_4853,GENE_4853,-0.9800427255923161,0.012423452478936652,0.19782768820272856,Not Significant,6.258044177072635,7.238086902664951,0.703712924103276
GENE_1155,GENE_1155,-1.057544813047354,0.012753892487778667,0.20223260746443977,Not Significant,5.9203256171272285,6.977870430174582,0.6941488185761127
GENE_3371,GENE_3371,-0.9473485149055207,0.012819822164147556,0.20242391467590976,Not Significant,6.421676965200885,7.369025480106406,0.6937381805760618
GENE_3345,GENE_3345,0.8718845771599435,0.014154804755044523,0.22256801786383815,Not Significant,7.714213160327546,6.842328583167602,0.6525372419022607
GENE_191,GENE_191,-0.9053654854613971,0.01447685411933234,0.22611308374394679,Not Significant,6.9352932870552255,7.840658772516623,0.6456743070336806
GENE_2090,GENE_2090,-0.9307426931374181,0.014500599569529319,0.22611308374394679,Not Significant,6.421729561620549,7.352472254757967,0.6456743070336806
GENE_587,GENE_587,-0.8628391897594412,0.016012617599065592,0.24865874767474586,Not Significant,6.495674342233033,7.358513531992474,0.6043962579276488
GENE_445,GENE_445,-0.9818522218791417,0.01616438583213831,0.24966517749398956,Not Significant,5.805245681124815,6.787097903003957,0.6026420274397088
GENE_4917,GENE_4917,0.8463938928699752,0.01621029891126489,0.24966517749398956,Not Significant,7.44427394132292,6.597880048452945,0.6026420274397088
GENE_3579,GENE_3579,0.9392367266397255,0.016440300426700305,0.25139137725051464,Not Significant,7.26622015316066,6.326983426520934,0.5996496227389366
GENE_2191,GENE_2191,0.8808535895272938,0.016456167856207186,0.25139137725051464,Not Significant,7.448629605319922,6.567776015792628,0.5996496227389366
GENE_276,GENE_276,-0.9437527444929232,0.016604596066086365,0.25263187051154884,Not Significant,5.836501581055271,6.780254325548194,0.597511862354702
GENE_2054,GENE_2054,0.9076911650887682,0.01723991372441755,0.26124030554984334,Not Significant,7.63991126869502,6.7322201036062514,0.582959816954868
GENE_4656,GENE_4656,0.8540157928165781,0.017863648385481174,0.26960478165718177,Not Significant,7.314105676472304,6.4600898836557255,0.5692724095072194
GENE_3866,GENE_3866,0.8376552475763228,0.018132024996988433,0.2725605997547301,Not Significant,7.644125473567077,6.806470225990754,0.5645369237978133
GENE_919,GENE_919,0.8592019642137325,0.018267452868613494,0.2735023421523885,Not Significant,7.531970288662801,6.672768324449068,0.5630389502098823
GENE_871,GENE_871,-0.9216054310660189,0.018501492054460698,0.273734673782139,Not Significant,6.529442431253547,7.451047862319566,0.5626701873232481
GENE_504,GENE_504,0.8876728938160579,0.018371943039725558,0.273734673782139,Not Significant,7.234243183636221,6.346570289820163,0.5626701873232481
GENE_501,GENE_501,0.8441074025446031,0.018461740246478803,0.273734673782139,Not Significant,7.5043063197333435,6.66019891718874,0.5626701873232481
GENE_3841,GENE_3841,-0.8295256974424987,0.01862529136141059,0.27448566641639605,Not Significant,6.473986734144523,7.303512431587022,0.5614803293880105
GENE_2068,GENE_2068,0.9028854713544758,0.01893046843514458,0.27789336085653643,Not Significant,7.948496084287482,7.0456106129330065,0.5561218288174948
GENE_1765,GENE_1765,-0.8219123039005227,0.01939328313217179,0.2818828684914366,Not Significant,6.667393773378441,7.489306077278964,0.5499313176924943
GENE_511,GENE_511,0.8494894848030468,0.01942726528453488,0.2818828684914366,Not Significant,7.368743091178823,6.519253606375776,0.5499313176924943
GENE_1269,GENE_1269,-0.815057476669776,0.019353336634171492,0.2818828684914366,Not Significant,6.558495448768257,7.373552925438033,0.5499313176924943
GENE_2122,GENE_2122,0.8130161300717713,0.019822373175442817,0.2865095322819773,Not Significant,7.328970876962727,6.515954746890956,0.5428609243123146
GENE_4625,GENE_4625,0.9573985010098252,0.019962695067108256,0.28743221479767367,Not Significant,7.3064472485326295,6.349048747522804,0.5414645586624354
GENE_28,GENE_28,0.8303075039708183,0.020116247102391946,0.2885376206518661,Not Significant,7.072791973822737,6.242484469851918,0.539797553820797
GENE_4153,GENE_4153,0.8382435892285285,0.020465961203588325,0.2924375749166727,Not Significant,7.26849368795854,6.430250098730012,0.533966826206148
GENE_2297,GENE_2297,-0.8801047354987226,0.020873087834959413,0.2971252427415813,Not Significant,7.048238528391778,7.9283432638905005,0.5270604504592661
GENE_2289,GENE_2289,0.925192844791555,0.021564080546078012,0.30580307431004217,Not Significant,7.594977603453738,6.669784758662183,0.5145581528374474
GENE_50,GENE_50,-0.8143579241735619,0.021801044829077375,0.3080012273220781,Not Significant,6.800144271820573,7.614502195994135,0.511447552921166
GENE_4114,GENE_4114,0.8833268826827112,0.02195538248842584,0.3090199527771697,Not Significant,7.284365632731487,6.401038750048776,0.5100134781762509
GENE_4433,GENE_4433,0.8765533211711602,0.022620665965264717,0.31484615813875855,Not Significant,7.734914278915048,6.858360957743888,0.501901601740407
GENE_578,GENE_578,0.842548534478361,0.022472825897982086,0.31484615813875855,Not Significant,7.065681292746609,6.223132758268248,0.501901601740407
GENE_1712,GENE_1712,0.8105114237632689,0.022598003609738244,0.31484615813875855,Not Significant,7.118046104570906,6.307534680807637,0.501901601740407
GENE_1191,GENE_1191,-0.8469662665261009,0.022726442385020786,0.31515118259375685,Not Significant,6.446175765133371,7.293142031659472,0.5014810588605007
GENE_479,GENE_479,-0.8717528454022263,0.022921858615750957,0.3166924436690886,Not Significant,6.808820152977086,7.680572998379312,0.4993622988382824
GENE_4442,GENE_4442,0.8943946552158399,0.023324052296805182,0.3210688224593182,Not Significant,7.387918759722501,6.493524104506661,0.49340186475822984
GENE_3992,GENE_3992,-0.8471720666613463,0.023597030171212504,0.32260338774547054,Not Significant,6.604927731441872,7.452099798103219,0.49133107627923717
GENE_3598,GENE_3598,0.8242644410270676,0.023607219699309314,0.32260338774547054,Not Significant,7.318003764611538,6.49373932358447,0.49133107627923717
GENE_473,GENE_473,-0.7970231610548302,0.02424188226261192,0.33007606356121594,Not Significant,6.873782299797901,7.670805460852731,0.48138596867241507
GENE_2211,GENE_2211,-0.8409898661361215,0.024355056397337874,0.3304198626035947,Not Significant,6.394456140785305,7.235446006921427,0.4809338537249687
GENE_2606,GENE_2606,0.8611599194848152,0.024834199381538826,0.33450509417857677,Not Significant,7.053646028930936,6.192486109446121,0.4755972639744854
GENE_2873,GENE_2873,-0.9570814302600663,0.02475729540755263,0.33450509417857677,Not Significant,6.582036963372979,7.5391183936330455,0.4755972639744854
GENE_4314,GENE_4314,-0.8257061180805527,0.02510922739779081,0.3370017020032066,Not Significant,6.178000926901321,7.003707044981874,0.472367905749628
GENE_2100,GENE_2100,0.8396990026398949,0.02618563363195464,0.3501979045867813,Not Significant,7.45202220821445,6.612323205574555,0.45568645685086157
GENE_333,GENE_333,-0.8414320136180438,0.02631772021041337,0.35071628564089874,Not Significant,6.459239885981547,7.300671899599591,0.4550440670247968
GENE_4443,GENE_4443,0.8298958448762077,0.026652611790427133,0.35356374509448585,Not Significant,7.050841634455084,6.2209457895788765,0.4515322745205358
GENE_1260,GENE_1260,-0.7974789244383436,0.026813642190507844,0.35356374509448585,Not Significant,6.840934039951984,7.638412964390327,0.4515322745205358
GENE_104,GENE_104,0.9327362871400631,0.02675394358888213,0.35356374509448585,Not Significant,7.2199388423835025,6.287202555243439,0.4515322745205358
GENE_4769,GENE_4769,0.8006778413372402,0.026958756027679377,0.35423428374831856,Not Significant,7.410404304184022,6.609726462846782,0.45070940892183353
GENE_2806,GENE_2806,0.8082796907054686,0.02739777477575209,0.35874856309155523,Not Significant,7.447410367097024,6.639130676391556,0.44520982974968176
GENE_4171,GENE_4171,0.8515368823101799,0.027836772081481647,0.363231213479889,Not Significant,7.776778258736503,6.925241376426323,0.4398168384009131
GENE_2895,GENE_2895,-0.8272482085418797,0.028200472778890085,0.3654392300105826,Not Significant,6.675462040880152,7.502710249422032,0.4371848328384221
GENE_607,GENE_607,0.8681798550067317,0.028135738229681236,0.3654392300105826,Not Significant,7.575626882510098,6.707447027503366,0.4371848328384221
GENE_1554,GENE_1554,0.7860452578307431,0.028604191799797268,0.36939708860356746,Not Significant,7.120294081209985,6.334248823379242,0.4325065317663458
GENE_3706,GENE_3706,0.8351846071911186,0.029027988344683762,0.3723111952195276,Not Significant,7.274927957073538,6.439743349882419,0.42909390455795887
GENE_4216,GENE_4216,-0.7710530471854371,0.02901075691596735,0.3723111952195276,Not Significant,6.56489281383899,7.3359458610244275,0.42909390455795887
GENE_1926,GENE_1926,-0.8036629928961601,0.02912829699003051,0.37232700710385935,Not Significant,6.682034398656449,7.485697391552609,0.42907546066374724
GENE_2215,GENE_2215,0.7934770578998087,0.029360688498915037,0.37402531314889054,Not Significant,7.331297167558445,6.537820109658636,0.42709900478114543
GENE_1509,GENE_1509,-0.8067973664837842,0.02984018200117411,0.3788493377040956,Not Significant,6.687361513059276,7.49415887954306,0.42153346763774935
GENE_4552,GENE_4552,-0.7892982869287692,0.030030154367323914,0.37983777332995977,Not Significant,6.585707623009266,7.375005909938035,0.4204018486220538
GENE_2121,GENE_2121,0.7551579522018743,0.030233303822963093,0.37983777332995977,Not Significant,7.297550764108396,6.542392811906522,0.4204018486220538
GENE_3663,GENE_3663,0.8351179849175852,0.030423408667460856,0.37983777332995977,Not Significant,7.5994223991498995,6.764304414232314,0.4204018486220538
GENE_418,GENE_418,-0.8466087519356389,0.030409052800392713,0.37983777332995977,Not Significant,6.504399647524043,7.3510083994596815,0.4204018486220538
GENE_2964,GENE_2964,0.7623702598696704,0.030371210970236467,0.37983777332995977,Not Significant,7.50659787056818,6.74422761069851,0.4204018486220538
GENE_618,GENE_618,0.7913499194982565,0.03077820599944912,0.38273849429579354,Not Significant,7.266962908090303,6.475612988592046,0.4170978559894746
GENE_3459,GENE_3459,-0.7910472596551745,0.03085943687376941,0.38273849429579354,Not Significant,5.679488607092947,6.470535866748121,0.4170978559894746
GENE_2975,GENE_2975,0.7526236455958726,0.031204205057190224,0.3855383545400052,Not Significant,8.053475710127083,7.3008520645312105,0.4139324105144516
GENE_184,GENE_184,0.7685583980060793,0.031290366720250554,0.3855383545400052,Not Significant,7.24353489987575,6.474976501869671,0.4139324105144516
GENE_484,GENE_484,-0.755914609812633,0.03152267119127812,0.38611429688990007,Not Significant,6.839374562523472,7.595289172336105,0.4132841171911873
GENE_643,GENE_643,0.7989514733506597,0.03154259955965921,0.38611429688990007,Not Significant,7.344514545249926,6.545563071899267,0.4132841171911873
GENE_2826,GENE_2826,-0.8513738019876858,0.03258148534495788,0.3938932609796254,Not Significant,6.2526748055079135,7.104048607495599,0.40462144936196315
GENE_2899,GENE_2899,0.7486222535182483,0.03265347868410746,0.3938932609796254,Not Significant,7.429318862449306,6.680696608931058,0.40462144936196315
GENE_1,GENE_1,-0.7956271639952375,0.032709748037769416,0.3938932609796254,Not Significant,6.419127178431537,7.214754342426774,0.40462144936196315
GENE_374,GENE_374,0.8274404635034838,0.03237551801424119,0.3938932609796254,Not Significant,6.8991849010371045,6.071744437533621,0.40462144936196315
GENE_2020,GENE_2020,-0.8023258810450891,0.032748642659676384,0.3938932609796254,Not Significant,6.621760753318341,7.42408663436343,0.40462144936196315
GENE_555,GENE_555,0.7712056927714039,0.03280696931522691,0.3938932609796254,Not Significant,7.485212924188455,6.714007231417051,0.40462144936196315
GENE_2904,GENE_2904,0.7986822772530724,0.03338060938892337,0.3982359685192826,Not Significant,7.523220970751078,6.724538693498006,0.3998595172267728
GENE_2655,GENE_2655,0.8402928014799045,0.03337872383714851,0.3982359685192826,Not Significant,7.648663641022832,6.808370839542928,0.3998595172267728
GENE_3298,GENE_3298,-0.8573203763370012,0.03363590476144726,0.40001180409341397,Not Significant,6.390123996740337,7.247444373077339,0.3979271927295535
GENE_1703,GENE_1703,0.7650949517183827,0.03384937445858784,0.4012805968939215,Not Significant,7.377078962111549,6.611984010393166,0.3965518391837427
GENE_543,GENE_543,0.7627050130158439,0.03401850555928771,0.4020174336220227,Not Significant,7.347282237271656,6.5845772242558125,0.3957551131800197
GENE_2863,GENE_2863,0.7459632583788185,0.03432002245924219,0.4043092300997873,Not Significant,7.157300932138389,6.41133767375957,0.393286343910827
GENE_2808,GENE_2808,0.8014011806996058,0.03519262989080967,0.4132934472801961,Not Significant,7.229971714360174,6.428570533660568,0.3837414803524853
GENE_2278,GENE_2278,-0.7416382332208231,0.035609618518635575,0.41530361492825796,Not Significant,6.3953024954474795,7.136940728668303,0.3816342886431624
GENE_3314,GENE_3314,-0.757087687163315,0.035695334651896574,0.41530361492825796,Not Significant,6.554580976172749,7.311668663336064,0.3816342886431624
GENE_295,GENE_295,-0.7464740738696589,0.03556103171577837,0.41530361492825796,Not Significant,6.950851023723251,7.69732509759291,0.3816342886431624
GENE_4232,GENE_4232,0.8424171584675664,0.036163494460986885,0.41846882014981246,Not Significant,7.585838878622015,6.743421720154449,0.3783368954756078
GENE_996,GENE_996,-0.7918594025569208,0.036190092216255736,0.41846882014981246,Not Significant,6.522927912155268,7.314787314712189,0.3783368954756078
GENE_1195,GENE_1195,-0.7299167950610901,0.0366148855698123,0.4212380173526128,Not Significant,6.705556873605576,7.435473668666666,0.37547243999990537
GENE_2209,GENE_2209,-0.7605053568008424,0.03665376042424278,0.4212380173526128,Not Significant,6.8717905274342685,7.632295884235111,0.37547243999990537
GENE_2977,GENE_2977,-0.7808359306132191,0.03693924174563974,0.42322460512229926,Not Significant,6.604129622364906,7.384965552978125,0.37342909154420456
GENE_4482,GENE_4482,0.7414835734567244,0.03748532034863173,0.42602981212629376,Not Significant,7.431512673373271,6.690029099916546,0.37056000937397005
GENE_1642,GENE_1642,0.7891230900425326,0.03752667174366958,0.42602981212629376,Not Significant,7.365499568757343,6.576376478714811,0.37056000937397005
GENE_1775,GENE_1775,-0.7470877263208653,0.03763754593558529,0.42602981212629376,Not Significant,7.003182687888735,7.7502704142096,0.37056000937397005
GENE_2046,GENE_2046,-0.7455343624936344,0.03731439291177825,0.42602981212629376,Not Significant,6.6415136603081395,7.387048022801774,0.37056000937397005
GENE_3994,GENE_3994,0.7500412921207325,0.03776850787875762,0.42622838621132475,Not Significant,7.436661914537662,6.686620622416929,0.37035763025668667
GENE_582,GENE_582,-0.7364950469606173,0.039199778580265195,0.43712987508794243,Not Significant,7.095935973218265,7.832431020178882,0.35938951118945095
GENE_4375,GENE_4375,0.756228277855512,0.039183062915272786,0.43712987508794243,Not Significant,7.508980496005956,6.752752218150444,0.35938951118945095
GENE_3186,GENE_3186,-0.7564106561921689,0.03896919581316254,0.43712987508794243,Not Significant,6.5123395378691225,7.268750194061291,0.35938951118945095
GENE_3216,GENE_3216,-0.7374287252590728,0.03898718428080105,0.43712987508794243,Not Significant,6.7596506837757255,7.497079409034798,0.35938951118945095
GENE_649,GENE_649,-0.7597081406760902,0.0404153227759117,0.4493514289700479,Not Significant,6.601469793508045,7.361177934184135,0.34741387288327763
GENE_3634,GENE_3634,0.8162612257730464,0.040551134484837534,0.4495314554395854,Not Significant,7.28965511013414,6.473393884361093,0.34723991361735307
GENE_3289,GENE_3289,0.7663566032510367,0.04105733829262456,0.45378340951680807,Not Significant,6.948649572733012,6.182292969481975,0.34315138612188995
GENE_4370,GENE_4370,0.7983412632182594,0.04117619548835326,0.45378340951680807,Not Significant,7.567248879346959,6.7689076161287,0.34315138612188995
GENE_3541,GENE_3541,-0.7664082474258747,0.04147863655256554,0.45577987182614416,Not Significant,6.744353165411309,7.510761412837184,0.3412448580671308
GENE_3196,GENE_3196,-0.7384045831161625,0.04192964272551774,0.45939241213555587,Not Significant,6.675258540838825,7.413663123954987,0.33781618239931327
GENE_4569,GENE_4569,-0.7267093144435419,0.0422043193117413,0.461057651085825,Not Significant,6.995803416709579,7.722512731153121,0.33624476662114383
GENE_2839,GENE_2839,0.7100313808773269,0.04261922382125905,0.46183524917512936,Not Significant,7.272474246889404,6.562442866012077,0.33551292300387797
GENE_1370,GENE_1370,0.753398676064708,0.042662516563853566,0.46183524917512936,Not Significant,7.8202491287365925,7.0668504526718845,0.33551292300387797
GENE_4412,GENE_4412,0.7454467048491278,0.04270815771108391,0.46183524917512936,Not Significant,7.313798160571521,6.568351455722393,0.33551292300387797
GENE_940,GENE_940,0.8157438345165824,0.042767813369486304,0.46183524917512936,Not Significant,7.324040091081372,6.5082962565647895,0.33551292300387797
GENE_2126,GENE_2126,0.736408375342906,0.04288996859023953,0.46183524917512936,Not Significant,7.236994351546959,6.500585976204053,0.33551292300387797
GENE_1948,GENE_1948,-0.7232425482195302,0.04304935176825092,0.4622270398431056,Not Significant,6.736462994204818,7.459705542424349,0.33514465229879403
GENE_2923,GENE_2923,0.8257947931089973,0.043403644135414456,0.46470340359227214,Not Significant,7.127648460233206,6.301853667124209,0.3328241466389942
GENE_2607,GENE_2607,0.8237960498444723,0.043602556482647103,0.46550683881189725,Not Significant,7.486675070009843,6.662879020165371,0.33207393436802435
GENE_3534,GENE_3534,0.7908926160998595,0.043975940283739016,0.46765981216904196,Not Significant,7.467080974576578,6.676188358476718,0.3300699491060792
GENE_2471,GENE_2471,-0.705966922429635,0.04405310630863248,0.46765981216904196,Not Significant,6.49540624022697,7.201373162656605,0.3300699491060792
GENE_1361,GENE_1361,-0.7492540939408237,0.044217477815359174,0.46808248346512615,Not Significant,6.425905643795121,7.175159737735945,0.3296776106922042
GENE_4183,GENE_4183,0.717545593471761,0.0445077041821906,0.46983132673222544,Not Significant,7.803473703804659,7.085928110332898,0.3280580293349916
GENE_532,GENE_532,0.7642380655496668,0.04476203138618016,0.47119247604836145,Not Significant,7.832226194606492,7.067988129056825,0.3268016529339578
GENE_721,GENE_721,-0.7367780845355165,0.04500400430348996,0.472416335677417,Not Significant,6.743893708424826,7.480671792960343,0.32567509333646794
GENE_4540,GENE_4540,-0.7072557539440725,0.04530012068263067,0.4737602248088639,Not Significant,6.448155496963038,7.15541125090711,0.3244414038731611
GENE_3778,GENE_3778,-0.7716829016566127,0.04551022915274078,0.4737602248088639,Not Significant,6.746956325463093,7.518639227119706,0.3244414038731611
GENE_1875,GENE_1875,0.6983815966400861,0.04544167563436846,0.4737602248088639,Not Significant,7.139243288683304,6.440861692043218,0.3244414038731611
GENE_1028,GENE_1028,0.8187638012252236,0.045913074528818355,0.4742527631313575,Not Significant,7.347238303828598,6.528474502603374,0.32399013010887173
GENE_3198,GENE_3198,-0.7246720753528155,0.0457307566751441,0.4742527631313575,Not Significant,6.656279696797365,7.380951772150181,0.32399013010887173
GENE_999,GENE_999,0.7317330163339042,0.04593613778068497,0.4742527631313575,Not Significant,7.138048249417385,6.406315233083481,0.32399013010887173
GENE_2065,GENE_2065,0.6968440429670917,0.046752561584640376,0.4800440612980288,Not Significant,7.3542018377123615,6.65735779474527,0.3187188986652796
GENE_1992,GENE_1992,0.6955645144359055,0.0466789850840782,0.4800440612980288,Not Significant,7.3065389411499195,6.610974426714014,0.3187188986652796
GENE_4411,GENE_4411,0.8057522205144512,0.047283729747577725,0.4824842092060876,Not Significant,7.003510682057939,6.197758461543488,0.3165168957230531
GENE_768,GENE_768,-0.745139032971549,0.04737537871129492,0.4824842092060876,Not Significant,6.326381198328044,7.071520231299593,0.3165168957230531
GENE_2484,GENE_2484,0.7424550059404593,0.047337112982785916,0.4824842092060876,Not Significant,7.415613507091444,6.673158501150985,0.3165168957230531
GENE_2618,GENE_2618,-0.7061662940575255,0.04780277649953192,0.48325491414319355,Not Significant,6.411691484666971,7.117857778724496,0.3158237210046942
GENE_938,GENE_938,0.7199096626142341,0.04796542921112591,0.48325491414319355,Not Significant,7.480163417146497,6.760253754532263,0.3158237210046942
GENE_3109,GENE_3109,0.757014482334263,0.0477860333539606,0.48325491414319355,Not Significant,7.846260075798974,7.089245593464711,0.3158237210046942
GENE_4499,GENE_4499,-0.7521540226392993,0.047860614776579026,0.48325491414319355,Not Significant,6.576471660712171,7.32862568335147,0.3158237210046942
GENE_3333,GENE_3333,0.7659229591830155,0.048456067419456364,0.48386063549853836,Not Significant,7.394460449130034,6.628537489947019,0.3152797084992764
GENE_4638,GENE_4638,0.734208535328059,0.04854056934085922,0.48386063549853836,Not Significant,7.183240265111026,6.449031729782967,0.3152797084992764
GENE_3235,GENE_3235,0.7670109358189334,0.048279017535218544,0.48386063549853836,Not Significant,7.4236098083486635,6.65659887252973,0.3152797084992764
GENE_162,GENE_162,-0.7531728593461944,0.04848752434788744,0.48386063549853836,Not Significant,6.636880952606972,7.390053811953166,0.3152797084992764
GENE_2111,GENE_2111,-0.7294293140624362,0.04895810474520731,0.4841698885065502,Not Significant,6.287975173578198,7.0174044876406345,0.3150022236966177
GENE_4758,GENE_4758,0.7259438742074735,0.04891935395489124,0.4841698885065502,Not Significant,7.545056687190849,6.819112812983375,0.3150022236966177
GENE_4551,GENE_4551,0.7429457482184363,0.04894294854723401,0.4841698885065502,Not Significant,7.671446299346854,6.928500551128418,0.3150022236966177
GENE_4487,GENE_4487,-0.6936620697941329,0.0490957207441142,0.48425647915060677,Not Significant,6.771324351606902,7.464986421401035,0.314924559890149
GENE_3850,GENE_3850,0.805068257842465,0.05034539672516848,0.49528272485126484,Not Significant,7.537034198010128,6.731965940167663,0.30514681967070256
GENE_4547,GENE_4547,0.7964716462007395,0.05092559744574139,0.4996824939976401,Not Significant,7.305813662240129,6.5093420160393896,0.30130586547316673
GENE_4852,GENE_4852,-0.763828042637245,0.05132363395021004,0.5009719906101022,Not Significant,6.696216276730634,7.460044319367879,0.3001865548982672
GENE_2478,GENE_2478,0.7817785156092798,0.051263265835273596,0.5009719906101022,Not Significant,8.009501707328475,7.227723191719195,0.3001865548982672
GENE_4700,GENE_4700,-0.7126560113155982,0.051457419599917724,0.5009766395245876,Not Significant,6.560626951925648,7.273282963241246,0.3001825247557087
GENE_266,GENE_266,-0.7198654686298571,0.05245413448056448,0.5093608200980912,Not Significant,6.396331594523886,7.116197063153743,0.2929744639063692
GENE_2130,GENE_2130,-0.6986491193776647,0.05263707981569919,0.5098199637819525,Not Significant,6.5597382359850105,7.258387355362675,0.2925831622159422
GENE_300,GENE_300,-0.7024293804995132,0.053478827015691274,0.5166412131747244,Not Significant,6.718004766441202,7.420434146940715,0.2868109525172399
GENE_982,GENE_982,-0.6951581952967159,0.054706022574839856,0.5263893902648348,Not Significant,6.5422856998258005,7.237443895122516,0.2786928728057129
GENE_3272,GENE_3272,0.7817046079891643,0.05476802863053497,0.5263893902648348,Not Significant,7.22778168880879,6.4460770808196255,0.2786928728057129
GENE_1289,GENE_1289,0.6867219187893339,0.055304214186857645,0.528837752962369,Not Significant,7.105473492333417,6.418751573544083,0.27667754876073214
GENE_3832,GENE_3832,-0.6966033358134895,0.055231860033323955,0.528837752962369,Not Significant,6.869614120430813,7.566217456244303,0.27667754876073214
GENE_3077,GENE_3077,0.695405801800689,0.05545358729582937,0.5289202564916923,Not Significant,7.2828671153111815,6.5874613135104925,0.2766098001315087
GENE_1558,GENE_1558,0.7831136702430905,0.05560794951959416,0.5290498083408477,Not Significant,7.392176807359645,6.6090631371165545,0.276503438608891
GENE_1877,GENE_1877,0.6726826949962614,0.055907846927915325,0.5292233973680246,Not Significant,7.273505580449428,6.600822885453167,0.27636096357145956
GENE_911,GENE_911,0.6790502730665944,0.05589653263226337,0.5292233973680246,Not Significant,7.409712863342282,6.730662590275688,0.27636096357145956
GENE_724,GENE_724,-0.8360260351304865,0.05633093880165136,0.5318886131070498,Not Significant,6.609328534991888,7.445354570122374,0.2741793071370416
TP53,TP53,-0.6764008078777959,0.05663954100386957,0.5334621430890774,Not Significant,6.893135071569108,7.569535879446904,0.27289639466662985
GENE_3091,GENE_3091,-0.7296087540913705,0.05704445825007864,0.5345961947725574,Not Significant,6.44829406933052,7.17790282342189,0.27197413685363464
GENE_1725,GENE_1725,-0.6891889547467569,0.05692389019645341,0.5345961947725574,Not Significant,6.61806558444783,7.307254539194587,0.27197413685363464
GENE_1039,GENE_1039,-0.6795109207417882,0.05752323747856555,0.5377421055832073,Not Significant,6.6434037919200675,7.322914712661856,0.26942595662960656
GENE_4351,GENE_4351,0.7069456349276946,0.05870918886308993,0.5474668281575483,Not Significant,6.7516752049673,6.044729570039605,0.26164219024962254
GENE_1312,GENE_1312,-0.7742696047401472,0.05923126256795038,0.5488945019509389,Not Significant,6.6779749897472795,7.452244594487427,0.2605111193446869
GENE_804,GENE_804,-0.6951592317369846,0.05959259095156548,0.5488945019509389,Not Significant,6.421520222538658,7.116679454275642,0.2605111193446869
KRAS,KRAS,0.7001056972590991,0.059022091544745185,0.5488945019509389,Not Significant,8.21236531246151,7.51225961520241,0.2605111193446869
GENE_1097,GENE_1097,-0.6804804352807325,0.059513798596318356,0.5488945019509389,Not Significant,6.8528828150345085,7.533363250315241,0.2605111193446869
GENE_134,GENE_134,-0.7497250421938757,0.059527856982394024,0.5488945019509389,Not Significant,6.577802388500446,7.327527430694322,0.2605111193446869
GENE_4409,GENE_4409,0.6807285529084464,0.059822948814188835,0.549669050473647,Not Significant,7.079200121183853,6.398471568275407,0.2598987156209788
GENE_2819,GENE_2819,0.7360686892992714,0.060879844543603207,0.5497802879828234,Not Significant,7.125863375148049,6.389794685848778,0.25981083556158724
GENE_4098,GENE_4098,0.6807679879515174,0.06033884637348107,0.5497802879828234,Not Significant,7.301512684042216,6.620744696090699,0.25981083556158724
GENE_2066,GENE_2066,-0.7543744036081295,0.06100542312103176,0.5497802879828234,Not Significant,6.396786832403358,7.151161236011488,0.25981083556158724
GENE_710,GENE_710,-0.6883279303101038,0.06051231412835107,0.5497802879828234,Not Significant,6.244613031788316,6.93294096209842,0.25981083556158724
GENE_655,GENE_655,-0.7086896194199532,0.060298842066646686,0.5497802879828234,Not Significant,6.628145818437403,7.336835437857356,0.25981083556158724
GENE_2050,GENE_2050,-0.7139703301119233,0.060237747662123885,0.5497802879828234,Not Significant,6.109921434055061,6.8238917641669845,0.25981083556158724
GENE_2883,GENE_2883,0.688023693273867,0.06058644822082007,0.5497802879828234,Not Significant,7.473202840633042,6.785179147359175,0.25981083556158724
GENE_2719,GENE_2719,0.6585582644662944,0.060987039574036096,0.5497802879828234,Not Significant,7.194178842192785,6.53562057772649,0.25981083556158724
GENE_4811,GENE_4811,0.7202554488313844,0.06118969132636189,0.5501216746518373,Not Significant,7.745874698972585,7.025619250141201,0.25954124362276776
GENE_2860,GENE_2860,0.7136064474927277,0.06144432650413105,0.5510925513186742,Not Significant,7.300004214750661,6.5863977672579335,0.2587754589492327
GENE_3544,GENE_3544,-0.7330733858339542,0.06201768420717094,0.5520940795674723,Not Significant,6.553601012480189,7.286674398314143,0.25798691003240937
GENE_3772,GENE_3772,-0.6864625532275026,0.06214363907851004,0.5520940795674723,Not Significant,6.695974145541357,7.38243669876886,0.25798691003240937
GENE_3750,GENE_3750,0.6675032236613108,0.06172126110935737,0.5520940795674723,Not Significant,7.526051457282128,6.858548233620818,0.25798691003240937
GENE_1132,GENE_1132,0.6572381627756911,0.06193043506991434,0.5520940795674723,Not Significant,7.491512638788702,6.834274476013011,0.25798691003240937
GENE_131,GENE_131,-0.7087586049836396,0.06254117481143645,0.5543154125975901,Not Significant,6.678013774848305,7.386772379831944,0.2562430457932012
GENE_2961,GENE_2961,-0.712480994731961,0.06362770262077293,0.5612979024621236,Not Significant,6.4934160167038195,7.2058970114357805,0.2508065807107167
GENE_3125,GENE_3125,0.6801405965097347,0.06359939325926668,0.5612979024621236,Not Significant,7.5625954545582585,6.882454858048524,0.2508065807107167
GENE_3551,GENE_3551,0.7089002643099054,0.0638118132906485,0.5616037338319837,Not Significant,7.416482564971712,6.707582300661807,0.25057001345439733
GENE_3361,GENE_3361,-0.6584288701703871,0.06447448013800015,0.5620715348848854,Not Significant,5.783835587991442,6.442264458161829,0.25020840822324736
GENE_718,GENE_718,-0.6854880790464515,0.06450165194653407,0.5620715348848854,Not Significant,6.897360087089946,7.582848166136397,0.25020840822324736
GENE_0,GENE_0,-0.6828184019227006,0.06476236684543783,0.5620715348848854,Not Significant,6.482186293982564,7.165004695905265,0.25020840822324736
GENE_4027,GENE_4027,-0.681659135390567,0.06456437148888976,0.5620715348848854,Not Significant,6.482321657040455,7.163980792431022,0.25020840822324736
GENE_369,GENE_369,-0.6846993706391107,0.06420714323039023,0.5620715348848854,Not Significant,6.566655593419984,7.251354964059095,0.25020840822324736
GENE_4774,GENE_4774,-0.6990108160630131,0.06475095313772707,0.5620715348848854,Not Significant,6.464580000850628,7.163590816913641,0.25020840822324736
GENE_3204,GENE_3204,-0.6681064040914269,0.06494190250626952,0.5623310359874674,Not Significant,6.594129925136693,7.26223632922812,0.25000794639254786
GENE_3033,GENE_3033,0.6485567908050891,0.06530869682271614,0.5642070865741776,Not Significant,7.126017730529254,6.477460939724165,0.24856146330519563
GENE_1287,GENE_1287,0.7222558070280378,0.06556281634990113,0.5651033574379093,Not Significant,7.302135667580192,6.579879860552154,0.24787211242883012
GENE_895,GENE_895,0.7356914860970161,0.06571605988939327,0.5651280390488328,Not Significant,7.394347129101954,6.658655643004938,0.2478531444768451
GENE_4509,GENE_4509,-0.6642240800208148,0.06587297853968152,0.5651841400733405,Not Significant,6.710560477042496,7.374784557063311,0.24781003361624773
GENE_4297,GENE_4297,-0.6435650765992742,0.0660252879031377,0.5652005283371105,Not Significant,6.903004638363748,7.546569714963022,0.2477974408542921
GENE_2427,GENE_2427,0.657737650789266,0.06620226024943354,0.5654274864031165,Not Significant,7.53132898745112,6.873591336661854,0.24762308353123147
GENE_2324,GENE_2324,-0.6966208700953187,0.06680997271617484,0.5693239851868142,Not Significant,6.668705511857963,7.365326381953282,0.2446405193065707
GENE_4753,GENE_4753,-0.6479067413073611,0.0673604418234381,0.5727161546888697,Not Significant,6.613965495775397,7.261872237082758,0.24206056650552377
GENE_1231,GENE_1231,-0.7237870032862572,0.06905032880929576,0.5814027705901833,Not Significant,6.440213076025677,7.1640000793119345,0.23552290299359024
GENE_4719,GENE_4719,-0.6426015005009162,0.06906319539008077,0.5814027705901833,Not Significant,6.845891729401937,7.488493229902853,0.23552290299359024
GENE_597,GENE_597,-0.6707572530424581,0.06876724308544381,0.5814027705901833,Not Significant,6.411534078189457,7.082291331231915,0.23552290299359024
GENE_4384,GENE_4384,0.6849787274457206,0.06874341512668306,0.5814027705901833,Not Significant,7.169026257976481,6.48404753053076,0.23552290299359024
GENE_3621,GENE_3621,-0.6627216542167407,0.06915567814098242,0.5814027705901833,Not Significant,6.641146498243986,7.303868152460726,0.23552290299359024
GENE_1586,GENE_1586,0.6962240231262049,0.06952786006746267,0.5819280582038413,Not Significant,7.462037781586732,6.765813758460527,0.23513070238842887
GENE_663,GENE_663,-0.6492406001398816,0.06942841317193402,0.5819280582038413,Not Significant,6.593112300220102,7.242352900359983,0.23513070238842887
GENE_350,GENE_350,-0.6895820369794752,0.06973403374843988,0.5823566640591935,Not Significant,6.96990266561999,7.659484702599465,0.2348109504192755
GENE_376,GENE_376,0.7107726024769594,0.0703970888494077,0.5827142288459782,Not Significant,7.448695692314046,6.7379230898370865,0.2345443770808723
GENE_88,GENE_88,-0.7380841654279626,0.07039030989829644,0.5827142288459782,Not Significant,6.726746854264263,7.464831019692226,0.2345443770808723
GENE_2055,GENE_2055,0.7435479686006738,0.07017666296644139,0.5827142288459782,Not Significant,7.449351397335584,6.70580342873491,0.2345443770808723
GENE_3830,GENE_3830,-0.6544185192407834,0.06998554615435232,0.5827142288459782,Not Significant,6.849869345932624,7.504287865173407,0.2345443770808723
GENE_430,GENE_430,0.6978796118942636,0.07181320677123233,0.5918290154523927,Not Significant,7.35868855945759,6.660808947563327,0.22780374660701833
GENE_3735,GENE_3735,-0.7764058922546155,0.07174824458607439,0.5918290154523927,Not Significant,7.013749994998735,7.79015588725335,0.22780374660701833
GENE_2233,GENE_2233,0.6605829341892084,0.07380448634631456,0.5922848626327792,Not Significant,7.7075433772602535,7.046960443071045,0.22746936673279028
GENE_1403,GENE_1403,0.6982278107064168,0.07236367852154292,0.5922848626327792,Not Significant,7.4366033653740145,6.738375554667598,0.22746936673279028
GENE_789,GENE_789,-0.7149683853373716,0.07218698722840505,0.5922848626327792,Not Significant,6.635903349950339,7.35087173528771,0.22746936673279028
GENE_3326,GENE_3326,0.6347415118954354,0.07283194779573497,0.5922848626327792,Not Significant,7.356107696249753,6.721366184354317,0.22746936673279028
GENE_3222,GENE_3222,-0.7001941746536309,0.07376651812697359,0.5922848626327792,Not Significant,6.830549697198274,7.530743871851905,0.22746936673279028
GENE_3179,GENE_3179,0.6772847625738345,0.07282038297561735,0.5922848626327792,Not Significant,7.399300355336802,6.7220155927629675,0.22746936673279028
GENE_3641,GENE_3641,-0.6837170378925466,0.07407500942985797,0.5922848626327792,Not Significant,6.667196336952627,7.350913374845174,0.22746936673279028
GENE_2537,GENE_2537,-0.6746070196230383,0.07393960463062502,0.5922848626327792,Not Significant,6.844020725704133,7.518627745327171,0.22746936673279028
GENE_3457,GENE_3457,0.6553991430045443,0.07260077183453645,0.5922848626327792,Not Significant,7.199919601245188,6.544520458240644,0.22746936673279028
GENE_1688,GENE_1688,-0.6634750653413235,0.07402413257533345,0.5922848626327792,Not Significant,6.655128634770729,7.318603700112052,0.22746936673279028
GENE_1674,GENE_1674,0.6771404538749319,0.07221883540780621,0.5922848626327792,Not Significant,6.92495048371369,6.247810029838758,0.22746936673279028
GENE_4211,GENE_4211,0.6283656727626772,0.0734485042880114,0.5922848626327792,Not Significant,6.990726329998313,6.3623606572356355,0.22746936673279028
GENE_3093,GENE_3093,0.6381824887022391,0.07352136119418398,0.5922848626327792,Not Significant,7.0545934766872,6.4164109879849605,0.22746936673279028
GENE_697,GENE_697,-0.7328904196071617,0.07394917601226589,0.5922848626327792,Not Significant,6.821706985311327,7.554597404918488,0.22746936673279028
GENE_3199,GENE_3199,0.6582133156141117,0.07438119205427651,0.5934703179192593,Not Significant,7.19264389962105,6.534430584006938,0.22660099715797266
GENE_2788,GENE_2788,-0.6646129308352204,0.0747631427655036,0.5952540053236494,Not Significant,6.714296802260929,7.378909733096149,0.22529767364822856
GENE_437,GENE_437,0.6916869843729518,0.07493852255295488,0.5953889381691426,Not Significant,7.187633076705095,6.495946092332143,0.22519923844429715
GENE_3375,GENE_3375,-0.6552548294048526,0.07516655288196927,0.5957087608316253,Not Significant,6.76511821804908,7.420373047453933,0.22496601287269472
GENE_4389,GENE_4389,0.7095357627404937,0.07529581197312984,0.5957087608316253,Not Significant,7.584799216142804,6.875263453402311,0.22496601287269472
GENE_147,GENE_147,0.6733082162806348,0.07570745319875281,0.597707162018725,Not Significant,7.365609269722886,6.692301053442251,0.22351154020684683
GENE_4334,GENE_4334,-0.6464954248247521,0.07629289270435256,0.6010664377001194,Not Significant,6.49919624062195,7.145691665446702,0.22107752145506507
GENE_3023,GENE_3023,-0.6316648642722198,0.07693963037416433,0.6026341748184565,Not Significant,6.7218460794226536,7.353510943694873,0.21994624353184247
GENE_561,GENE_561,0.662831027326682,0.07693548655170922,0.6026341748184565,Not Significant,7.252259087765668,6.589428060438986,0.21994624353184247
GENE_1055,GENE_1055,0.6513839017421503,0.07697296538394335,0.6026341748184565,Not Significant,7.431476162704033,6.780092260961883,0.21994624353184247
GENE_397,GENE_397,-0.6434132739131835,0.07821788555011615,0.6105507500637826,Not Significant,6.40376691898278,7.047180192895963,0.21427823088927073
GENE_1447,GENE_1447,-0.6785559481094774,0.07830906373888856,0.6105507500637826,Not Significant,6.545481646974014,7.224037595083491,0.21427823088927073
GENE_3936,GENE_3936,0.6276728697785341,0.0785539611230285,0.6111921033133355,Not Significant,7.217009470317056,6.589336600538522,0.2138222655410025
GENE_4405,GENE_4405,-0.6430838572029671,0.07901726078810556,0.6135265827307866,Not Significant,6.887150403786492,7.5302342609894595,0.2121666155234688
GENE_3162,GENE_3162,-0.6263120917191332,0.0791925209825475,0.61361957495343,Not Significant,6.566551743147917,7.19286383486705,0.21210079449802968
GENE_4928,GENE_4928,-0.6363785403272768,0.08037218395894057,0.6152865084235876,Not Significant,6.670084201451069,7.306462741778346,0.21092260771617596
GENE_4636,GENE_4636,-0.6521566463859534,0.08113376322480345,0.6152865084235876,Not Significant,6.699419575729581,7.3515762221155345,0.21092260771617596
GENE_2867,GENE_2867,-0.6372489284284093,0.08171133011021443,0.6152865084235876,Not Significant,6.959960446071422,7.5972093744998315,0.21092260771617596
GENE_4765,GENE_4765,0.6607719446630211,0.08186355886423465,0.6152865084235876,Not Significant,7.458698543739567,6.797926599076546,0.21092260771617596
GENE_1258,GENE_1258,-0.646569426479016,0.08145439100105346,0.6152865084235876,Not Significant,6.940656751786704,7.58722617826572,0.21092260771617596
GENE_4698,GENE_4698,0.6566829995764731,0.0799003156613262,0.6152865084235876,Not Significant,7.439370596541179,6.782687596964706,0.21092260771617596
GENE_399,GENE_399,0.6312986560132146,0.08173778027334429,0.6152865084235876,Not Significant,7.375109888625229,6.743811232612014,0.21092260771617596
GENE_240,GENE_240,-0.6568214167285316,0.08049877493560531,0.6152865084235876,Not Significant,6.804564014829542,7.461385431558074,0.21092260771617596
GENE_3524,GENE_3524,0.634540043712434,0.08058706100088357,0.6152865084235876,Not Significant,7.3211572507168885,6.6866172070044545,0.21092260771617596
GENE_4044,GENE_4044,-0.6665313644657065,0.08001795844200635,0.6152865084235876,Not Significant,6.469722951021463,7.13625431548717,0.21092260771617596
GENE_444,GENE_444,-0.6460952101610893,0.08159078758876274,0.6152865084235876,Not Significant,6.75041802601165,7.39651323617274,0.21092260771617596
GENE_2677,GENE_2677,-0.7465668174918996,0.08102054989584251,0.6152865084235876,Not Significant,6.246332807249815,6.992899624741715,0.21092260771617596
GENE_1870,GENE_1870,0.6228123498481102,0.0804191730182529,0.6152865084235876,Not Significant,7.401862592107089,6.779050242258979,0.21092260771617596
GENE_2900,GENE_2900,-0.658641891069859,0.08153819345391938,0.6152865084235876,Not Significant,6.553803597676015,7.212445488745874,0.21092260771617596
GENE_2794,GENE_2794,0.6659330161631605,0.0817975878002549,0.6152865084235876,Not Significant,7.494179819852985,6.828246803689825,0.21092260771617596
GENE_998,GENE_998,0.6454703445819963,0.08300231470127915,0.6164480210423063,Not Significant,7.210425657707161,6.564955313125164,0.21010353727782458
GENE_2042,GENE_2042,-0.6538496437747412,0.08299452384424634,0.6164480210423063,Not Significant,6.792834226054885,7.446683869829626,0.21010353727782458
GENE_70,GENE_70,-0.6353040742482046,0.08226566746041153,0.6164480210423063,Not Significant,6.604507278803514,7.239811353051719,0.21010353727782458
GENE_3302,GENE_3302,0.6227180676222819,0.08292320842220535,0.6164480210423063,Not Significant,7.328448140014941,6.705730072392659,0.21010353727782458
GENE_227,GENE_227,-0.6197666848703358,0.08269283202885519,0.6164480210423063,Not Significant,6.73249880802511,7.352265492895445,0.21010353727782458
GENE_2146,GENE_2146,0.6547610909117969,0.08249907291818066,0.6164480210423063,Not Significant,7.6447268799678305,6.989965789056034,0.21010353727782458
GENE_3115,GENE_3115,0.6252715236402375,0.08335246783860949,0.6166113664123907,Not Significant,7.213906607071491,6.588635083431253,0.20998847389319153
GENE_3947,GENE_3947,0.6225341444594799,0.08320956435235823,0.6166113664123907,Not Significant,7.159257912659938,6.536723768200458,0.20998847389319153
GENE_4144,GENE_4144,-0.6943707363091969,0.08465479427958816,0.6183123634520743,Not Significant,6.467942224605599,7.162312960914796,0.2087920694879739
GENE_435,GENE_435,0.6144036203625678,0.0839730394063318,0.6183123634520743,Not Significant,6.982708526994669,6.368304906632101,0.2087920694879739
GENE_4299,GENE_4299,-0.708538520751337,0.08493814044938319,0.6183123634520743,Not Significant,6.412941886896448,7.121480407647785,0.2087920694879739
GENE_3231,GENE_3231,0.6889423796682888,0.08411159715263165,0.6183123634520743,Not Significant,7.002115002713025,6.3131726230447365,0.2087920694879739
GENE_1947,GENE_1947,0.6505827580951475,0.08489606863810165,0.6183123634520743,Not Significant,7.1872232092275095,6.536640451132362,0.2087920694879739
GENE_2228,GENE_2228,-0.6379952322349824,0.08392578196150914,0.6183123634520743,Not Significant,6.588653198360868,7.2266484305958505,0.2087920694879739
GENE_424,GENE_424,-0.625567426725377,0.08518213427465593,0.6183123634520743,Not Significant,6.939956231573173,7.56552365829855,0.2087920694879739
GENE_232,GENE_232,0.6352209098222774,0.08488771249462987,0.6183123634520743,Not Significant,7.461633323168465,6.826412413346188,0.2087920694879739
GENE_4217,GENE_4217,-0.6488620687839584,0.08519515576349017,0.6183123634520743,Not Significant,6.641687930972269,7.2905499997562275,0.2087920694879739
GENE_1739,GENE_1739,-0.6165391768132551,0.08522772865039235,0.6183123634520743,Not Significant,6.805726177941223,7.422265354754478,0.2087920694879739
GENE_3518,GENE_3518,0.6117040293256162,0.08601513090880679,0.6228224700487397,Not Significant,7.184496669667035,6.572792640341419,0.20563572744280778
GENE_585,GENE_585,0.6517299251473041,0.08644970662716639,0.6247653798170986,Not Significant,7.246024422668961,6.594294497521657,0.2042830440650817
GENE_2347,GENE_2347,0.6365876606513909,0.0873881665942915,0.629127835366566,Not Significant,7.248393046871815,6.611805386220424,0.20126109930288444
GENE_2081,GENE_2081,0.669234942037078,0.0872688530738695,0.629127835366566,Not Significant,7.345508825294856,6.676273883257778,0.20126109930288444
GENE_3126,GENE_3126,-0.6260927724308543,0.08766580335675658,0.6292181357338391,Not Significant,6.473045574028394,7.099138346459248,0.20119876835068445
GENE_3480,GENE_3480,0.6193248255485493,0.08773557826624048,0.6292181357338391,Not Significant,7.221755594129789,6.60243076858124,0.20119876835068445
GENE_928,GENE_928,-0.5978247445555187,0.0879714649747184,0.6297081245237939,Not Significant,6.68772044591941,7.285545190474929,0.20086070337398976
GENE_3454,GENE_3454,-0.6570868406664241,0.08821816807595174,0.6302735278125983,Not Significant,6.330799077931325,6.987885918597749,0.20047093334137958
GENE_4352,GENE_4352,0.6017072348031114,0.08883638868714165,0.6334860506380993,Not Significant,7.057537230690854,6.4558299958877425,0.19826294383910195
GENE_2896,GENE_2896,0.6041938741888728,0.08943218643754032,0.636526811803554,Not Significant,7.430655336279689,6.826461462090816,0.1961832982584156
GENE_3631,GENE_3631,-0.6025093222153437,0.08967170088540323,0.6370250509023541,Not Significant,6.635535125214045,7.238044447429389,0.1958434887718087
GENE_3865,GENE_3865,0.6227565129562169,0.08995406657162945,0.6378252493890255,Not Significant,7.207669756648264,6.584913243692047,0.1952982924726848
GENE_1544,GENE_1544,-0.6389673141363845,0.09069869329017842,0.6414432896943728,Not Significant,6.531178052662684,7.170145366799068,0.1928417337730721
GENE_64,GENE_64,-0.7027482388151771,0.0908057025325722,0.6414432896943728,Not Significant,6.466336645477101,7.169084884292278,0.1928417337730721
GENE_1699,GENE_1699,0.630313088109582,0.09275455063113598,0.6418285915763429,Not Significant,7.427378716228143,6.797065628118561,0.19258094026753805
GENE_461,GENE_461,-0.6177732125315867,0.0925438862104545,0.6418285915763429,Not Significant,6.87224352371118,7.490016736242767,0.19258094026753805
GENE_1432,GENE_1432,-0.5981614719978667,0.09169058429665694,0.6418285915763429,Not Significant,6.800855972499578,7.399017444497445,0.19258094026753805
GENE_2310,GENE_2310,-0.627261303921709,0.09170780804515026,0.6418285915763429,Not Significant,6.492538074851715,7.119799378773424,0.19258094026753805
GENE_3587,GENE_3587,-0.6070911470905855,0.09202802156669425,0.6418285915763429,Not Significant,6.355203749477057,6.962294896567642,0.19258094026753805
GENE_4757,GENE_4757,-0.6230459294829318,0.09283483896099434,0.6418285915763429,Not Significant,6.77921287217187,7.402258801654802,0.19258094026753805
GENE_23,GENE_23,0.6621649464269224,0.09290972693388252,0.6418285915763429,Not Significant,6.971635115388822,6.3094701689619,0.19258094026753805
GENE_2080,GENE_2080,0.6637139779695893,0.09179059204106728,0.6418285915763429,Not Significant,7.277016245572222,6.6133022676026325,0.19258094026753805
GENE_3678,GENE_3678,0.6268346094666803,0.09224484903686242,0.6418285915763429,Not Significant,7.1006965349300515,6.473861925463371,0.19258094026753805
GENE_263,GENE_263,-0.6439423891034322,0.09179565749424695,0.6418285915763429,Not Significant,6.464277358244774,7.1082197473482065,0.19258094026753805
GENE_3260,GENE_3260,0.6119827335101187,0.09273677369003648,0.6418285915763429,Not Significant,7.1568764014048725,6.544893667894754,0.19258094026753805
GENE_603,GENE_603,0.6273198758476521,0.09290293956005506,0.6418285915763429,Not Significant,7.363808812940589,6.736488937092937,0.19258094026753805
GENE_592,GENE_592,-0.6568734717642695,0.09339848863149268,0.64402113812321,Not Significant,6.718157241523209,7.375030713287479,0.19109987795135241
GENE_4082,GENE_4082,0.6690142198781741,0.09519841502564048,0.6545131824058101,Not Significant,6.994873081851064,6.32585886197289,0.1840816019956582
GENE_4670,GENE_4670,0.6863327064057145,0.0952684169175035,0.6545131824058101,Not Significant,7.503372312398144,6.81703960599243,0.1840816019956582
GENE_520,GENE_520,-0.6620036743963444,0.09593204057704223,0.6575927609474909,Not Significant,6.564915763746541,7.226919438142885,0.18204297633458666
GENE_1936,GENE_1936,0.5949386148773455,0.09606663804155734,0.6575927609474909,Not Significant,6.941880113195901,6.3469414983185555,0.18204297633458666
GENE_3096,GENE_3096,0.5915465196480909,0.09700806553038006,0.6592738392958548,Not Significant,7.154361484068312,6.562814964420221,0.18093415719254383
GENE_2637,GENE_2637,0.6508926029586206,0.09688697675563542,0.6592738392958548,Not Significant,7.113628832177304,6.462736229218684,0.18093415719254383
GENE_1160,GENE_1160,0.6121341361296988,0.09701395240303558,0.6592738392958548,Not Significant,7.256594823471169,6.64446068734147,0.18093415719254383
GENE_1384,GENE_1384,0.6119037512884864,0.09661557961557463,0.6592738392958548,Not Significant,7.050498057653283,6.438594306364797,0.18093415719254383
GENE_1189,GENE_1189,-0.5855256452334006,0.09751267499372361,0.661466845896053,Not Significant,6.750313768108982,7.3358394133423825,0.17949191868016234
GENE_3817,GENE_3817,-0.5836452825005596,0.09771218091528609,0.6616259024858471,Not Significant,6.810460873853335,7.394106156353895,0.17938750060414285
GENE_3357,GENE_3357,-0.5977139164609273,0.09791912470845711,0.6618346594503269,Not Significant,6.625565480166126,7.223279396627054,0.17925049312376617
GENE_94,GENE_94,-0.610897859865922,0.09826823787397311,0.6630018634297863,Not Significant,6.694066056317234,7.304963916183156,0.17848525096757026
GENE_3807,GENE_3807,0.5822779553310413,0.0985137151876736,0.6634669205650133,Not Significant,7.04992853533275,6.467650580001709,0.1781807255112441
GENE_612,GENE_612,-0.6148635347295492,0.09979101619779521,0.6643471558572157,Not Significant,6.783850700569324,7.398714235298873,0.1776049199177236
GENE_3256,GENE_3256,-0.6034953512684123,0.09983539093147886,0.6643471558572157,Not Significant,6.769877199361143,7.373372550629555,0.1776049199177236
GENE_4313,GENE_4313,-0.591744490055504,0.09978442554642429,0.6643471558572157,Not Significant,6.805889376310207,7.397633866365711,0.1776049199177236
GENE_3358,GENE_3358,0.602087810277121,0.09985876664622519,0.6643471558572157,Not Significant,7.222963622400745,6.620875812123624,0.1776049199177236
GENE_641,GENE_641,0.5959912760953427,0.09988189011690445,0.6643471558572157,Not Significant,7.449223586958839,6.853232310863496,0.1776049199177236
GENE_937,GENE_937,0.649193356033976,0.09977092206494359,0.6643471558572157,Not Significant,7.140529462651986,6.49133610661801,0.1776049199177236
GENE_3482,GENE_3482,0.6335085050189635,0.09981600492327647,0.6643471558572157,Not Significant,7.3536466299647385,6.720138124945775,0.1776049199177236
GENE_3377,GENE_3377,0.5966774216879109,0.10044137480801392,0.6668881387429617,Not Significant,7.4457613700228515,6.849083948334941,0.17594700686428316
GENE_2738,GENE_2738,-0.5991343691471895,0.10180936719780702,0.6679648345936694,Not Significant,6.336167275740359,6.935301644887549,0.1752464006141575
GENE_2736,GENE_2736,0.5708282029267613,0.10273647535794064,0.6679648345936694,Not Significant,7.042583642919074,6.471755439992313,0.1752464006141575
GENE_2506,GENE_2506,0.6518053261406971,0.10239488025072738,0.6679648345936694,Not Significant,7.593450882088061,6.941645555947364,0.1752464006141575
GENE_4100,GENE_4100,0.5993614540988226,0.10103652977309313,0.6679648345936694,Not Significant,7.294209795574848,6.694848341476026,0.1752464006141575
GENE_4780,GENE_4780,-0.5929196589403976,0.10186985877483593,0.6679648345936694,Not Significant,6.742959769676606,7.3358794286170035,0.1752464006141575
GENE_847,GENE_847,-0.5721620587897087,0.10256879729509988,0.6679648345936694,Not Significant,6.456776275050516,7.028938333840225,0.1752464006141575
GENE_1958,GENE_1958,0.6138257125919049,0.10231513552851992,0.6679648345936694,Not Significant,7.132678778318854,6.518853065726949,0.1752464006141575
GENE_3523,GENE_3523,0.5785268130755927,0.10181786331882312,0.6679648345936694,Not Significant,7.150402167526422,6.571875354450829,0.1752464006141575
GENE_922,GENE_922,-0.5867345891756441,0.10178952460020292,0.6679648345936694,Not Significant,6.896700204251843,7.483434793427487,0.1752464006141575
GENE_4546,GENE_4546,0.6031445252078296,0.10112308835268483,0.6679648345936694,Not Significant,7.432558852834311,6.829414327626481,0.1752464006141575
GENE_3280,GENE_3280,0.6590185236990527,0.10239399942578752,0.6679648345936694,Not Significant,7.277828876723827,6.618810353024775,0.1752464006141575
GENE_554,GENE_554,-0.6002962204283078,0.10243001183721101,0.6679648345936694,Not Significant,6.958455930413433,7.558752150841741,0.1752464006141575
GENE_2727,GENE_2727,-0.6323303056724532,0.10325173680185977,0.6682716591691301,Not Significant,6.782966092223917,7.415296397896371,0.17504695654419117
GENE_3519,GENE_3519,-0.6850047636660186,0.10325385106882198,0.6682716591691301,Not Significant,6.952077946579146,7.637082710245164,0.17504695654419117
GENE_4667,GENE_4667,0.6447339010317572,0.103317145816196,0.6682716591691301,Not Significant,7.201988291747145,6.5572543907153875,0.17504695654419117
GENE_2533,GENE_2533,0.6407114751248093,0.10488311519722993,0.6692699511604888,Not Significant,7.568731618140323,6.928020143015513,0.17439867348468593
GENE_1579,GENE_1579,0.599371324071182,0.10472300354601614,0.6692699511604888,Not Significant,7.154765410402434,6.555394086331252,0.17439867348468593
GENE_1319,GENE_1319,0.6072281071948993,0.10484906147614685,0.6692699511604888,Not Significant,7.18372368530812,6.576495578113221,0.17439867348468593
GENE_2352,GENE_2352,-0.6266461889680102,0.10489622172259923,0.6692699511604888,Not Significant,7.066281554253254,7.692927743221264,0.17439867348468593
GENE_4133,GENE_4133,0.6478609253089882,0.10483699846248977,0.6692699511604888,Not Significant,7.307244520533217,6.659383595224229,0.17439867348468593
GENE_2423,GENE_2423,0.6344534536718314,0.10455878000602555,0.6692699511604888,Not Significant,7.270212980224171,6.63575952655234,0.17439867348468593
GENE_3018,GENE_3018,-0.6034076097181647,0.10463820374542886,0.6692699511604888,Not Significant,6.76700280826542,7.370410417983584,0.17439867348468593
KRT20,KRT20,0.6304833503016125,0.10377666054591389,0.6692699511604888,Not Significant,7.556785276276016,6.926301925974403,0.17439867348468593
GENE_4836,GENE_4836,-0.5974684236158323,0.10555262554993003,0.6723165539265035,Not Significant,6.37921595996034,6.976684383576172,0.1724261953190893
GENE_341,GENE_341,-0.5818060186874696,0.10573824614219024,0.6723592707315582,Not Significant,7.165402681119261,7.74720869980673,0.17239860253815897
GENE_2190,GENE_2190,0.5725307363934338,0.10641958589981253,0.6739041191791098,Not Significant,7.478515343961452,6.905984607568018,0.17140188903371395
GENE_4715,GENE_4715,0.6495850243245158,0.10701758149768115,0.6739041191791098,Not Significant,7.304858910460594,6.6552738861360785,0.17140188903371395
GENE_2815,GENE_2815,0.607900278629149,0.10691302356343776,0.6739041191791098,Not Significant,7.370472631874523,6.762572353245374,0.17140188903371395
GENE_1067,GENE_1067,-0.6005141616687304,0.10705714719263665,0.6739041191791098,Not Significant,6.839873648920735,7.440387810589465,0.17140188903371395
GENE_3880,GENE_3880,-0.5897985953444813,0.10688056905848303,0.6739041191791098,Not Significant,6.909267843933389,7.49906643927787,0.17140188903371395
GENE_572,GENE_572,0.6278574427703836,0.10622327574676213,0.6739041191791098,Not Significant,6.966280102858804,6.338422660088421,0.17140188903371395
GENE_562,GENE_562,-0.6228500990987156,0.10748165910515263,0.6754449413330494,Not Significant,6.709136749865866,7.331986848964582,0.1704100465676163
GENE_872,GENE_872,-0.6422357591644667,0.10856540876751127,0.6798607230355759,Not Significant,7.03314393932619,7.675379698490657,0.1675800481943802
GENE_1911,GENE_1911,-0.6178075230617992,0.10908242753047748,0.6798607230355759,Not Significant,6.705936298254292,7.323743821316091,0.1675800481943802
GENE_3609,GENE_3609,0.6016802116404847,0.10856139504483764,0.6798607230355759,Not Significant,7.193533883520655,6.591853671880171,0.1675800481943802
GENE_4080,GENE_4080,-0.6281251489156974,0.10902490073100184,0.6798607230355759,Not Significant,6.438827807390471,7.066952956306168,0.1675800481943802
GENE_2456,GENE_2456,-0.6532695173032002,0.10908888131731033,0.6798607230355759,Not Significant,6.756716662231986,7.409986179535186,0.1675800481943802
GENE_690,GENE_690,0.5711686746000586,0.11014548684372141,0.6853091714548097,Not Significant,7.383267145453024,6.812098470852965,0.16411345600463673
GENE_3941,GENE_3941,-0.5702153589986017,0.11075102741786348,0.6879377868369106,Not Significant,6.694103886013633,7.264319245012235,0.16245083510040306
GENE_1779,GENE_1779,-0.6009327941856579,0.11126893272770665,0.6897321768647725,Not Significant,6.427924020098123,7.028856814283781,0.1613195131601772
GENE_3060,GENE_3060,-0.621199869340324,0.11140698013755107,0.6897321768647725,Not Significant,6.715584304447166,7.33678417378749,0.1613195131601772
GENE_3776,GENE_3776,0.5772215431752565,0.11206502239046721,0.6915276751122755,Not Significant,7.080403501775419,6.5031819586001625,0.16019043463198163
GENE_2051,GENE_2051,-0.6125318817209555,0.11194246341755472,0.6915276751122755,Not Significant,6.9334565299627435,7.545988411683699,0.16019043463198163
GENE_3694,GENE_3694,0.5783901184551796,0.11298149417349237,0.691812886225643,Not Significant,7.083245891308001,6.504855772852822,0.16001135275159742
GENE_4197,GENE_4197,0.5735019805741493,0.1131261410215697,0.691812886225643,Not Significant,7.172144954271362,6.5986429736972125,0.16001135275159742
GENE_1659,GENE_1659,-0.5955412790649737,0.11317033888767353,0.691812886225643,Not Significant,6.283610345363001,6.8791516244279745,0.16001135275159742
GENE_4066,GENE_4066,-0.6290133847529331,0.11320564918189552,0.691812886225643,Not Significant,7.1095121977202265,7.73852558247316,0.16001135275159742
GENE_1325,GENE_1325,0.6163597294666658,0.11321578633016777,0.691812886225643,Not Significant,7.331657104505692,6.715297375039026,0.16001135275159742
GENE_3391,GENE_3391,0.6361754600240515,0.1124136699315928,0.691812886225643,Not Significant,7.426763860338423,6.7905884003143715,0.16001135275159742
GENE_225,GENE_225,-0.5570655218077958,0.11346154276504287,0.6921890871932322,Not Significant,6.507264127641983,7.064329649449779,0.15977525192013545
GENE_712,GENE_712,-0.5634666929291168,0.11368950955455404,0.6924557162172027,Not Significant,6.602021596920262,7.165488289849379,0.15960799528511738
GENE_3793,GENE_3793,-0.5962493459269407,0.11587375384407757,0.6978422547212235,Not Significant,6.682928429700499,7.279177775627439,0.1562427373289092
GENE_2201,GENE_2201,-0.5666129078224369,0.11585684842448515,0.6978422547212235,Not Significant,6.855904657041747,7.422517564864184,0.1562427373289092
GENE_3380,GENE_3380,0.5655837551838783,0.1150150621662532,0.6978422547212235,Not Significant,7.446512428089636,6.880928672905758,0.1562427373289092
GENE_1010,GENE_1010,0.5821023693964165,0.11553781506878194,0.6978422547212235,Not Significant,7.181355539841835,6.599253170445419,0.1562427373289092
GENE_332,GENE_332,-0.5696966207378953,0.11584583660127501,0.6978422547212235,Not Significant,6.714856427502335,7.28455304824023,0.1562427373289092
GENE_4728,GENE_4728,-0.552988917391767,0.11543786244738938,0.6978422547212235,Not Significant,6.397539093601923,6.95052801099369,0.1562427373289092
GENE_951,GENE_951,0.6074870082496329,0.1156653292652739,0.6978422547212235,Not Significant,7.40185107842274,6.794364070173107,0.1562427373289092
GENE_4323,GENE_4323,0.6612658033305694,0.11615550859966058,0.6984198421080391,Not Significant,6.96126457051029,6.29999876717972,0.15588343082078487
GENE_1631,GENE_1631,0.5628879940093059,0.11809602314376232,0.698514064033434,Not Significant,7.227782138662002,6.664894144652696,0.15582484528262097
GENE_1706,GENE_1706,0.5770632539639324,0.11844866231781138,0.698514064033434,Not Significant,7.149825382727391,6.5727621287634586,0.15582484528262097
GENE_3506,GENE_3506,0.6071001016836428,0.11895928711585889,0.698514064033434,Not Significant,7.36386249067719,6.756762388993547,0.15582484528262097
GENE_4921,GENE_4921,0.5962320080198928,0.11737352836749583,0.698514064033434,Not Significant,6.870438503274486,6.274206495254593,0.15582484528262097
GENE_1500,GENE_1500,-0.5766388893149381,0.11733446778037444,0.698514064033434,Not Significant,6.679500524024216,7.256139413339154,0.15582484528262097
GENE_4006,GENE_4006,-0.5790623514411886,0.11698046479018395,0.698514064033434,Not Significant,7.045696252633235,7.624758604074423,0.15582484528262097
GENE_4749,GENE_4749,0.5940011939263101,0.11833099579873053,0.698514064033434,Not Significant,7.087309400223225,6.4933082062969145,0.15582484528262097
GENE_854,GENE_854,0.6224889573084029,0.11862205900664469,0.698514064033434,Not Significant,7.290348621602407,6.667859664294004,0.15582484528262097
GENE_4426,GENE_4426,-0.5547735998975609,0.11826676287675893,0.698514064033434,Not Significant,6.608606914927254,7.163380514824815,0.15582484528262097
GENE_1806,GENE_1806,0.6454632575196051,0.11679035161098855,0.698514064033434,Not Significant,7.650906721688327,7.005443464168722,0.15582484528262097
GENE_1405,GENE_1405,0.5774001846486918,0.11695182252962491,0.698514064033434,Not Significant,7.5689387549117635,6.991538570263072,0.15582484528262097
GENE_101,GENE_101,-0.5625754884575223,0.11862754650197309,0.698514064033434,Not Significant,6.856879261832824,7.419454750290346,0.15582484528262097
GENE_2205,GENE_2205,-0.574135846121095,0.11778605170132236,0.698514064033434,Not Significant,6.680602760417398,7.254738606538493,0.15582484528262097
GENE_3838,GENE_3838,-0.5790780007940226,0.1177384963368546,0.698514064033434,Not Significant,6.851027108723399,7.430105109517422,0.15582484528262097
GENE_1552,GENE_1552,-0.6188404021912772,0.11891159626554133,0.698514064033434,Not Significant,6.6850687884691915,7.303909190660469,0.15582484528262097
GENE_2853,GENE_2853,0.6419474488227399,0.12031365712443351,0.7007012657038232,Not Significant,7.046921667652871,6.404974218830131,0.15446709802278008
GENE_4200,GENE_4200,0.5780931972744012,0.12050493969358378,0.7007012657038232,Not Significant,7.43717763278254,6.859084435508139,0.15446709802278008
GENE_379,GENE_379,-0.5738640276607896,0.12063696618157893,0.7007012657038232,Not Significant,6.714740667825366,7.288604695486155,0.15446709802278008
GENE_518,GENE_518,0.5807412658850559,0.1200822006441376,0.7007012657038232,Not Significant,7.323413535176221,6.742672269291165,0.15446709802278008
GENE_2328,GENE_2328,0.6252896820929932,0.12012800076249583,0.7007012657038232,Not Significant,7.603477282597838,6.978187600504845,0.15446709802278008
MYC,MYC,-0.5352605006366709,0.12021168186260245,0.7007012657038232,Not Significant,6.471163611549512,7.006424112186183,0.15446709802278008
GENE_378,GENE_378,-0.5766258333416179,0.12055744640086981,0.7007012657038232,Not Significant,6.5398591386671,7.116484972008718,0.15446709802278008
GENE_3828,GENE_3828,0.5875502925481184,0.12114873260165836,0.7015052960200804,Not Significant,7.5266508325625265,6.939100540014408,0.15396904591343327
GENE_415,GENE_415,-0.6888391118435475,0.12104480609190102,0.7015052960200804,Not Significant,6.940820887875879,7.6296599997194265,0.15396904591343327
GENE_4097,GENE_4097,-0.5715619491077204,0.12151788631730172,0.7015900015822841,Not Significant,6.776980820373704,7.3485427694814245,0.15391660876485305
GENE_24,GENE_24,-0.6331394719664702,0.12228351544342632,0.7015900015822841,Not Significant,6.704311059155197,7.337450531121667,0.15391660876485305
GENE_1776,GENE_1776,0.5891932128937549,0.12197639985005693,0.7015900015822841,Not Significant,7.161260632826921,6.572067419933166,0.15391660876485305
GENE_2954,GENE_2954,0.5834852553125076,0.12202104769210566,0.7015900015822841,Not Significant,7.807018493494487,7.22353323818198,0.15391660876485305
GENE_4355,GENE_4355,-0.5795598224384282,0.12227418506995855,0.7015900015822841,Not Significant,6.8006754709106225,7.380235293349051,0.15391660876485305
GENE_2957,GENE_2957,-0.6008709341714384,0.122185913983573,0.7015900015822841,Not Significant,6.816592109828731,7.417463044000169,0.15391660876485305
GENE_2222,GENE_2222,-0.5841190889859451,0.12305729779818196,0.7028115393257444,Not Significant,6.633741661441119,7.217860750427064,0.15316111652171377
GENE_882,GENE_882,-0.5537962946764745,0.123413941781713,0.7028115393257444,Not Significant,6.912541578115395,7.466337872791869,0.15316111652171377
GENE_3993,GENE_3993,-0.5793316581497594,0.1230096303703125,0.7028115393257444,Not Significant,6.652056121040607,7.231387779190366,0.15316111652171377
GENE_4937,GENE_4937,0.5731386658937083,0.12343151036588379,0.7028115393257444,Not Significant,7.278996124111466,6.705857458217758,0.15316111652171377
GENE_4022,GENE_4022,0.5501742058587178,0.12323580963387927,0.7028115393257444,Not Significant,7.190618169728733,6.640443963870015,0.15316111652171377
GENE_1573,GENE_1573,0.5552491016878598,0.12460401012560514,0.7052136597169038,Not Significant,7.67947979519981,7.12423069351195,0.15167928417444315
GENE_2629,GENE_2629,-0.5598413268328208,0.12438635641149687,0.7052136597169038,Not Significant,7.206877808464937,7.766719135297758,0.15167928417444315
GENE_2910,GENE_2910,0.6274324763986572,0.12454814902479484,0.7052136597169038,Not Significant,6.955125171644735,6.3276926952460775,0.15167928417444315
GENE_3202,GENE_3202,-0.5974356409869337,0.12423778440138857,0.7052136597169038,Not Significant,6.728157037828416,7.32559267881535,0.15167928417444315
GENE_322,GENE_322,0.6080707213137986,0.12584276346683687,0.7062845162223278,Not Significant,7.370244139173622,6.762173417859824,0.15102031462227433
GENE_3307,GENE_3307,0.6157574182599577,0.1261088106400165,0.7062845162223278,Not Significant,7.186884170320031,6.571126752060073,0.15102031462227433
GENE_2015,GENE_2015,-0.6576710448073557,0.12606698311553624,0.7062845162223278,Not Significant,6.61533701907062,7.273008063877976,0.15102031462227433
GENE_3413,GENE_3413,-0.5523613310858835,0.1259620787831731,0.7062845162223278,Not Significant,6.852560407413785,7.404921738499668,0.15102031462227433
GENE_796,GENE_796,-0.5865118105281439,0.1257448294225293,0.7062845162223278,Not Significant,6.728929598713743,7.315441409241887,0.15102031462227433
GENE_1808,GENE_1808,0.5544124949959093,0.12582530325856756,0.7062845162223278,Not Significant,7.371187740147641,6.816775245151732,0.15102031462227433
GENE_1311,GENE_1311,0.5653942784777595,0.12534363188471231,0.7062845162223278,Not Significant,6.881726380882282,6.316332102404522,0.15102031462227433
GENE_1041,GENE_1041,-0.5986134174958249,0.1265514491676276,0.7077088481725364,Not Significant,6.5405550710921965,7.139168488588021,0.1501453745678585
GENE_548,GENE_548,-0.5544480249549064,0.12734243326860797,0.7080826546100019,Not Significant,6.834437213483439,7.388885238438346,0.14991604408163312
GENE_3336,GENE_3336,-0.5877036226484362,0.12728651439513694,0.7080826546100019,Not Significant,6.617017111801203,7.204720734449639,0.14991604408163312
GENE_1543,GENE_1543,0.5777159305625874,0.12737197299530634,0.7080826546100019,Not Significant,6.980259022233617,6.4025430916710295,0.14991604408163312
GENE_4507,GENE_4507,-0.5511479071490548,0.12683676691435453,0.7080826546100019,Not Significant,6.984674562349055,7.53582246949811,0.14991604408163312
GENE_4874,GENE_4874,-0.5237104278272193,0.1367661546163466,0.7086079218422057,Not Significant,6.512367926827943,7.036078354655162,0.14959399680509192
GENE_1042,GENE_1042,0.5199575370800407,0.1407681548898669,0.7086079218422057,Not Significant,7.088505296925764,6.568547759845723,0.14959399680509192
GENE_1079,GENE_1079,-0.5874892912650704,0.14074198152349246,0.7086079218422057,Not Significant,6.480176345827485,7.0676656370925555,0.14959399680509192
GENE_4136,GENE_4136,0.6274791557575439,0.13335565007566177,0.7086079218422057,Not Significant,7.33916285032029,6.711683694562746,0.14959399680509192
GENE_3511,GENE_3511,0.6307300923669228,0.1382468115809661,0.7086079218422057,Not Significant,7.275580998618852,6.644850906251929,0.14959399680509192
GENE_491,GENE_491,0.619356623775011,0.13584993277352866,0.7086079218422057,Not Significant,7.420170010234752,6.800813386459741,0.14959399680509192
GENE_4920,GENE_4920,-0.5228801568444137,0.14175243172445426,0.7086079218422057,Not Significant,7.0025399564808835,7.525420113325297,0.14959399680509192
GENE_2667,GENE_2667,-0.5483436190729414,0.143098646958096,0.7086079218422057,Not Significant,6.77996308949251,7.328306708565451,0.14959399680509192
GENE_2766,GENE_2766,0.5771506409584424,0.14258969355057735,0.7086079218422057,Not Significant,7.588508599626262,7.011357958667819,0.14959399680509192
GENE_3763,GENE_3763,0.5858407971112882,0.1296994675184216,0.7086079218422057,Not Significant,7.3784881372607645,6.792647340149476,0.14959399680509192
GENE_1628,GENE_1628,0.5506679499628149,0.1371158395455928,0.7086079218422057,Not Significant,7.286213389989371,6.735545440026556,0.14959399680509192
GENE_4396,GENE_4396,0.5847159732642746,0.1300916651706998,0.7086079218422057,Not Significant,7.2313310708298895,6.646615097565615,0.14959399680509192
GENE_4704,GENE_4704,0.5789245145495681,0.13854869705490244,0.7086079218422057,Not Significant,7.441044253757868,6.8621197392083,0.14959399680509192
GENE_2143,GENE_2143,-0.516900244462386,0.1414891494406691,0.7086079218422057,Not Significant,6.709083345657274,7.22598359011966,0.14959399680509192
GENE_811,GENE_811,0.5411601382109685,0.13437285772997595,0.7086079218422057,Not Significant,7.188417252775698,6.64725711456473,0.14959399680509192
GENE_80,GENE_80,0.5251001459446716,0.1429344402918521,0.7086079218422057,Not Significant,7.459871873313293,6.934771727368622,0.14959399680509192
GENE_4737,GENE_4737,-0.5749006285657678,0.13904761058034038,0.7086079218422057,Not Significant,6.552905725648835,7.127806354214603,0.14959399680509192
GENE_2219,GENE_2219,-0.562001598077182,0.1278893491810896,0.7086079218422057,Not Significant,6.6482408867242615,7.2102424848014435,0.14959399680509192
GENE_533,GENE_533,0.5411434085073372,0.13822203611416492,0.7086079218422057,Not Significant,7.426126809010762,6.884983400503425,0.14959399680509192
GENE_3411,GENE_3411,-0.56228462272197,0.13190536820153603,0.7086079218422057,Not Significant,6.869168226823933,7.431452849545903,0.14959399680509192
GENE_4322,GENE_4322,-0.5295129571557409,0.14330548712082924,0.7086079218422057,Not Significant,6.742558824495968,7.272071781651709,0.14959399680509192
GENE_1389,GENE_1389,0.5342782980038194,0.12972799847268535,0.7086079218422057,Not Significant,7.284983754109721,6.7507054561059014,0.14959399680509192
GENE_3950,GENE_3950,0.5781533294336976,0.12922343458123375,0.7086079218422057,Not Significant,7.113919802677933,6.5357664732442355,0.14959399680509192
GENE_1999,GENE_1999,0.550356296066612,0.14087544646970687,0.7086079218422057,Not Significant,7.561365919363871,7.011009623297259,0.14959399680509192
GENE_3949,GENE_3949,-0.555288038651117,0.13850494287309204,0.7086079218422057,Not Significant,6.614813430516866,7.170101469167983,0.14959399680509192
GENE_2596,GENE_2596,0.5312352634346329,0.14021692821156645,0.7086079218422057,Not Significant,7.270377684588977,6.7391424211543445,0.14959399680509192
GENE_19,GENE_19,0.5396995158961309,0.12919660705480154,0.7086079218422057,Not Significant,7.036325115117473,6.496625599221342,0.14959399680509192
GENE_579,GENE_579,0.5624361951489396,0.13343102745163785,0.7086079218422057,Not Significant,7.372011256570219,6.809575061421279,0.14959399680509192
GENE_4691,GENE_4691,-0.5425058554397326,0.1306130094974616,0.7086079218422057,Not Significant,6.796521078824524,7.339026934264257,0.14959399680509192
GENE_1268,GENE_1268,0.5417467502434832,0.13093060158217398,0.7086079218422057,Not Significant,7.2256835361891,6.683936785945617,0.14959399680509192
GENE_3400,GENE_3400,-0.5437394263210731,0.1317267745764648,0.7086079218422057,Not Significant,6.730070567949446,7.273809994270519,0.14959399680509192
GENE_2786,GENE_2786,0.5601355884112031,0.14087873829379677,0.7086079218422057,Not Significant,7.2946798570536435,6.73454426864244,0.14959399680509192
GENE_4974,GENE_4974,0.5325326719220724,0.13854890047277954,0.7086079218422057,Not Significant,7.329667931505847,6.797135259583775,0.14959399680509192
GENE_2535,GENE_2535,-0.5811602148909367,0.13949807580769863,0.7086079218422057,Not Significant,6.892159406612783,7.47331962150372,0.14959399680509192
GENE_4755,GENE_4755,-0.5929321063886741,0.1329265332025558,0.7086079218422057,Not Significant,6.680096614224862,7.273028720613536,0.14959399680509192
GENE_262,GENE_262,-0.6207735717186633,0.14296321011707216,0.7086079218422057,Not Significant,6.743651349042002,7.364424920760666,0.14959399680509192
GENE_3428,GENE_3428,-0.5324601413804313,0.13406904117440424,0.7086079218422057,Not Significant,6.849526747957603,7.381986889338035,0.14959399680509192
GENE_3481,GENE_3481,-0.5504370513227661,0.132264058927675,0.7086079218422057,Not Significant,6.558529544630861,7.1089665959536275,0.14959399680509192
GENE_3853,GENE_3853,-0.5427323340900907,0.13810967222544898,0.7086079218422057,Not Significant,6.792117662848707,7.3348499969387975,0.14959399680509192
GENE_3458,GENE_3458,-0.5957792980764411,0.1334050793946955,0.7086079218422057,Not Significant,6.87925175847785,7.4750310565542915,0.14959399680509192
GENE_404,GENE_404,0.5997797660438193,0.12840966253545452,0.7086079218422057,Not Significant,7.473859803760164,6.874080037716345,0.14959399680509192
GENE_4732,GENE_4732,0.624937455206588,0.1432386345860632,0.7086079218422057,Not Significant,7.660402641563817,7.035465186357229,0.14959399680509192
GENE_726,GENE_726,-0.5490649355196693,0.14104241172596269,0.7086079218422057,Not Significant,7.024134222514607,7.573199158034276,0.14959399680509192
GENE_1387,GENE_1387,0.5470164326500626,0.136136197939243,0.7086079218422057,Not Significant,7.85147268344005,7.304456250789987,0.14959399680509192
GENE_2735,GENE_2735,-0.5572962495336684,0.1361220560767976,0.7086079218422057,Not Significant,6.659226434699094,7.216522684232762,0.14959399680509192
GENE_261,GENE_261,0.538569262327397,0.1388345837688579,0.7086079218422057,Not Significant,7.125123092958484,6.586553830631087,0.14959399680509192
GENE_1910,GENE_1910,-0.564794732601821,0.12973003383715864,0.7086079218422057,Not Significant,6.585371003316748,7.150165735918569,0.14959399680509192
GENE_3633,GENE_3633,-0.5972826964362534,0.13135260026659035,0.7086079218422057,Not Significant,6.6925358514943065,7.28981854793056,0.14959399680509192
GENE_3316,GENE_3316,-0.5750802318193404,0.14127527057328135,0.7086079218422057,Not Significant,6.770024347210669,7.34510457903001,0.14959399680509192
GENE_1348,GENE_1348,-0.5415648720021906,0.13057166467090986,0.7086079218422057,Not Significant,6.904790817517351,7.4463556895195415,0.14959399680509192
GENE_680,GENE_680,-0.5744493521764458,0.13439447504051039,0.7086079218422057,Not Significant,6.491984711543229,7.066434063719675,0.14959399680509192
GENE_2031,GENE_2031,0.5615410877727625,0.13314407500994663,0.7086079218422057,Not Significant,7.015489375935245,6.453948288162483,0.14959399680509192
GENE_1963,GENE_1963,-0.5826781257101032,0.1366899799194613,0.7086079218422057,Not Significant,6.7222485183982865,7.30492664410839,0.14959399680509192
GENE_1340,GENE_1340,-0.536697673691954,0.1372254720998388,0.7086079218422057,Not Significant,6.828148549821026,7.36484622351298,0.14959399680509192
GENE_4258,GENE_4258,-0.5720106061058319,0.12778788850822964,0.7086079218422057,Not Significant,6.864023645422961,7.436034251528793,0.14959399680509192
GENE_1748,GENE_1748,-0.5757718106635643,0.13662600274976114,0.7086079218422057,Not Significant,6.613219945681482,7.188991756345047,0.14959399680509192
GENE_3414,GENE_3414,-0.551664039535912,0.14019123780431328,0.7086079218422057,Not Significant,6.865110769708933,7.416774809244845,0.14959399680509192
GENE_1307,GENE_1307,-0.5204205876310084,0.1432820433048635,0.7086079218422057,Not Significant,6.76059078578903,7.281011373420038,0.14959399680509192
GENE_1134,GENE_1134,-0.5816400329172415,0.14169153277525762,0.7086079218422057,Not Significant,6.45360190790701,7.0352419408242515,0.14959399680509192
GENE_4805,GENE_4805,-0.5446491794418007,0.12960410920516882,0.7086079218422057,Not Significant,6.670871648492212,7.215520827934013,0.14959399680509192
GENE_3919,GENE_3919,-0.58606958922591,0.13141116437655545,0.7086079218422057,Not Significant,6.759636688238088,7.345706277463998,0.14959399680509192
GENE_2525,GENE_2525,-0.5643103664010019,0.13166515390322103,0.7086079218422057,Not Significant,6.59457589149795,7.158886257898952,0.14959399680509192
GENE_2295,GENE_2295,0.5831087395758878,0.1401980976757913,0.7086079218422057,Not Significant,7.145755681402176,6.562646941826288,0.14959399680509192
GENE_429,GENE_429,-0.547296630523757,0.135963729063557,0.7086079218422057,Not Significant,6.847181148808251,7.394477779332008,0.14959399680509192
GENE_939,GENE_939,0.5626472673682175,0.14149852309888775,0.7086079218422057,Not Significant,7.230271313053299,6.6676240456850815,0.14959399680509192
GENE_3877,GENE_3877,-0.5955363639688214,0.13522641606677008,0.7086079218422057,Not Significant,6.5456717160029285,7.14120807997175,0.14959399680509192
GENE_2685,GENE_2685,-0.5992130369097595,0.13539292899995164,0.7086079218422057,Not Significant,6.80230716130471,7.401520198214469,0.14959399680509192
GENE_2462,GENE_2462,0.5220128994926325,0.1378916417110649,0.7086079218422057,Not Significant,7.0469978949020255,6.524984995409393,0.14959399680509192
GENE_33,GENE_33,0.5439744889318714,0.13895132529182766,0.7086079218422057,Not Significant,7.559600443122933,7.015625954191061,0.14959399680509192
GENE_1110,GENE_1110,0.5533802180395329,0.14286058555277587,0.7086079218422057,Not Significant,7.363671122848073,6.81029090480854,0.14959399680509192
GENE_36,GENE_36,0.5382984618129241,0.13262276899303746,0.7086079218422057,Not Significant,7.406918997124511,6.868620535311587,0.14959399680509192
GENE_1048,GENE_1048,-0.5352004480862886,0.1316446086455616,0.7086079218422057,Not Significant,6.752216934609021,7.28741738269531,0.14959399680509192
GENE_906,GENE_906,-0.5779014930364905,0.12805517664525123,0.7086079218422057,Not Significant,6.776130207063783,7.354031700100274,0.14959399680509192
GENE_90,GENE_90,0.550238046965716,0.1390498128360441,0.7086079218422057,Not Significant,7.524564515718724,6.974326468753008,0.14959399680509192
GENE_9,GENE_9,0.5593002269605849,0.12842715788814427,0.7086079218422057,Not Significant,7.212909680468308,6.653609453507723,0.14959399680509192
GENE_2487,GENE_2487,-0.5542015352017735,0.13945300631432564,0.7086079218422057,Not Significant,6.804906528824331,7.359108064026104,0.14959399680509192
GENE_3301,GENE_3301,0.5242914001027579,0.13739116733936765,0.7086079218422057,Not Significant,6.94573604685759,6.421444646754832,0.14959399680509192
GENE_4842,GENE_4842,0.5471228787205433,0.13254366898631553,0.7086079218422057,Not Significant,6.946022553279522,6.398899674558979,0.14959399680509192
GENE_632,GENE_632,-0.6090608145276999,0.13924800625165706,0.7086079218422057,Not Significant,6.852653632559395,7.461714447087095,0.14959399680509192
GENE_4570,GENE_4570,0.5810617149717263,0.13355292334367644,0.7086079218422057,Not Significant,7.314557072664254,6.733495357692528,0.14959399680509192
GENE_971,GENE_971,0.521961378506651,0.14299803820202492,0.7086079218422057,Not Significant,7.354470709483063,6.8325093309764116,0.14959399680509192
GENE_879,GENE_879,-0.5266909803822326,0.13542959485590708,0.7086079218422057,Not Significant,6.721927498218112,7.248618478600345,0.14959399680509192
GENE_2357,GENE_2357,-0.5436720099178034,0.13903368487705076,0.7086079218422057,Not Significant,6.611572254288603,7.155244264206407,0.14959399680509192
GENE_2870,GENE_2870,0.5508881495259912,0.12864182587445042,0.7086079218422057,Not Significant,7.16131296643374,6.610424816907749,0.14959399680509192
GENE_3693,GENE_3693,-0.5444346981396713,0.1435259690709161,0.7087655607996094,Not Significant,6.625835324315829,7.1702700224555,0.1494973931498745
GENE_1015,GENE_1015,-0.5179337776112405,0.14390520791175163,0.7097057366566438,Not Significant,6.5255148013165085,7.043448578927749,0.14892168429026797
GENE_3943,GENE_3943,0.524154994252851,0.14457838523155586,0.7120911817826827,Not Significant,6.978180986727497,6.454025992474646,0.14746439230467617
GENE_2529,GENE_2529,-0.5226190406488689,0.1452452883569375,0.7141474276297634,Not Significant,6.58337330197337,7.105992342622239,0.14621212380252704
GENE_3555,GENE_3555,0.5823613668273397,0.1453759398980226,0.7141474276297634,Not Significant,7.220393005670067,6.638031638842727,0.14621212380252704
GENE_149,GENE_149,-0.517799302299589,0.14570924981055822,0.7141878312440052,Not Significant,6.798109849722776,7.315909152022365,0.14618755384724538
GENE_2534,GENE_2534,0.5598508856977134,0.1457642540085556,0.7141878312440052,Not Significant,7.146676805019276,6.586825919321563,0.14618755384724538
GENE_4738,GENE_4738,0.5180815459935761,0.1461432977009848,0.7151126468233084,Not Significant,7.011085146341869,6.493003600348293,0.14562554135920172
GENE_2971,GENE_2971,-0.5217823041209098,0.1475366135252877,0.7161302719358539,Not Significant,6.747851820123293,7.269634124244202,0.14500796758509912
GENE_2854,GENE_2854,0.5158876443827927,0.14733582551987426,0.7161302719358539,Not Significant,7.154306155337141,6.638418510954349,0.14500796758509912
GENE_2893,GENE_2893,0.536565114387054,0.14787575599314068,0.7161302719358539,Not Significant,7.501085999187262,6.964520884800208,0.14500796758509912
GENE_2620,GENE_2620,0.5181696157502564,0.14783938096080015,0.7161302719358539,Not Significant,7.157380204633554,6.639210588883298,0.14500796758509912
GENE_1585,GENE_1585,-0.5781699325885308,0.14714750648092506,0.7161302719358539,Not Significant,6.558680089297725,7.136850021886255,0.14500796758509912
GENE_2115,GENE_2115,0.5575893855143486,0.1467118423162122,0.7161302719358539,Not Significant,7.303311446073618,6.745722060559269,0.14500796758509912
GENE_1918,GENE_1918,-0.5096223728579075,0.14682296137923667,0.7161302719358539,Not Significant,6.705882155352219,7.2155045282101264,0.14500796758509912
GENE_3733,GENE_3733,0.5418565621527769,0.14785285367583167,0.7161302719358539,Not Significant,7.327079977100798,6.785223414948021,0.14500796758509912
GENE_4340,GENE_4340,0.5102345822944443,0.14923772923209352,0.7180990863690236,Not Significant,6.928702776304797,6.4184681940103525,0.14381562582142224
GENE_1301,GENE_1301,-0.541747274037399,0.14860084785750977,0.7180990863690236,Not Significant,6.932298386201506,7.474045660238905,0.14381562582142224
GENE_646,GENE_646,-0.5153190938766459,0.14918266287312001,0.7180990863690236,Not Significant,6.759972971810716,7.275292065687362,0.14381562582142224
GENE_3964,GENE_3964,-0.5486903473237614,0.14879393790473716,0.7180990863690236,Not Significant,6.743559101625725,7.2922494489494865,0.14381562582142224
GENE_978,GENE_978,-0.5138684995853824,0.14906172613794072,0.7180990863690236,Not Significant,6.6146283293360435,7.128496828921426,0.14381562582142224
GENE_2750,GENE_2750,-0.5130950204418134,0.1497127728179068,0.7194636831837516,Not Significant,6.460774077336498,6.973869097778311,0.14299112332704475
GENE_3924,GENE_3924,0.581115452486701,0.15061536593611238,0.7201177419693516,Not Significant,7.171031556324518,6.589916103837817,0.14259648897568605
GENE_2194,GENE_2194,-0.5192616141614828,0.15017562006872298,0.7201177419693516,Not Significant,6.83955389494883,7.358815509110313,0.14259648897568605
GENE_755,GENE_755,-0.5133949776168958,0.15059612118246182,0.7201177419693516,Not Significant,6.637932405956985,7.15132738357388,0.14259648897568605
GENE_4886,GENE_4886,0.5828431684307462,0.1502810327353158,0.7201177419693516,Not Significant,7.185545433316453,6.602702264885707,0.14259648897568605
GENE_109,GENE_109,0.5129491735227534,0.15361403297908724,0.7201211159154046,Not Significant,7.311832256491953,6.7988830829691995,0.14259445419354552
GENE_3432,GENE_3432,-0.5105024948999279,0.15335962902337336,0.7201211159154046,Not Significant,6.238347488319611,6.7488499832195386,0.14259445419354552
GENE_2034,GENE_2034,-0.5406568695157548,0.15502341212761103,0.7201211159154046,Not Significant,6.728760632391488,7.269417501907243,0.14259445419354552
GENE_206,GENE_206,-0.5045410123436467,0.151791841863182,0.7201211159154046,Not Significant,7.002548703045101,7.507089715388748,0.14259445419354552
GENE_3946,GENE_3946,0.5432242112138805,0.15310694129666058,0.7201211159154046,Not Significant,7.304787868788981,6.761563657575101,0.14259445419354552
GENE_4346,GENE_4346,0.5175940780017179,0.15457957267043196,0.7201211159154046,Not Significant,7.248503686948252,6.730909608946535,0.14259445419354552
GENE_2142,GENE_2142,0.5242650788528698,0.1541394427545706,0.7201211159154046,Not Significant,7.547354811011073,7.023089732158203,0.14259445419354552
GENE_4640,GENE_4640,-0.5059360866152955,0.1522345798330876,0.7201211159154046,Not Significant,6.672967725175784,7.17890381179108,0.14259445419354552
GENE_1197,GENE_1197,-0.5340125776587401,0.15411676185472528,0.7201211159154046,Not Significant,6.732317712023075,7.266330289681815,0.14259445419354552
GENE_1840,GENE_1840,-0.5501901259252815,0.15339801518137744,0.7201211159154046,Not Significant,6.700713311059476,7.250903436984758,0.14259445419354552
GENE_4386,GENE_4386,-0.5103437399991062,0.1546541370958772,0.7201211159154046,Not Significant,6.542453566638868,7.0527973066379746,0.14259445419354552
GENE_875,GENE_875,-0.5739499363823626,0.15370547783428024,0.7201211159154046,Not Significant,6.77073861413063,7.344688550512992,0.14259445419354552
GENE_2812,GENE_2812,0.5278654807783942,0.15500947442310795,0.7201211159154046,Not Significant,7.3060953658794485,6.778229885101054,0.14259445419354552
GENE_3327,GENE_3327,-0.5206551663117631,0.15285246487106785,0.7201211159154046,Not Significant,6.5595302204207115,7.080185386732475,0.14259445419354552
GENE_4754,GENE_4754,0.536098655763011,0.15109517617140772,0.7201211159154046,Not Significant,7.470041060539569,6.933942404776558,0.14259445419354552
GENE_4519,GENE_4519,-0.5392383774416798,0.15358875918088757,0.7201211159154046,Not Significant,6.871102477037198,7.410340854478878,0.14259445419354552
GENE_254,GENE_254,0.5151986512240407,0.15436533039420924,0.7201211159154046,Not Significant,7.359201267386136,6.844002616162095,0.14259445419354552
GENE_4222,GENE_4222,-0.551411834746447,0.1535982893755369,0.7201211159154046,Not Significant,6.729999733516267,7.281411568262714,0.14259445419354552
GENE_931,GENE_931,-0.5770624440330279,0.1547431542414599,0.7201211159154046,Not Significant,6.585369411194482,7.16243185522751,0.14259445419354552
GENE_2379,GENE_2379,0.5488708842142307,0.1513145007928796,0.7201211159154046,Not Significant,7.279891949026887,6.731021064812657,0.14259445419354552
GENE_455,GENE_455,0.5043931787112683,0.15442846454394454,0.7201211159154046,Not Significant,7.20886973412722,6.704476555415952,0.14259445419354552
GENE_4078,GENE_4078,-0.5264471823804149,0.15106432922807797,0.7201211159154046,Not Significant,6.85036083958825,7.376808021968665,0.14259445419354552
GENE_4838,GENE_4838,-0.5312699833549743,0.15269538046837627,0.7201211159154046,Not Significant,6.754045482667482,7.285315466022456,0.14259445419354552
GENE_2323,GENE_2323,0.5439768846016229,0.15548888636253155,0.7213916480869057,Not Significant,7.2981051542277875,6.754128269626165,0.14182889003368981
GENE_4041,GENE_4041,-0.5239715394659967,0.15610032631726833,0.7229380236352997,Not Significant,6.676976036935323,7.20094757640132,0.14089893250754132
GENE_1381,GENE_1381,-0.5885052245209348,0.15620693858218823,0.7229380236352997,Not Significant,6.827188099820538,7.415693324341473,0.14089893250754132
GENE_1772,GENE_1772,-0.5408726549748542,0.15647474157037033,0.7232866898172837,Not Significant,6.789853276650876,7.3307259316257305,0.1406895268731511
GENE_3526,GENE_3526,-0.5676343765028333,0.15677806300276997,0.7237984775975548,Not Significant,6.742249553747107,7.30988393024994,0.14038233470070774
GENE_830,GENE_830,-0.5212540745268646,0.15761973397539458,0.7241258683123873,Not Significant,6.958157189686191,7.479411264213056,0.14018593772222904
GENE_3163,GENE_3163,-0.5406515101121165,0.15746769324335105,0.7241258683123873,Not Significant,6.613479768548663,7.154131278660779,0.14018593772222904
GENE_2256,GENE_2256,0.5553855506677472,0.15733643683161144,0.7241258683123873,Not Significant,7.458516138281093,6.9031305876133455,0.14018593772222904
GENE_1417,GENE_1417,-0.5198152517057784,0.15746456174881496,0.7241258683123873,Not Significant,6.979827768071051,7.49964301977683,0.14018593772222904
GENE_4102,GENE_4102,-0.5719571118631759,0.15814355677179567,0.7248534979784782,Not Significant,6.641610816960107,7.213567928823283,0.1397497609446068
GENE_4085,GENE_4085,0.49807923077641103,0.1581638819431485,0.7248534979784782,Not Significant,7.160338427572952,6.6622591967965406,0.1397497609446068
GENE_1570,GENE_1570,-0.5203590878797009,0.1594008095381699,0.7296324509676523,Not Significant,6.620340574380347,7.140699662260048,0.13689585866706555
GENE_89,GENE_89,0.5334309253501459,0.15965874820548556,0.7299240580975848,Not Significant,7.157673174823373,6.624242249473227,0.13672232188611627
GENE_4172,GENE_4172,-0.5512199287192425,0.1598943483800086,0.7300013766530712,Not Significant,6.384334493703787,6.93555442242303,0.13667632087643647
GENE_4491,GENE_4491,0.5320450789680136,0.16006416560993364,0.7300013766530712,Not Significant,7.145667327685391,6.613622248717378,0.13667632087643647
GENE_2945,GENE_2945,0.5412493630034092,0.1605041733575317,0.7302356942828137,Not Significant,7.220789021640859,6.67953965863745,0.1365369423378297
GENE_1728,GENE_1728,0.554733700491747,0.16041956598097892,0.7302356942828137,Not Significant,7.0838459773338345,6.5291122768420875,0.1365369423378297
GENE_735,GENE_735,-0.5106071077455567,0.16082950740240845,0.7308310626581027,Not Significant,6.676815111763089,7.187422219508646,0.13618300202241188
BRAF,BRAF,0.5308010693732532,0.1611397625152468,0.7312706862721917,Not Significant,7.536787566177511,7.005986496804258,0.13592183536201133
GENE_865,GENE_865,-0.5173835981509729,0.16131543345387092,0.7312706862721917,Not Significant,6.929432316528862,7.446815914679835,0.13592183536201133
GENE_3433,GENE_3433,-0.5303297286964508,0.16163135158446898,0.7318200231981138,Not Significant,6.5917575739507495,7.1220873026472,0.13559571203240472
GENE_2825,GENE_2825,0.5203782220494855,0.16261561325621154,0.7319937425406488,Not Significant,7.195902473550598,6.675524251501113,0.13549263149855156
GENE_1859,GENE_1859,0.49657506992442535,0.162643633587398,0.7319937425406488,Not Significant,7.231872706858602,6.735297636934177,0.13549263149855156
GENE_2168,GENE_2168,-0.5425462389182378,0.16259161916722284,0.7319937425406488,Not Significant,6.460020526506242,7.00256676542448,0.13549263149855156
GENE_1074,GENE_1074,-0.4984501187907382,0.162217364584129,0.7319937425406488,Not Significant,7.130230961977246,7.628681080767985,0.13549263149855156
GENE_1832,GENE_1832,-0.5249674526293715,0.1625766949301187,0.7319937425406488,Not Significant,6.763829459401579,7.288796912030951,0.13549263149855156
GENE_2052,GENE_2052,0.5287552870002399,0.16388340440884727,0.7333222384961886,Not Significant,6.886572949909525,6.3578176629092855,0.13470514452881943
GENE_3546,GENE_3546,0.506789342858931,0.16383339603833283,0.7333222384961886,Not Significant,7.571153232171666,7.064363889312735,0.13470514452881943
GENE_1185,GENE_1185,-0.5495139834097733,0.16360934462864338,0.7333222384961886,Not Significant,6.577581802161499,7.127095785571273,0.13470514452881943
GENE_2711,GENE_2711,-0.5066332870385146,0.16352323254225662,0.7333222384961886,Not Significant,6.596862175082213,7.103495462120728,0.13470514452881943
GENE_800,GENE_800,-0.5347575109982952,0.16391449716253284,0.7333222384961886,Not Significant,6.851739487984764,7.386496998983059,0.13470514452881943
GENE_2060,GENE_2060,-0.5135986659239995,0.16436286270407396,0.7344537907751605,Not Significant,6.332629279362697,6.846227945286697,0.13403552328102789
GENE_2377,GENE_2377,-0.5172094217993397,0.1653743313336068,0.7351291343171099,Not Significant,6.4192093714200285,6.936418793219368,0.13363636513990312
GENE_2567,GENE_2567,-0.5010147880066267,0.1654649375364172,0.7351291343171099,Not Significant,6.638928140739578,7.139942928746205,0.13363636513990312
GENE_2635,GENE_2635,0.504046109658387,0.16568770004432998,0.7351291343171099,Not Significant,7.361760151351415,6.857714041693028,0.13363636513990312
GENE_1514,GENE_1514,0.5385278893224514,0.1654456856813064,0.7351291343171099,Not Significant,7.1786793066162895,6.640151417293838,0.13363636513990312
GENE_591,GENE_591,-0.5119124194329556,0.16515639670414914,0.7351291343171099,Not Significant,6.736271018347121,7.248183437780076,0.13363636513990312
GENE_3886,GENE_3886,-0.5237001646051596,0.16567020767265547,0.7351291343171099,Not Significant,6.529933174276333,7.053633338881492,0.13363636513990312
GENE_1615,GENE_1615,-0.49322779289625895,0.1670011567190091,0.7363707892471614,Not Significant,6.9654836976136085,7.4587114905098675,0.13290344765360904
GENE_3170,GENE_3170,0.506518766078969,0.16699301155901866,0.7363707892471614,Not Significant,7.424420149677887,6.9179013835989185,0.13290344765360904
GENE_2270,GENE_2270,0.5122793489498756,0.16730312792382357,0.7363707892471614,Not Significant,7.219153944318797,6.706874595368921,0.13290344765360904
GENE_3739,GENE_3739,0.5082308259228467,0.16690192584910826,0.7363707892471614,Not Significant,7.510946733307149,7.002715907384302,0.13290344765360904
GENE_3823,GENE_3823,0.5438479072132694,0.16654903181018688,0.7363707892471614,Not Significant,7.303435813479355,6.759587906266086,0.13290344765360904
GENE_3412,GENE_3412,0.5327264684524842,0.1672672219526179,0.7363707892471614,Not Significant,7.095035038394635,6.562308569942151,0.13290344765360904
GENE_1324,GENE_1324,0.5474335664207066,0.16733918414504412,0.7363707892471614,Not Significant,7.032568674676715,6.485135108256008,0.13290344765360904
GENE_3295,GENE_3295,0.5011559802001706,0.16787682957880387,0.737872661470345,Not Significant,7.446840413326299,6.945684433126129,0.13201858017208282
GENE_3948,GENE_3948,0.5489794963376715,0.1682551954631939,0.7386717576526667,Not Significant,7.362536091295994,6.813556594958323,0.13154850545996513
GENE_2457,GENE_2457,0.534657157197266,0.16895299061754065,0.7400062223085289,Not Significant,7.239860079282625,6.705202922085359,0.13076462850835135
GENE_1939,GENE_1939,0.4881588966928625,0.1688547448752911,0.7400062223085289,Not Significant,7.545400311520179,7.057241414827317,0.13076462850835135
GENE_1916,GENE_1916,0.48446381209989564,0.17025994066899167,0.7401735985384892,Not Significant,7.149016637888666,6.66455282578877,0.13066640993739184
GENE_619,GENE_619,-0.5098664308873833,0.17062057310997872,0.7401735985384892,Not Significant,6.508275918644714,7.018142349532098,0.13066640993739184
GENE_2856,GENE_2856,-0.5337752981795729,0.17056028978982574,0.7401735985384892,Not Significant,6.766576655489702,7.300351953669275,0.13066640993739184
GENE_4841,GENE_4841,0.5388149533549278,0.17002035383219005,0.7401735985384892,Not Significant,7.612406641600697,7.073591688245769,0.13066640993739184
GENE_4453,GENE_4453,-0.4945163776675088,0.16997692031777797,0.7401735985384892,Not Significant,6.622187837841241,7.11670421550875,0.13066640993739184
GENE_729,GENE_729,-0.48058766434282063,0.17076383979054555,0.7401735985384892,Not Significant,6.680062299022766,7.160649963365587,0.13066640993739184
GENE_3201,GENE_3201,0.4910711989546357,0.169921884992143,0.7401735985384892,Not Significant,7.331730035327927,6.840658836373291,0.13066640993739184
GENE_773,GENE_773,-0.526159399701096,0.17027029448953773,0.7401735985384892,Not Significant,6.994433461249146,7.520592860950242,0.13066640993739184
GENE_2311,GENE_2311,0.5365732174853886,0.16929330250906816,0.7401735985384892,Not Significant,7.12254364006375,6.585970422578361,0.13066640993739184
GENE_1466,GENE_1466,-0.5186298391557038,0.17127802854365318,0.7415470406302404,Not Significant,6.845819564539586,7.36444940369529,0.12986129394356338
GENE_1209,GENE_1209,-0.4990763074573632,0.17180346704561647,0.7424883618474278,Not Significant,6.907465369555393,7.406541677012756,0.12931034931722005
GENE_1078,GENE_1078,0.48292647224016605,0.17189060000193246,0.7424883618474278,Not Significant,6.966539681815976,6.48361320957581,0.12931034931722005
GENE_3441,GENE_3441,-0.5140246519555047,0.17262014451725738,0.7439294760273546,Not Significant,6.739288387723688,7.253313039679193,0.12846823330342255
GENE_1576,GENE_1576,-0.4819290483200209,0.17247900987238143,0.7439294760273546,Not Significant,6.632689138140262,7.114618186460283,0.12846823330342255
GENE_539,GENE_539,0.5231280116715427,0.17286911754088977,0.7441490764245862,Not Significant,7.523545557301883,7.000417545630341,0.12834005291768066
GENE_987,GENE_987,0.5390693722592763,0.1756594476806325,0.7461226855423412,Not Significant,7.004126326980555,6.465056954721279,0.12718975527098303
GENE_4574,GENE_4574,0.518993633735306,0.17364298147484855,0.7461226855423412,Not Significant,6.882435890163371,6.363442256428065,0.12718975527098303
GENE_1460,GENE_1460,-0.5292151904895901,0.17518777003719457,0.7461226855423412,Not Significant,6.664965516814931,7.194180707304521,0.12718975527098303
GENE_893,GENE_893,0.5106491461600413,0.17414777386902758,0.7461226855423412,Not Significant,7.484238660622224,6.973589514462183,0.12718975527098303
GENE_2818,GENE_2818,-0.49397505528970775,0.17531376808397506,0.7461226855423412,Not Significant,6.885771116176471,7.379746171466179,0.12718975527098303
GENE_4537,GENE_4537,0.5254846251265963,0.1751527976492825,0.7461226855423412,Not Significant,7.227878762789109,6.7023941376625125,0.12718975527098303
GENE_1112,GENE_1112,0.49295294445307913,0.1756318500129248,0.7461226855423412,Not Significant,7.3758851227713915,6.882932178318312,0.12718975527098303
GENE_1680,GENE_1680,0.4855925350329855,0.17590864805495324,0.7461226855423412,Not Significant,7.324763741490336,6.83917120645735,0.12718975527098303
GENE_4040,GENE_4040,-0.562589725732181,0.17477333569679945,0.7461226855423412,Not Significant,6.475181419373969,7.03777114510615,0.12718975527098303
GENE_3190,GENE_3190,-0.481956828530576,0.1758439866063346,0.7461226855423412,Not Significant,6.71171922348039,7.193676052010966,0.12718975527098303
GENE_3478,GENE_3478,-0.5167353402775134,0.17469131355383502,0.7461226855423412,Not Significant,6.786791726342995,7.303527066620508,0.12718975527098303
GENE_474,GENE_474,-0.4802186837213185,0.1738267944704263,0.7461226855423412,Not Significant,7.234004111676558,7.714222795397877,0.12718975527098303
GENE_2425,GENE_2425,0.49130705660744667,0.17501943937248832,0.7461226855423412,Not Significant,7.333509777070046,6.842202720462599,0.12718975527098303
GENE_3804,GENE_3804,-0.4915244041353626,0.17724724070364886,0.7467374857390098,Not Significant,6.537521551853231,7.029045955988593,0.1268320468223052
GENE_4163,GENE_4163,-0.5309932605930454,0.17721117527542607,0.7467374857390098,Not Significant,6.819078204417787,7.350071465010832,0.1268320468223052
GENE_3690,GENE_3690,-0.4858922679827007,0.17742586206574154,0.7467374857390098,Not Significant,6.832902642547873,7.318794910530574,0.1268320468223052
GENE_2220,GENE_2220,0.475009348018661,0.1764705311909366,0.7467374857390098,Not Significant,7.10753906409144,6.632529716072779,0.1268320468223052
GENE_4543,GENE_4543,-0.4810727395987042,0.1769565888403974,0.7467374857390098,Not Significant,6.806447306540402,7.2875200461391065,0.1268320468223052
GENE_3406,GENE_3406,0.4813371114042271,0.17643314518314038,0.7467374857390098,Not Significant,7.123501455589056,6.642164344184829,0.1268320468223052
GENE_4641,GENE_4641,-0.47954283849495205,0.17744453825570403,0.7467374857390098,Not Significant,6.90590351768215,7.385446356177102,0.1268320468223052
GENE_2218,GENE_2218,-0.4783866697394368,0.1782283977733391,0.7475249094109468,Not Significant,6.610786975788295,7.089173645527731,0.1263743309774754
GENE_756,GENE_756,-0.5434894335106701,0.17792536215549837,0.7475249094109468,Not Significant,6.8863969263965625,7.429886359907233,0.1263743309774754
GENE_1475,GENE_1475,0.5163753979172192,0.1780686678515425,0.7475249094109468,Not Significant,7.101928827328991,6.585553429411772,0.1263743309774754
GENE_586,GENE_586,0.49093585236640624,0.18006805177642882,0.7488962769509204,Not Significant,7.535508805084235,7.044572952717829,0.12557832845167444
GENE_4593,GENE_4593,0.5890170441145717,0.17903551721303299,0.7488962769509204,Not Significant,7.240772651701992,6.65175560758742,0.12557832845167444
GENE_3393,GENE_3393,0.5175964677478362,0.18014960999564453,0.7488962769509204,Not Significant,7.233046773381911,6.715450305634075,0.12557832845167444
GENE_1215,GENE_1215,-0.4977009531789962,0.17886614306626744,0.7488962769509204,Not Significant,6.762526858291307,7.260227811470303,0.12557832845167444
GENE_4063,GENE_4063,0.5169191866439959,0.1795070900190093,0.7488962769509204,Not Significant,7.220041401812746,6.70312221516875,0.12557832845167444
GENE_1590,GENE_1590,0.5073191114617135,0.18010542184377346,0.7488962769509204,Not Significant,6.999483325824574,6.492164214362861,0.12557832845167444
GENE_4840,GENE_4840,0.48358016705776574,0.17964258765559876,0.7488962769509204,Not Significant,7.188510876736646,6.70493070967888,0.12557832845167444
GENE_119,GENE_119,0.5368925403330138,0.17981609954299746,0.7488962769509204,Not Significant,7.453210660531314,6.916318120198301,0.12557832845167444
GENE_2281,GENE_2281,-0.5067470204180822,0.18035396390605596,0.7489173440430478,Not Significant,6.943563136611714,7.450310157029796,0.1255661115486726
GENE_2991,GENE_2991,-0.4820831730142672,0.1810044276284112,0.7499329940557412,Not Significant,7.063928205667501,7.546011378681768,0.12497753875743726
GENE_2058,GENE_2058,0.5639210511564485,0.1812892780622452,0.7499329940557412,Not Significant,7.294161293026127,6.730240241869678,0.12497753875743726
GENE_2446,GENE_2446,0.523235775660396,0.18082877011614967,0.7499329940557412,Not Significant,6.784757541189269,6.261521765528873,0.12497753875743726
GENE_4954,GENE_4954,0.4994663069701879,0.1815462926610348,0.7499329940557412,Not Significant,7.301403399624755,6.801937092654567,0.12497753875743726
GENE_3479,GENE_3479,-0.49408383203231665,0.18159633437752115,0.7499329940557412,Not Significant,6.726126449890064,7.22021028192238,0.12497753875743726
GENE_3744,GENE_3744,-0.5057766462537696,0.1827365630080244,0.7519338315182584,Not Significant,6.938975652850183,7.4447522991039525,0.123820374662131
GENE_947,GENE_947,-0.5112824420025737,0.18264939303858024,0.7519338315182584,Not Significant,6.7224110863507205,7.233693528353294,0.123820374662131
GENE_3540,GENE_3540,-0.517641901687413,0.18233587764742082,0.7519338315182584,Not Significant,6.83666133466236,7.354303236349773,0.123820374662131
GENE_345,GENE_345,0.5054617095701435,0.18289951268479354,0.7519338315182584,Not Significant,7.487055580651498,6.981593871081355,0.123820374662131
GENE_3039,GENE_3039,-0.47739832070682287,0.18328137032217262,0.7519338315182584,Not Significant,6.727675767834163,7.205074088540986,0.123820374662131
GENE_4263,GENE_4263,0.4993092459280115,0.18315285460920663,0.7519338315182584,Not Significant,7.150395061931781,6.65108581600377,0.123820374662131
GENE_4227,GENE_4227,0.4850773640208139,0.18379308584143214,0.7524503091257332,Not Significant,7.134103964933881,6.649026600913067,0.12352217504980409
GENE_3367,GENE_3367,0.4689610431335014,0.18420816508666166,0.7524503091257332,Not Significant,7.246178090983383,6.777217047849882,0.12352217504980409
GENE_1953,GENE_1953,0.47143538735557655,0.1838301091531018,0.7524503091257332,Not Significant,7.046077258164479,6.574641870808902,0.12352217504980409
GENE_432,GENE_432,0.5099124566002011,0.18403898924767947,0.7524503091257332,Not Significant,7.638008985796532,7.1280965291963305,0.12352217504980409
GENE_769,GENE_769,0.5253071698013585,0.18482351486600473,0.7541441572925579,Not Significant,7.226608885654739,6.70130171585338,0.12254562928598682
GENE_665,GENE_665,0.46467003624565706,0.18558440004013527,0.7547902330636671,Not Significant,7.445192299402831,6.980522263157174,0.12217372821298621
GENE_3827,GENE_3827,0.5033105847191628,0.1854688354514663,0.7547902330636671,Not Significant,7.254185001184755,6.750874416465592,0.12217372821298621
GENE_3859,GENE_3859,0.47394249105733266,0.18526157195008,0.7547902330636671,Not Significant,7.186653549368662,6.71271105831133,0.12217372821298621
GENE_1762,GENE_1762,0.46560934004445986,0.18586207037747732,0.7551023356524971,Not Significant,6.9908724717085935,6.525263131664134,0.12199418638748759
GENE_1796,GENE_1796,0.4673567852787537,0.1875777664374189,0.7551505066287975,Not Significant,7.250868352192471,6.783511566913718,0.1219664819017001
GENE_1517,GENE_1517,0.4744081012994572,0.18867641986723122,0.7551505066287975,Not Significant,7.452825481755472,6.978417380456015,0.1219664819017001
GENE_3586,GENE_3586,-0.4613756639401272,0.18813108838880171,0.7551505066287975,Not Significant,6.774245834960936,7.235621498901063,0.1219664819017001
GENE_3102,GENE_3102,0.49104142484973323,0.18847750015802947,0.7551505066287975,Not Significant,7.431674075633594,6.9406326507838605,0.1219664819017001
GENE_1932,GENE_1932,0.5171116845365544,0.18671366348082408,0.7551505066287975,Not Significant,7.321048545909623,6.803936861373068,0.1219664819017001
GENE_2472,GENE_2472,-0.49219371807294543,0.1869169342580059,0.7551505066287975,Not Significant,6.629546607535693,7.121740325608639,0.1219664819017001
GENE_1621,GENE_1621,-0.49431320971207793,0.1884403726503997,0.7551505066287975,Not Significant,6.307391173543081,6.801704383255159,0.1219664819017001
GENE_4444,GENE_4444,0.5258448640576061,0.1876978646312317,0.7551505066287975,Not Significant,7.061613363380237,6.535768499322631,0.1219664819017001
GENE_2881,GENE_2881,-0.47164914771799626,0.1878308875974162,0.7551505066287975,Not Significant,6.973504533694214,7.445153681412211,0.1219664819017001
GENE_244,GENE_244,0.5467619286460197,0.18674329459466565,0.7551505066287975,Not Significant,7.135227692481692,6.588465763835672,0.1219664819017001
GENE_2644,GENE_2644,0.49349888170890654,0.1879346313462282,0.7551505066287975,Not Significant,7.450743899019149,6.9572450173102425,0.1219664819017001
GENE_736,GENE_736,0.4797972785804303,0.18849392071635554,0.7551505066287975,Not Significant,6.849932300874457,6.3701350222940265,0.1219664819017001
GENE_272,GENE_272,-0.4929732195019625,0.18672313830548107,0.7551505066287975,Not Significant,6.735419425045875,7.228392644547838,0.1219664819017001
GENE_1713,GENE_1713,-0.5007400196865408,0.1886871542640875,0.7551505066287975,Not Significant,6.575784973429909,7.07652499311645,0.1219664819017001
GENE_2403,GENE_2403,0.5411551999734723,0.18920307843766285,0.756064143568343,Not Significant,7.04706800813152,6.5059128081580475,0.12144135791670087
GENE_1194,GENE_1194,0.5050670796910781,0.18931781774821999,0.756064143568343,Not Significant,7.333360821116955,6.828293741425877,0.12144135791670087
GENE_2145,GENE_2145,0.5095978607586753,0.189541127298676,0.7561523953167988,Not Significant,7.360540297311612,6.850942436552937,0.12139066775900102
GENE_270,GENE_270,-0.4625306962474527,0.1899001157173809,0.7567811610455116,Not Significant,6.814688704064542,7.277219400311995,0.12102968759438919
GENE_1393,GENE_1393,0.5146995495261706,0.19025696688886265,0.7574000864071461,Not Significant,7.197918466373554,6.683218916847383,0.120674649669187
GENE_1183,GENE_1183,0.4602003285733627,0.19200690183875505,0.7635217058621468,Not Significant,6.958062378259842,6.497862049686479,0.11717861204284548
GENE_385,GENE_385,-0.45826016412942305,0.19220104676572405,0.7635217058621468,Not Significant,6.724855608769429,7.183115772898852,0.11717861204284548
GENE_3647,GENE_3647,-0.5089802562457031,0.19257145553739932,0.7641853536531643,Not Significant,6.81450502678473,7.323485283030433,0.11680129023903378
GENE_3975,GENE_3975,-0.4705726128970271,0.1929130644850937,0.7643232611976536,Not Significant,7.1774481502096785,7.648020763106706,0.11672292301863983
GENE_3808,GENE_3808,0.5200239732603489,0.19362313588615385,0.7643232611976536,Not Significant,7.3836412335714465,6.863617260311098,0.11672292301863983
GENE_4673,GENE_4673,0.46176468495654,0.19311015832640033,0.7643232611976536,Not Significant,7.438188930521269,6.976424245564729,0.11672292301863983
GENE_1577,GENE_1577,0.5553478357606529,0.19348621712568811,0.7643232611976536,Not Significant,7.1671023685135,6.611754532752847,0.11672292301863983
GENE_4855,GENE_4855,0.48526036117759297,0.19347017958265816,0.7643232611976536,Not Significant,7.293928361679344,6.8086680005017515,0.11672292301863983
GENE_2709,GENE_2709,-0.4901104755303205,0.19422921825748257,0.7651083880624943,Not Significant,6.663575115098371,7.153685590628691,0.11627703673779685
GENE_4017,GENE_4017,0.5050502393872671,0.19413676809836627,0.7651083880624943,Not Significant,7.031363238546418,6.526312999159151,0.11627703673779685
GENE_1187,GENE_1187,0.4865990031639589,0.19466724207671982,0.7660308855751969,Not Significant,7.190141231274532,6.703542228110573,0.11575371970882312
GENE_666,GENE_666,-0.48146173798311054,0.19548785873686406,0.7668292497234144,Not Significant,6.522016864355627,7.003478602338737,0.11530132986908816
GENE_2274,GENE_2274,0.5263991271807704,0.19568633594591653,0.7668292497234144,Not Significant,7.596645912863447,7.070246785682676,0.11530132986908816
GENE_1519,GENE_1519,0.4834207096573824,0.19546675981891024,0.7668292497234144,Not Significant,7.1560239300863815,6.672603220428999,0.11530132986908816
GENE_2927,GENE_2927,0.5235333570701322,0.19553863112578027,0.7668292497234144,Not Significant,7.50465684337283,6.981123486302698,0.11530132986908816
GENE_2210,GENE_2210,-0.5038985391584259,0.1968147572795602,0.7686997367617124,Not Significant,6.671093771427127,7.174992310585552,0.11424326765319298
GENE_610,GENE_610,-0.5014659746664183,0.19736436398338716,0.7686997367617124,Not Significant,7.089221574612442,7.590687549278861,0.11424326765319298
GENE_2717,GENE_2717,-0.5261124355171978,0.197390964868295,0.7686997367617124,Not Significant,6.865660818642425,7.391773254159623,0.11424326765319298
GENE_3676,GENE_3676,-0.4996508563384259,0.1972332986558693,0.7686997367617124,Not Significant,7.337489572040389,7.837140428378815,0.11424326765319298
GENE_784,GENE_784,0.5175763973038441,0.1966242498110952,0.7686997367617124,Not Significant,7.0856212526128,6.568044855308956,0.11424326765319298
GENE_3657,GENE_3657,-0.4966903819145845,0.19652580214520593,0.7686997367617124,Not Significant,6.594539367233093,7.0912297491476775,0.11424326765319298
GENE_1723,GENE_1723,-0.49055209001311617,0.1985395032539181,0.7715733745896838,Not Significant,6.760364327564964,7.25091641757808,0.11262276737896798
GENE_4885,GENE_4885,-0.5061295245520654,0.19849829663271173,0.7715733745896838,Not Significant,6.385788983892515,6.89191850844458,0.11262276737896798
GENE_1105,GENE_1105,0.46653761883622646,0.19946216516690268,0.7743582817120045,Not Significant,7.137692588152116,6.671154969315889,0.11105805253632761
GENE_4831,GENE_4831,-0.5036826407751249,0.19967077199134908,0.7743681745546851,Not Significant,6.3313230491952055,6.83500568997033,0.11105250422665781
GENE_3167,GENE_3167,0.4862090177169982,0.200607071734726,0.7752139466298508,Not Significant,7.553962376941681,7.067753359224683,0.11057842263182575
GENE_4882,GENE_4882,-0.45813137772436985,0.20092027249001457,0.7752139466298508,Not Significant,6.588241448211599,7.046372825935969,0.11057842263182575
GENE_2038,GENE_2038,-0.5108923045519917,0.20027214149270411,0.7752139466298508,Not Significant,6.562505413627974,7.073397718179966,0.11057842263182575
GENE_4649,GENE_4649,0.5030708329169142,0.20064134278291954,0.7752139466298508,Not Significant,7.33127196693143,6.828201134014516,0.11057842263182575
GENE_3822,GENE_3822,-0.4900358232444679,0.20074715742898855,0.7752139466298508,Not Significant,6.451679093412238,6.941714916656706,0.11057842263182575
GENE_1178,GENE_1178,-0.4583761398140478,0.203226671991455,0.7753561759836425,Not Significant,6.413567393919901,6.8719435337339485,0.11049874945511637
GENE_1367,GENE_1367,0.4660258612841046,0.20226433011423903,0.7753561759836425,Not Significant,7.3970509999570035,6.931025138672899,0.11049874945511637
GENE_2486,GENE_2486,-0.4859062156471836,0.2030822176285018,0.7753561759836425,Not Significant,6.773332574979043,7.259238790626227,0.11049874945511637
GENE_1964,GENE_1964,-0.4936541700256205,0.20301428634624316,0.7753561759836425,Not Significant,6.728570394728181,7.222224564753802,0.11049874945511637
GENE_2915,GENE_2915,-0.46274613573674017,0.20182164223683444,0.7753561759836425,Not Significant,6.860725383542913,7.323471519279654,0.11049874945511637
GENE_4238,GENE_4238,0.510136210924693,0.2024403519898702,0.7753561759836425,Not Significant,7.492910470988841,6.982774260064148,0.11049874945511637
GENE_4751,GENE_4751,0.49275220775186934,0.20286086030911027,0.7753561759836425,Not Significant,7.091752689169659,6.599000481417789,0.11049874945511637
GENE_2302,GENE_2302,0.488186743321795,0.20141174948895416,0.7753561759836425,Not Significant,7.42933210191532,6.941145358593525,0.11049874945511637
GENE_4045,GENE_4045,0.46969160964475964,0.20256472913504017,0.7753561759836425,Not Significant,7.162982743571477,6.693291133926717,0.11049874945511637
GENE_499,GENE_499,0.5033393798735082,0.20191132018186328,0.7753561759836425,Not Significant,7.29399451484971,6.790655134976202,0.11049874945511637
GENE_2769,GENE_2769,0.4787717107879148,0.20290110076826046,0.7753561759836425,Not Significant,7.08571350516785,6.606941794379935,0.11049874945511637
GENE_4672,GENE_4672,0.49295139415080325,0.20377557889576592,0.7761072276680854,Not Significant,7.111971270985919,6.619019876835115,0.11007827208273442
GENE_3578,GENE_3578,0.47720536311415973,0.2038365709708356,0.7761072276680854,Not Significant,7.249388583006062,6.772183219891902,0.11007827208273442
GENE_1705,GENE_1705,0.46489773464114137,0.20407574848605994,0.7762314400917139,Not Significant,7.297322412550886,6.832424677909745,0.11000877079232509
GENE_126,GENE_126,0.4864213237457218,0.20495514119839445,0.7787880896092683,Not Significant,7.543474863405172,7.05705353965945,0.10858069898113486
CEACAM5,CEACAM5,0.43452570892823594,0.20542168352692874,0.7789855567045391,Not Significant,7.626656596351787,7.192130887423551,0.10847059457604898
GENE_4448,GENE_4448,-0.5009471803023011,0.2053252049198145,0.7789855567045391,Not Significant,6.679104460577839,7.18005164088014,0.10847059457604898
GENE_2318,GENE_2318,0.45944344129540493,0.20595053101284228,0.7794180216981482,Not Significant,7.06140635981166,6.601962918516255,0.10822955667320419
GENE_382,GENE_382,0.4909716590041642,0.20575654572163699,0.7794180216981482,Not Significant,7.158740033303891,6.667768374299727,0.10822955667320419
GENE_2160,GENE_2160,-0.48158177021308557,0.20641973351165657,0.7804078053690194,Not Significant,6.547969947840014,7.029551718053099,0.1076783955925601
GENE_299,GENE_299,0.4739518575892303,0.20678971633608847,0.7810208582824327,Not Significant,7.249858769281217,6.775906911691987,0.10733736751066447
GENE_2935,GENE_2935,0.5120041330514455,0.20756900906829903,0.7831770442556906,Not Significant,6.823702425231335,6.31169829217989,0.10614005064719284
GENE_1149,GENE_1149,-0.47568021849535835,0.20849279236399398,0.783603277229088,Not Significant,6.418468929517994,6.894149148013352,0.10590375634303305
GENE_258,GENE_258,-0.48944164156567904,0.21018611042220728,0.783603277229088,Not Significant,6.7944745957646075,7.283916237330287,0.10590375634303305
GENE_868,GENE_868,0.5142050288930697,0.2103731539056776,0.783603277229088,Not Significant,7.305139673323459,6.790934644430389,0.10590375634303305
GENE_1046,GENE_1046,-0.4471641417745884,0.20873482920544917,0.783603277229088,Not Significant,6.709377613787987,7.156541755562575,0.10590375634303305
GENE_2491,GENE_2491,-0.5224579161337273,0.21056909741549967,0.783603277229088,Not Significant,6.811873388255805,7.334331304389532,0.10590375634303305
GENE_615,GENE_615,0.4656769757883552,0.2096267931516399,0.783603277229088,Not Significant,7.242857171314514,6.777180195526158,0.10590375634303305
GENE_141,GENE_141,-0.48540917425814634,0.21080971614651622,0.783603277229088,Not Significant,6.770447843921513,7.255857018179659,0.10590375634303305
GENE_2374,GENE_2374,-0.47864430000756464,0.20924316900445222,0.783603277229088,Not Significant,6.757563911474307,7.2362082114818715,0.10590375634303305
GENE_1646,GENE_1646,-0.4583548376573363,0.2084834197732148,0.783603277229088,Not Significant,6.698910945725177,7.157265783382513,0.10590375634303305
GENE_624,GENE_624,-0.45804525060979273,0.2102305211360566,0.783603277229088,Not Significant,6.896579526626117,7.35462477723591,0.10590375634303305
GENE_2095,GENE_2095,0.4466553216197795,0.21045831394027104,0.783603277229088,Not Significant,7.513188443732371,7.066533122112592,0.10590375634303305
GENE_1382,GENE_1382,-0.48846172930915355,0.2107452077858078,0.783603277229088,Not Significant,6.978921460874814,7.467383190183967,0.10590375634303305
GENE_4628,GENE_4628,0.4639156570087257,0.20946038683149115,0.783603277229088,Not Significant,6.7804819893696076,6.316566332360882,0.10590375634303305
GENE_1717,GENE_1717,-0.44978031240647365,0.20865916893492956,0.783603277229088,Not Significant,6.516234280343965,6.966014592750438,0.10590375634303305
GENE_4096,GENE_4096,-0.4464202486290558,0.20940941736037963,0.783603277229088,Not Significant,6.633793856258294,7.08021410488735,0.10590375634303305
GENE_2616,GENE_2616,-0.464508650761684,0.2126449733574483,0.7846122553996265,Not Significant,6.683554132142995,7.148062782904679,0.10534491260864504
GENE_330,GENE_330,0.44408830814609246,0.21348630504715513,0.7846122553996265,Not Significant,7.245560743917788,6.801472435771696,0.10534491260864504
GENE_2630,GENE_2630,0.4860043725276899,0.21190467674893268,0.7846122553996265,Not Significant,7.319056973609736,6.833052601082046,0.10534491260864504
GENE_2490,GENE_2490,-0.4556108900602096,0.2131687956431244,0.7846122553996265,Not Significant,6.8845950770485,7.34020596710871,0.10534491260864504
GENE_3072,GENE_3072,0.4496067489705329,0.21302864459142368,0.7846122553996265,Not Significant,7.208905545557667,6.759298796587134,0.10534491260864504
GENE_3223,GENE_3223,-0.4827466796729425,0.21313792210001012,0.7846122553996265,Not Significant,6.633160733886077,7.11590741355902,0.10534491260864504
GENE_2578,GENE_2578,-0.4648702435560681,0.21314303816486158,0.7846122553996265,Not Significant,6.622590684077448,7.087460927633516,0.10534491260864504
GENE_2202,GENE_2202,0.46618026491663134,0.2125132980369529,0.7846122553996265,Not Significant,7.23655116538883,6.770370900472199,0.10534491260864504
GENE_2740,GENE_2740,0.5037448056855451,0.21270032591147311,0.7846122553996265,Not Significant,7.142708766821198,6.638963961135653,0.10534491260864504
GENE_1708,GENE_1708,-0.43878086891523704,0.2133641743640191,0.7846122553996265,Not Significant,7.007757393062009,7.446538261977246,0.10534491260864504
GENE_59,GENE_59,-0.47747838337302273,0.21379535644737027,0.7846122553996265,Not Significant,6.634113459357994,7.111591842731016,0.10534491260864504
GENE_2518,GENE_2518,-0.4397938468531404,0.2136206465639933,0.7846122553996265,Not Significant,6.726722809408965,7.166516656262106,0.10534491260864504
GENE_4262,GENE_4262,0.45194984538986915,0.2129436311393839,0.7846122553996265,Not Significant,7.008543347046713,6.5565935016568435,0.10534491260864504
GENE_4706,GENE_4706,-0.47141523029279764,0.21426114900941332,0.7855545346120735,Not Significant,6.771941401751627,7.243356632044424,0.10482366007151721
GENE_2920,GENE_2920,0.4926065946923064,0.21459832792070527,0.786023895054591,Not Significant,7.426332670821655,6.933726076129348,0.10456425124734188
GENE_3230,GENE_3230,0.4405741471473643,0.2148120921380349,0.786040742214932,Not Significant,7.639676567685029,7.199102420537665,0.1045549429420742
GENE_1740,GENE_1740,0.44385140067709195,0.21517176125739018,0.7864924826671503,Not Significant,7.029343438340397,6.585492037663305,0.10430542402833255
GENE_2301,GENE_2301,-0.4495569772943133,0.215570255809441,0.7864924826671503,Not Significant,6.630558146786685,7.080115124080998,0.10430542402833255
GENE_4702,GENE_4702,0.4420800592357734,0.21573601524828032,0.7864924826671503,Not Significant,7.389642202465138,6.947562143229365,0.10430542402833255
GENE_2018,GENE_2018,0.4736386439054776,0.2157726848402959,0.7864924826671503,Not Significant,7.396063994564989,6.922425350659512,0.10430542402833255
GENE_2445,GENE_2445,-0.4563973958637657,0.2162867521444515,0.7867267933746385,Not Significant,6.8216691647225565,7.278066560586322,0.10417605891106625
GENE_3757,GENE_3757,0.5084496851771325,0.21646500914033426,0.7867267933746385,Not Significant,7.14570037529062,6.637250690113487,0.10417605891106625
GENE_4653,GENE_4653,-0.47565543767077934,0.21619033615266164,0.7867267933746385,Not Significant,6.592240224106403,7.067895661777182,0.10417605891106625
GENE_1394,GENE_1394,-0.4496074526298832,0.21697674284284352,0.7878247339163342,Not Significant,6.645733094984538,7.095340547614422,0.10357038855003327
GENE_605,GENE_605,-0.4509920395127347,0.2172079452385892,0.7879029519368901,Not Significant,6.895234758661735,7.346226798174469,0.10352727240116354
GENE_948,GENE_948,-0.4332966410565051,0.21802596193673973,0.7901075843377704,Not Significant,6.788022927888473,7.2213195689449785,0.1023137693385838
GENE_4043,GENE_4043,-0.4448266670597274,0.2189224517421152,0.7903079477875783,Not Significant,6.890755114390756,7.335581781450483,0.10220365052574747
GENE_477,GENE_477,-0.46606907219292726,0.21864923882777182,0.7903079477875783,Not Significant,6.925358119616187,7.391427191809115,0.10220365052574747
GENE_2166,GENE_2166,0.44574777453802295,0.2188066345689764,0.7903079477875783,Not Significant,7.345196322202519,6.8994485476644964,0.10220365052574747
GENE_2603,GENE_2603,0.43323162762949874,0.21873777006969614,0.7903079477875783,Not Significant,6.9548211534572095,6.521589525827711,0.10220365052574747
GENE_142,GENE_142,-0.4971369668031862,0.22001983543272047,0.793157422117576,Not Significant,6.6009275723270076,7.098064539130194,0.10064060742147576
GENE_1322,GENE_1322,-0.43167605455571767,0.2203449570757715,0.793157422117576,Not Significant,6.614310421121609,7.045986475677327,0.10064060742147576
GENE_556,GENE_556,0.45926991388157035,0.22033041132387704,0.793157422117576,Not Significant,6.811295682417439,6.352025768535869,0.10064060742147576
GENE_1203,GENE_1203,0.4685541002968314,0.22079228647612492,0.7940070933753851,Not Significant,7.2620609055087915,6.79350680521196,0.10017561772400295
GENE_1993,GENE_1993,-0.5230965978581139,0.22185116251928455,0.7970522645769325,Not Significant,6.9525417414110215,7.4756383392691355,0.0985131999675552
GENE_2269,GENE_2269,-0.4802821420055947,0.22225406500914013,0.7977371311407341,Not Significant,6.7148680034079575,7.195150145413552,0.09814019298797295
GENE_1882,GENE_1882,0.4973611187105389,0.22313940038650432,0.7981537670332384,Not Significant,6.904451981806253,6.407090863095714,0.09791343228221884
GENE_1704,GENE_1704,0.45296572626106446,0.22282919108925706,0.7981537670332384,Not Significant,6.917056383345172,6.464090657084108,0.09791343228221884
GENE_1488,GENE_1488,-0.4274710774836068,0.2232196937604932,0.7981537670332384,Not Significant,6.48246851298864,6.909939590472247,0.09791343228221884
GENE_442,GENE_442,-0.48861177092362773,0.2230106470308828,0.7981537670332384,Not Significant,6.661748837717713,7.150360608641341,0.09791343228221884
GENE_1814,GENE_1814,0.5036753331765418,0.2236265731424969,0.7985160422747684,Not Significant,7.7768784431904665,7.273203110013925,0.09771635441413447
GENE_4962,GENE_4962,-0.42757782645084497,0.22374597991360592,0.7985160422747684,Not Significant,7.120827265699169,7.548405092150014,0.09771635441413447
GENE_4632,GENE_4632,0.4476656178199523,0.2240438147330533,0.798820356515004,Not Significant,7.24560335689234,6.797937739072387,0.09755087643842687
GENE_2455,GENE_2455,-0.4385553728484304,0.22431515276441732,0.7990297100366638,Not Significant,6.709730800758638,7.148286173607068,0.09743707216899335
GENE_2801,GENE_2801,0.4518111189618299,0.22490035641817474,0.8003556244502847,Not Significant,7.222989571677263,6.771178452715433,0.0967169987347648
GENE_337,GENE_337,-0.42630984824309337,0.2255920207678374,0.8015005664900361,Not Significant,6.958628704778895,7.384938553021988,0.09609616635611237
GENE_2433,GENE_2433,0.5263483019140534,0.2256486427212502,0.8015005664900361,Not Significant,7.062939235450025,6.5365909335359715,0.09609616635611237
GENE_2864,GENE_2864,0.4813271570500124,0.22618162271302372,0.8026350690798331,Not Significant,7.1974722220325145,6.716145064982502,0.09548186880461283
GENE_4117,GENE_4117,0.4703523766741773,0.22656515659361062,0.80323760233848,Not Significant,7.398970907741274,6.928618531067097,0.09515596889196033
GENE_2898,GENE_2898,0.42754333077878304,0.22806750728708208,0.8033551107832837,Not Significant,7.07133209191328,6.643788761134497,0.09509243907655723
GENE_1182,GENE_1182,-0.4322869982344466,0.22797186833086472,0.8033551107832837,Not Significant,6.8120495800389005,7.244336578273347,0.09509243907655723
GENE_3766,GENE_3766,0.4931953914497811,0.22746177310081953,0.8033551107832837,Not Significant,7.368684243479064,6.8754888520292825,0.09509243907655723
GENE_2469,GENE_2469,0.4306695503412241,0.2273055962748525,0.8033551107832837,Not Significant,7.352841384292237,6.922171833951013,0.09509243907655723
GENE_4903,GENE_4903,-0.5037315661109645,0.2277323469847252,0.8033551107832837,Not Significant,6.829343896507296,7.33307546261826,0.09509243907655723
GENE_4145,GENE_4145,-0.42359781015330533,0.22824410586945315,0.8033551107832837,Not Significant,6.74648554375704,7.1700833539103455,0.09509243907655723
GENE_3983,GENE_3983,-0.4866568177736905,0.22783021835733855,0.8033551107832837,Not Significant,6.770936584371714,7.257593402145405,0.09509243907655723
GENE_4723,GENE_4723,0.43476547877423233,0.22830847746581875,0.8033551107832837,Not Significant,7.209642796659576,6.774877317885344,0.09509243907655723
GENE_1139,GENE_1139,0.4291532734152481,0.22862427872492364,0.8037137880713405,Not Significant,7.23718239271714,6.808029119301892,0.09489858109114717
GENE_810,GENE_810,-0.4299751919851369,0.22917519454120894,0.8048975524166946,Not Significant,6.642108797255393,7.07208398924053,0.09425939323647622
GENE_512,GENE_512,0.44938312741357844,0.2303209090394456,0.8064171963884819,Not Significant,7.277503696136997,6.828120568723419,0.0934402197167578
GENE_1937,GENE_1937,-0.4350930279419911,0.2302942387757354,0.8064171963884819,Not Significant,6.599123280442425,7.0342163083844165,0.0934402197167578
GENE_1752,GENE_1752,-0.4755568583358576,0.23137745898140363,0.8064171963884819,Not Significant,6.720454630066925,7.196011488402783,0.0934402197167578
GENE_963,GENE_963,-0.43105124210663526,0.23052871516909013,0.8064171963884819,Not Significant,6.463578273721337,6.8946295158279725,0.0934402197167578
GENE_2909,GENE_2909,-0.4255175699091156,0.23094187191543847,0.8064171963884819,Not Significant,6.944964339390338,7.370481909299453,0.0934402197167578
GENE_957,GENE_957,0.44758726088828027,0.2310356199787063,0.8064171963884819,Not Significant,7.0602301468202135,6.612642885931933,0.0934402197167578
GENE_4748,GENE_4748,0.47247528356768864,0.2313795410525051,0.8064171963884819,Not Significant,7.360110090628581,6.887634807060892,0.0934402197167578
GENE_807,GENE_807,-0.4677176908420151,0.23167756168983833,0.8064171963884819,Not Significant,6.618788824591438,7.086506515433453,0.0934402197167578
GENE_2550,GENE_2550,0.4217796207073299,0.23175374457146364,0.8064171963884819,Not Significant,7.22347821677752,6.80169859607019,0.0934402197167578
GENE_2887,GENE_2887,0.4246004448951588,0.22994333147534862,0.8064171963884819,Not Significant,7.2443407320102216,6.819740287115063,0.0934402197167578
GENE_1604,GENE_1604,0.4501438016363961,0.2325446883927545,0.8076736959149459,Not Significant,7.320829829030671,6.8706860273942745,0.09276406086636342
GENE_1091,GENE_1091,-0.44110422083722245,0.23241258797881678,0.8076736959149459,Not Significant,6.5773475723109245,7.018451793148147,0.09276406086636342
GENE_4830,GENE_4830,-0.42151779145013535,0.23279124564725406,0.8077834728923183,Not Significant,6.843223659448705,7.26474145089884,0.09270503666379486
GENE_681,GENE_681,0.43082860999522943,0.23380583817094494,0.8104019593610987,Not Significant,7.378080707409954,6.947252097414725,0.09129951762472004
GENE_3027,GENE_3027,-0.45940867740067937,0.23397714899063124,0.8104019593610987,Not Significant,7.076984535601912,7.536393213002591,0.09129951762472004
GENE_3340,GENE_3340,0.4376180306916444,0.23439901744347977,0.8111155686488001,Not Significant,6.7646520735010345,6.32703404280939,0.09091726261909963
GENE_2470,GENE_2470,-0.4662149043031034,0.2356044192610572,0.8141226977758852,Not Significant,6.845833975537376,7.3120488798404795,0.08931013693963953
GENE_637,GENE_637,-0.44485634833326504,0.2357013026024915,0.8141226977758852,Not Significant,7.0623679952315905,7.507224343564856,0.08931013693963953
GENE_3742,GENE_3742,0.43733401654597515,0.2359196885503831,0.81412873238966,Not Significant,6.764710593876485,6.32737657733051,0.08930691778145024
GENE_1873,GENE_1873,0.4389638533954292,0.23849185080870156,0.815658811157574,Not Significant,7.2651756697416365,6.826211816346207,0.08849146798415417
GENE_3543,GENE_3543,0.45897106992067815,0.24090312636604014,0.815658811157574,Not Significant,6.854821271165295,6.395850201244617,0.08849146798415417
GENE_899,GENE_899,0.43573717554427027,0.2430915030592025,0.815658811157574,Not Significant,6.892479713124241,6.456742537579971,0.08849146798415417
GENE_4733,GENE_4733,0.4412306858141912,0.23762925165565976,0.815658811157574,Not Significant,7.456012492477924,7.014781806663732,0.08849146798415417
GENE_3981,GENE_3981,0.4277573461962936,0.2403165789242698,0.815658811157574,Not Significant,7.400990728328199,6.973233382131905,0.08849146798415417
GENE_361,GENE_361,-0.4479492860646337,0.23809416467030275,0.815658811157574,Not Significant,6.747771022528236,7.19572030859287,0.08849146798415417
GENE_932,GENE_932,-0.4729917448298204,0.24017241239867226,0.815658811157574,Not Significant,6.462689407422652,6.935681152252473,0.08849146798415417
GENE_4619,GENE_4619,-0.4403738549085272,0.24295675557289736,0.815658811157574,Not Significant,6.793882261387323,7.2342561162958505,0.08849146798415417
GENE_4819,GENE_4819,-0.4491754588629773,0.2421913160469758,0.815658811157574,Not Significant,6.642216779884567,7.091392238747544,0.08849146798415417
GENE_4956,GENE_4956,0.41803328260919415,0.24230864013428985,0.815658811157574,Not Significant,7.224236859682143,6.8062035770729485,0.08849146798415417
GENE_3864,GENE_3864,0.4450687093984529,0.2374269391442994,0.815658811157574,Not Significant,6.907870098264157,6.462801388865704,0.08849146798415417
GENE_1998,GENE_1998,-0.46967704166402413,0.23776781793537702,0.815658811157574,Not Significant,6.615407991401844,7.085085033065869,0.08849146798415417
GENE_3499,GENE_3499,0.46487718208679407,0.23862984451735406,0.815658811157574,Not Significant,7.200117857352344,6.73524067526555,0.08849146798415417
GENE_2174,GENE_2174,0.4276058449461795,0.24022936657072794,0.815658811157574,Not Significant,7.248119234303906,6.8205133893577266,0.08849146798415417
GENE_1198,GENE_1198,-0.4163011401576604,0.2422294577905342,0.815658811157574,Not Significant,6.581648729944817,6.997949870102477,0.08849146798415417
GENE_4682,GENE_4682,0.45681197091660497,0.24303013298050194,0.815658811157574,Not Significant,7.452843398070479,6.996031427153874,0.08849146798415417
GENE_3387,GENE_3387,0.43110888225400235,0.24036844176246805,0.815658811157574,Not Significant,7.121205424471905,6.690096542217903,0.08849146798415417
GENE_1158,GENE_1158,0.420323679664377,0.23855756174416665,0.815658811157574,Not Significant,7.467993421829034,7.047669742164657,0.08849146798415417
GENE_1313,GENE_1313,-0.4302107855048982,0.2387257697773116,0.815658811157574,Not Significant,6.7800643609619495,7.210275146466848,0.08849146798415417
GENE_4953,GENE_4953,-0.4183776078466366,0.2420090487174708,0.815658811157574,Not Significant,6.7365143853124625,7.154891993159099,0.08849146798415417
GENE_4213,GENE_4213,-0.44482161521269514,0.24115498339943808,0.815658811157574,Not Significant,6.7596303908129345,7.20445200602563,0.08849146798415417
GENE_4541,GENE_4541,0.4336583668768199,0.23946298042873676,0.815658811157574,Not Significant,7.121175436053346,6.687517069176526,0.08849146798415417
GENE_1133,GENE_1133,-0.44700191654406485,0.24197291949818098,0.815658811157574,Not Significant,6.63717117027822,7.084173086822285,0.08849146798415417
GENE_3349,GENE_3349,-0.4251441013969446,0.24030238644503912,0.815658811157574,Not Significant,6.788399383809779,7.213543485206723,0.08849146798415417
GENE_428,GENE_428,0.45479804710301686,0.24131271902206608,0.815658811157574,Not Significant,7.243830187629756,6.789032140526739,0.08849146798415417
GENE_2962,GENE_2962,0.4433254373515041,0.23771108158169624,0.815658811157574,Not Significant,7.2422070260609,6.798881588709396,0.08849146798415417
GENE_4868,GENE_4868,0.44963081993479026,0.24221973497073654,0.815658811157574,Not Significant,7.1947411349438966,6.745110315009106,0.08849146798415417
GENE_3037,GENE_3037,0.4146709432736131,0.2425747824528702,0.815658811157574,Not Significant,7.073973537987055,6.659302594713442,0.08849146798415417
GENE_3431,GENE_3431,-0.4215408453919034,0.24145804411841454,0.815658811157574,Not Significant,6.911518167317322,7.333059012709225,0.08849146798415417
GENE_3239,GENE_3239,-0.4284769019362953,0.23973604434232998,0.815658811157574,Not Significant,6.892440793473367,7.320917695409662,0.08849146798415417
GENE_137,GENE_137,0.44090285844465704,0.24238066215558865,0.815658811157574,Not Significant,7.264746601031637,6.82384374258698,0.08849146798415417
GENE_3680,GENE_3680,0.45542185323073614,0.24428041629038033,0.8189168638887148,Not Significant,7.285442321111773,6.830020467881037,0.08676018540322836
GENE_3711,GENE_3711,-0.4246655805800099,0.24462254529630223,0.8193329101813759,Not Significant,6.583139078827981,7.007804659407991,0.08653960046451713
GENE_2098,GENE_2098,0.440833395410559,0.2457322762271269,0.8206354043564862,Not Significant,7.335368966093261,6.894535570682702,0.08584975036572583
GENE_4060,GENE_4060,0.4195945362157616,0.24524173309182729,0.8206354043564862,Not Significant,7.331336591493371,6.911742055277609,0.08584975036572583
GENE_3112,GENE_3112,0.42499839105860904,0.24588490295513662,0.8206354043564862,Not Significant,7.261924624148702,6.836926233090093,0.08584975036572583
GENE_4791,GENE_4791,0.41631499466589794,0.24574460732574965,0.8206354043564862,Not Significant,7.0065211186959795,6.5902061240300815,0.08584975036572583
GENE_1318,GENE_1318,0.4331133431182286,0.24635750796169584,0.8214831543212537,Not Significant,7.006461570398103,6.573348227279874,0.08540133796274203
GENE_2094,GENE_2094,-0.44077881530514595,0.2471186389174228,0.8221196975647223,Not Significant,6.6260321306104535,7.066810945915599,0.08506494619798526
GENE_335,GENE_335,0.40688167281306686,0.2470452043422829,0.8221196975647223,Not Significant,7.1786466542481016,6.771764981435035,0.08506494619798526
GENE_4557,GENE_4557,-0.40813879715045065,0.24720469884197344,0.8221196975647223,Not Significant,6.927784437975822,7.335923235126272,0.08506494619798526
GENE_1891,GENE_1891,-0.4204137175683913,0.2478223549407062,0.8233663752796092,Not Significant,6.8050933634579005,7.225507081026292,0.08440687273894232
GENE_3720,GENE_3720,-0.44394162920482305,0.24801775859939265,0.8233663752796092,Not Significant,6.367167371460918,6.811109000665741,0.08440687273894232
GENE_1326,GENE_1326,0.44722737504713095,0.2489160902348358,0.8241644644075004,Not Significant,6.956038557031519,6.508811181984388,0.0839861149320812
GENE_1261,GENE_1261,0.433008671078146,0.2488890942389485,0.8241644644075004,Not Significant,7.1695586016434145,6.7365499305652685,0.0839861149320812
GENE_1014,GENE_1014,0.4324491331846474,0.24887833192484535,0.8241644644075004,Not Significant,7.296083459000599,6.863634325815951,0.0839861149320812
GENE_3304,GENE_3304,-0.4338854788937878,0.2504834659319421,0.8251716017447686,Not Significant,6.6517057221755325,7.08559120106932,0.08345572667290896
GENE_2320,GENE_2320,-0.4283444004862087,0.25029471395978936,0.8251716017447686,Not Significant,7.181046840080309,7.609391240566517,0.08345572667290896
GENE_451,GENE_451,0.4282678642212474,0.2501732682366016,0.8251716017447686,Not Significant,7.110449682721996,6.682181818500749,0.08345572667290896
GENE_4290,GENE_4290,0.41480332708321743,0.2505377321955245,0.8251716017447686,Not Significant,7.362109023261186,6.947305696177969,0.08345572667290896
GENE_506,GENE_506,-0.4539697615046032,0.24945685017676525,0.8251716017447686,Not Significant,7.093530765573217,7.54750052707782,0.08345572667290896
GENE_3159,GENE_3159,0.45576578597909556,0.24977539383345168,0.8251716017447686,Not Significant,7.514241257976256,7.05847547199716,0.08345572667290896
GENE_2792,GENE_2792,-0.4085973863084078,0.2511553619038472,0.8262137104146147,Not Significant,6.56841124466891,6.977008630977318,0.0829076024990994
GENE_2435,GENE_2435,-0.43228369319353455,0.25129384539752647,0.8262137104146147,Not Significant,6.666295929227505,7.098579622421039,0.0829076024990994
GENE_2941,GENE_2941,-0.43975022588551216,0.25223415543848504,0.8268189410440551,Not Significant,6.927537143122764,7.3672873690082765,0.08258958296795689
GENE_471,GENE_471,-0.4313490260753108,0.2521932128857107,0.8268189410440551,Not Significant,6.81020394855214,7.241552974627451,0.08258958296795689
GENE_4932,GENE_4932,-0.47359620757789145,0.2517111320607395,0.8268189410440551,Not Significant,6.80677716569719,7.280373373275081,0.08258958296795689
GENE_1442,GENE_1442,0.41978080051296196,0.2523678120800313,0.8268189410440551,Not Significant,7.237472265602514,6.817691465089552,0.08258958296795689
GENE_364,GENE_364,-0.4525796248897249,0.2526173219164468,0.8268189410440551,Not Significant,6.518350062709085,6.97092968759881,0.08258958296795689
GENE_4025,GENE_4025,0.42189942169923356,0.25279802109090455,0.8268189410440551,Not Significant,6.836537982617291,6.414638560918058,0.08258958296795689
GENE_1777,GENE_1777,0.41582211050133555,0.25326625621611976,0.8276300790088504,Not Significant,7.000864864034655,6.58504275353332,0.08216373391956854
GENE_2787,GENE_2787,-0.4297250072321255,0.25364917162941775,0.8281612397770217,Not Significant,6.936749831084736,7.3664748383168615,0.0818850995338028
GENE_4021,GENE_4021,0.4265909548736966,0.25407256754475327,0.828823531973249,Not Significant,6.87043128249989,6.4438403276261935,0.0815379269267277
GENE_3542,GENE_3542,0.410491632941417,0.25731249152862345,0.8299463002014592,Not Significant,6.9685579008251075,6.5580662678836905,0.0809500067572425
GENE_3719,GENE_3719,0.41622326837580115,0.2555002873496953,0.8299463002014592,Not Significant,7.147613137644963,6.731389869269162,0.0809500067572425
GENE_1816,GENE_1816,0.41604952164752884,0.25839200937618606,0.8299463002014592,Not Significant,7.40943179157053,6.993382269923001,0.0809500067572425
GENE_4410,GENE_4410,0.4463644549432155,0.2571652376940254,0.8299463002014592,Not Significant,7.319221621241496,6.872857166298281,0.0809500067572425
GENE_203,GENE_203,-0.4180210434958882,0.25613827144656254,0.8299463002014592,Not Significant,6.842032610913873,7.260053654409761,0.0809500067572425
GENE_3565,GENE_3565,-0.44215999079283375,0.2579302179604498,0.8299463002014592,Not Significant,6.982477052574196,7.42463704336703,0.0809500067572425
GENE_4785,GENE_4785,-0.41992933536995025,0.2569616675193303,0.8299463002014592,Not Significant,6.796844359894129,7.216773695264079,0.0809500067572425
GENE_1538,GENE_1538,-0.457622942745183,0.2583175389627959,0.8299463002014592,Not Significant,6.7319330761157286,7.189556018860912,0.0809500067572425
GENE_52,GENE_52,-0.40261285211217146,0.25798021659527853,0.8299463002014592,Not Significant,6.741826830037195,7.1444396821493665,0.0809500067572425
GENE_14,GENE_14,0.41297508793138604,0.2547849768065407,0.8299463002014592,Not Significant,7.076763509485234,6.663788421553848,0.0809500067572425
GENE_3030,GENE_3030,-0.40394906941021524,0.25724413357168363,0.8299463002014592,Not Significant,6.932227382364527,7.336176451774742,0.0809500067572425
GENE_590,GENE_590,-0.42896345013143744,0.2557466758456204,0.8299463002014592,Not Significant,6.973053947842193,7.402017397973631,0.0809500067572425
GENE_3399,GENE_3399,0.48212230279229207,0.25723144940588394,0.8299463002014592,Not Significant,7.111501282799091,6.629378980006799,0.0809500067572425
GENE_2000,GENE_2000,0.4433969855781976,0.25815820821315216,0.8299463002014592,Not Significant,7.4443172289997905,7.000920243421593,0.0809500067572425
GENE_3416,GENE_3416,0.42575211909807464,0.2557832683205154,0.8299463002014592,Not Significant,6.936824732497123,6.511072613399048,0.0809500067572425
GENE_1023,GENE_1023,-0.45607282791995285,0.25742722444303656,0.8299463002014592,Not Significant,6.741569723362996,7.197642551282949,0.0809500067572425
GENE_136,GENE_136,0.4286268235148256,0.25804717984869663,0.8299463002014592,Not Significant,7.229894165089503,6.801267341574677,0.0809500067572425
GENE_1670,GENE_1670,-0.4155476753223004,0.25647725591527154,0.8299463002014592,Not Significant,6.592478280590135,7.008025955912435,0.0809500067572425
GENE_1994,GENE_1994,0.42831906632039374,0.25865364966645155,0.8299688457663491,Not Significant,7.429255034503707,7.000935968183313,0.08093820926934385
GENE_2358,GENE_2358,-0.4442884359255155,0.2588407363592765,0.8299688457663491,Not Significant,6.742944538384715,7.187232974310231,0.08093820926934385
GENE_4846,GENE_4846,-0.410176724172997,0.259247606695977,0.8303879047294973,Not Significant,6.832320085076693,7.24249680924969,0.08071898529943805
GENE_778,GENE_778,-0.4310072473467965,0.2594133582098004,0.8303879047294973,Not Significant,6.845848515668669,7.276855763015465,0.08071898529943805
GENE_936,GENE_936,0.39728546946100085,0.2620600063026626,0.832930180266254,Not Significant,7.414146993165553,7.016861523704552,0.07939140146948032
GENE_329,GENE_329,0.4713371913683613,0.2643693229741958,0.832930180266254,Not Significant,7.315049107293038,6.843711915924676,0.07939140146948032
GENE_2362,GENE_2362,0.4233911089099056,0.2640117494453841,0.832930180266254,Not Significant,6.997905965532448,6.574514856622542,0.07939140146948032
GENE_2373,GENE_2373,0.4009462838308018,0.2649043386679237,0.832930180266254,Not Significant,7.354208771045289,6.953262487214487,0.07939140146948032
GENE_1572,GENE_1572,-0.4745729662892515,0.262104926161094,0.832930180266254,Not Significant,6.663248036130626,7.137821002419877,0.07939140146948032
GENE_3786,GENE_3786,-0.39934641175951313,0.26448082893946534,0.832930180266254,Not Significant,6.593604801751612,6.992951213511125,0.07939140146948032
GENE_3310,GENE_3310,0.4004864671856252,0.26480006375125825,0.832930180266254,Not Significant,7.13431848420832,6.733832017022695,0.07939140146948032
GENE_1818,GENE_1818,-0.4135387811494109,0.26064305261831905,0.832930180266254,Not Significant,6.625351145761177,7.038889926910588,0.07939140146948032
GENE_2520,GENE_2520,-0.39402375837703296,0.2624456313497775,0.832930180266254,Not Significant,6.5076940059396,6.901717764316633,0.07939140146948032
GENE_3343,GENE_3343,0.42446415632049117,0.2655362396903102,0.832930180266254,Not Significant,7.00506781852702,6.580603662206529,0.07939140146948032
GENE_1991,GENE_1991,0.39980601960675255,0.2656746658144682,0.832930180266254,Not Significant,7.1766846612040345,6.776878641597282,0.07939140146948032
GENE_1465,GENE_1465,0.40545219505574437,0.26446708157720034,0.832930180266254,Not Significant,7.365340648228222,6.959888453172478,0.07939140146948032
GENE_2702,GENE_2702,0.40041285625765344,0.2657486125969235,0.832930180266254,Not Significant,7.0821281395613385,6.681715283303685,0.07939140146948032
GENE_3158,GENE_3158,-0.46790199348458295,0.2626888077776501,0.832930180266254,Not Significant,6.632531407791621,7.100433401276204,0.07939140146948032
GENE_3346,GENE_3346,-0.42144244338032966,0.26484234465181733,0.832930180266254,Not Significant,6.684843853591499,7.106286296971828,0.07939140146948032
GENE_2748,GENE_2748,-0.3945152579838149,0.2646207721629084,0.832930180266254,Not Significant,6.9133736719656635,7.3078889299494785,0.07939140146948032
GENE_3132,GENE_3132,-0.42740594744660054,0.2635953768808947,0.832930180266254,Not Significant,6.823838560279262,7.251244507725863,0.07939140146948032
GENE_2713,GENE_2713,0.41978513954691543,0.2643144606133435,0.832930180266254,Not Significant,7.132024857788504,6.712239718241588,0.07939140146948032
GENE_749,GENE_749,-0.40136209379293764,0.2622604286379486,0.832930180266254,Not Significant,6.953741108799024,7.355103202591962,0.07939140146948032
GENE_3461,GENE_3461,-0.39685339083180704,0.265352919097583,0.832930180266254,Not Significant,6.96519545560361,7.3620488464354175,0.07939140146948032
GENE_945,GENE_945,0.39393547240108084,0.2631985977736073,0.832930180266254,Not Significant,7.002098390150205,6.608162917749124,0.07939140146948032
GENE_4495,GENE_4495,-0.4434321217159942,0.2620332393645016,0.832930180266254,Not Significant,6.697780500519938,7.1412126222359325,0.07939140146948032
GENE_448,GENE_448,-0.4115716262323277,0.262857872131613,0.832930180266254,Not Significant,6.771193995686092,7.18276562191842,0.07939140146948032
GENE_4485,GENE_4485,0.408785138769451,0.26412159910446964,0.832930180266254,Not Significant,7.190138083946868,6.781352945177417,0.07939140146948032
GENE_1029,GENE_1029,-0.4108228444275266,0.26486715968404256,0.832930180266254,Not Significant,6.76973806490419,7.180560909331716,0.07939140146948032
GENE_3207,GENE_3207,0.4113456962671478,0.26758240070083106,0.8350077614680803,Not Significant,7.35635945915796,6.945013762890812,0.07830948769353212
GENE_658,GENE_658,0.39340170948656095,0.267568442972572,0.8350077614680803,Not Significant,7.445898494570714,7.052496785084153,0.07830948769353212
GENE_489,GENE_489,0.4118792403310545,0.2669147815661503,0.8350077614680803,Not Significant,7.322606787709095,6.91072754737804,0.07830948769353212
GENE_3014,GENE_3014,-0.41058540307963476,0.2677446387889933,0.8350077614680803,Not Significant,6.854074688695072,7.264660091774707,0.07830948769353212
GENE_1986,GENE_1986,0.4121827014799626,0.26740019580609464,0.8350077614680803,Not Significant,6.907723409986957,6.4955407085069945,0.07830948769353212
GENE_4291,GENE_4291,0.446831360799103,0.26685211775051676,0.8350077614680803,Not Significant,7.271652566768726,6.824821205969623,0.07830948769353212
GENE_3283,GENE_3283,0.4012110099322985,0.2685587701836399,0.8361589547225508,Not Significant,7.559653452332175,7.158442442399877,0.0777111548614366
GENE_2793,GENE_2793,0.40932826343160045,0.26855662857519486,0.8361589547225508,Not Significant,6.976073732186387,6.566745468754786,0.0777111548614366
GENE_4944,GENE_4944,-0.4166937417576353,0.2689090542922044,0.8365564785017419,Not Significant,6.970590742009946,7.387284483767582,0.07750473315509121
GENE_2439,GENE_2439,0.4118477094818358,0.26921911177261715,0.8366121700913828,Not Significant,7.476414104860396,7.06456639537856,0.07747582208255976
GENE_659,GENE_659,0.4090154495722613,0.2703301963151504,0.8366121700913828,Not Significant,7.366562454535461,6.9575470049631996,0.07747582208255976
GENE_3813,GENE_3813,0.41861889046918854,0.27048170246000075,0.8366121700913828,Not Significant,6.749047688341232,6.3304287978720435,0.07747582208255976
GENE_3721,GENE_3721,-0.4124835961297322,0.2696068755188727,0.8366121700913828,Not Significant,6.8911397520022515,7.303623348131984,0.07747582208255976
GENE_839,GENE_839,-0.4151734455320879,0.2704853077863305,0.8366121700913828,Not Significant,6.886207593734142,7.3013810392662295,0.07747582208255976
GENE_3707,GENE_3707,-0.4349893148554793,0.2697555601092351,0.8366121700913828,Not Significant,6.782935255944464,7.217924570799943,0.07747582208255976
GENE_1020,GENE_1020,-0.39913966974511705,0.2701372898807897,0.8366121700913828,Not Significant,6.955811632256511,7.354951302001628,0.07747582208255976
GENE_708,GENE_708,-0.45265098461325604,0.27169091868748896,0.8395627542310561,Not Significant,6.6732718410546115,7.1259228256678675,0.07594683639588233
GENE_883,GENE_883,0.39746381704792544,0.27188607554528876,0.8395627542310561,Not Significant,7.418375641981629,7.0209118249337035,0.07594683639588233
GENE_2651,GENE_2651,-0.4587496428910329,0.27252534674232526,0.8408458563691776,Not Significant,6.9285816679583725,7.387331310849405,0.0752836116503217
GENE_1094,GENE_1094,0.4321442685787771,0.27275905564170844,0.8408765636600003,Not Significant,7.281236322117431,6.849092053538654,0.07526775171196191
GENE_2390,GENE_2390,-0.4289270009845927,0.27313511788614575,0.8413457155869964,Not Significant,6.65144205015246,7.080369051137053,0.07502551250152609
GENE_1767,GENE_1767,0.3944243735055739,0.2739135557165723,0.8418168118557788,Not Significant,7.603390603335831,7.208966229830257,0.07478240524125374
GENE_2829,GENE_2829,0.38994016616201943,0.27408877075503757,0.8418168118557788,Not Significant,7.0852488961763145,6.695308730014295,0.07478240524125374
GENE_3860,GENE_3860,0.431508225147188,0.2741991085260138,0.8418168118557788,Not Significant,7.426062702183378,6.99455447703619,0.07478240524125374
GENE_3854,GENE_3854,0.3993486295443347,0.2744080879519236,0.8418168118557788,Not Significant,7.210462598610368,6.811113969066033,0.07478240524125374
GENE_2749,GENE_2749,-0.4272092847657252,0.2741291406614303,0.8418168118557788,Not Significant,6.952205330827325,7.37941461559305,0.07478240524125374
GENE_3446,GENE_3446,0.42442553675669803,0.27466806896614004,0.8419270825242694,Not Significant,7.2367292324436745,6.8123036956869765,0.07472552017331728
GENE_127,GENE_127,-0.39625175235994003,0.275224056994036,0.8422573340257226,Not Significant,6.888584589003769,7.284836341363709,0.0745551986750891
GENE_490,GENE_490,-0.40967815831786947,0.27515747105572497,0.8422573340257226,Not Significant,6.805212011465718,7.214890169783588,0.0745551986750891
GENE_4191,GENE_4191,-0.4463403199313918,0.27594772235277354,0.8424139241281259,Not Significant,7.080247354145187,7.526587674076579,0.07447446337761059
GENE_3520,GENE_3520,-0.4085607565329088,0.2759122184317439,0.8424139241281259,Not Significant,6.994453395476792,7.403014152009701,0.07447446337761059
GENE_1773,GENE_1773,-0.48119712277210525,0.27552610397276867,0.8424139241281259,Not Significant,6.638042544993964,7.119239667766069,0.07447446337761059
GENE_1629,GENE_1629,-0.3912623860269333,0.27636371556778655,0.8429990609608293,Not Significant,7.054922489914736,7.446184875941669,0.07417290914721171
GENE_3364,GENE_3364,-0.44709813060460135,0.2766233103888409,0.8431065697009442,Not Significant,6.435852733462022,6.882950864066624,0.07411752655219218
GENE_2170,GENE_2170,0.42706672252129874,0.2770404674702922,0.8436937412912141,Not Significant,7.134101630266921,6.707034907745622,0.07381517257440043
GENE_153,GENE_153,0.42626044139445884,0.2775144183594191,0.8440324555287038,Not Significant,7.273270609820737,6.847010168426278,0.07364085315394471
GENE_1138,GENE_1138,0.41778156383851517,0.27760088212705636,0.8440324555287038,Not Significant,7.194800515470119,6.777018951631604,0.07364085315394471
GENE_946,GENE_946,-0.4451129915060248,0.27824945855375943,0.8453205054527307,Not Significant,6.694636797820252,7.1397497893262765,0.07297859595164444
GENE_199,GENE_199,0.41213983033726986,0.27898492511567385,0.84550431337476,Not Significant,7.2014046563965755,6.789264826059306,0.0728841724895649
GENE_2648,GENE_2648,0.38982054181254,0.27883426818134915,0.84550431337476,Not Significant,7.338483545047024,6.948663003234484,0.0728841724895649
GENE_4003,GENE_4003,0.39954491230812295,0.2788118941203024,0.84550431337476,Not Significant,7.220702865958029,6.821157953649906,0.0728841724895649
GENE_2903,GENE_2903,-0.4047287540546325,0.279388240383906,0.8460443250303937,Not Significant,6.870313964668483,7.275042718723116,0.0726068832826835
GENE_2356,GENE_2356,0.4181118317340804,0.28035472181960897,0.8480472165087196,Not Significant,7.476782253995919,7.058670422261838,0.07157996696695239
GENE_806,GENE_806,0.38909606088153037,0.28050098193729067,0.8480472165087196,Not Significant,6.97402132847749,6.58492526759596,0.07157996696695239
GENE_3699,GENE_3699,0.40030889828221294,0.2809380220416535,0.8486857611194003,Not Significant,7.157189926404994,6.756881028122781,0.07125308416616254
GENE_888,GENE_888,-0.4051604938598903,0.2812385239246748,0.8489111428987373,Not Significant,6.762983329470168,7.168143823330058,0.07113776578471284
GENE_2171,GENE_2171,-0.39729821948519994,0.281528756365798,0.8491051897453201,Not Significant,6.937704194543736,7.335002414028936,0.07103850469581943
GENE_1664,GENE_1664,-0.43349648576887123,0.28340035902896343,0.8504508862740896,Not Significant,6.79889259164607,7.2323890774149415,0.07035076192917543
GENE_18,GENE_18,-0.39701839600728484,0.2823259126176691,0.8504508862740896,Not Significant,6.750046027508353,7.147064423515638,0.07035076192917543
GENE_1190,GENE_1190,0.4030671626755584,0.28378536758587236,0.8504508862740896,Not Significant,7.437693156893348,7.03462599421779,0.07035076192917543
GENE_3185,GENE_3185,0.4054632658350572,0.2830704615916017,0.8504508862740896,Not Significant,7.388892912149169,6.983429646314112,0.07035076192917543
GENE_1473,GENE_1473,0.39234942733341693,0.2834219413535097,0.8504508862740896,Not Significant,7.750983531226071,7.358634103892654,0.07035076192917543
GENE_2858,GENE_2858,0.4419297795069568,0.2824910988265605,0.8504508862740896,Not Significant,7.285962463257648,6.844032683750691,0.07035076192917543
GENE_2413,GENE_2413,0.4170597768604516,0.2828024149410816,0.8504508862740896,Not Significant,7.172975615003798,6.755915838143347,0.07035076192917543
GENE_475,GENE_475,0.37862978481971776,0.28364040691962605,0.8504508862740896,Not Significant,7.209082354410578,6.83045256959086,0.07035076192917543
GENE_3615,GENE_3615,0.3762270733843902,0.28591370835188806,0.8532184568429766,Not Significant,7.398395494303487,7.022168420919097,0.06893975845191092
GENE_4729,GENE_4729,-0.377286116229973,0.28567145969317387,0.8532184568429766,Not Significant,7.115792756432449,7.493078872662422,0.06893975845191092
GENE_1587,GENE_1587,0.3792329430107797,0.29016416083922314,0.8532184568429766,Not Significant,7.2785028288579845,6.899269885847205,0.06893975845191092
GENE_4549,GENE_4549,0.39342600417883933,0.28890656500579803,0.8532184568429766,Not Significant,6.871016456737514,6.477590452558674,0.06893975845191092
GENE_2367,GENE_2367,0.37360155239473336,0.2901659929812573,0.8532184568429766,Not Significant,7.405060196201492,7.031458643806759,0.06893975845191092
GENE_3078,GENE_3078,-0.43557759100025795,0.28561871530561656,0.8532184568429766,Not Significant,6.634753429172999,7.070331020173257,0.06893975845191092
GENE_3046,GENE_3046,-0.37994209832384573,0.2897150389719334,0.8532184568429766,Not Significant,6.669399697804717,7.049341796128563,0.06893975845191092
GENE_1320,GENE_1320,0.39604618262212377,0.287340767421873,0.8532184568429766,Not Significant,7.166235839562295,6.770189656940171,0.06893975845191092
GENE_3814,GENE_3814,0.41465104237870154,0.2857040296422153,0.8532184568429766,Not Significant,7.275639069855059,6.860988027476357,0.06893975845191092
GENE_2276,GENE_2276,-0.4085725602566539,0.2902315189820248,0.8532184568429766,Not Significant,6.536668171972257,6.9452407322289105,0.06893975845191092
GENE_757,GENE_757,-0.39032652411572943,0.28659906312735933,0.8532184568429766,Not Significant,6.84153063621464,7.231857160330369,0.06893975845191092
GENE_4538,GENE_4538,-0.40239344612285954,0.28654224751912555,0.8532184568429766,Not Significant,6.619164975180983,7.021558421303842,0.06893975845191092
GENE_201,GENE_201,-0.38218305574282674,0.28776454865808254,0.8532184568429766,Not Significant,6.5488188980168305,6.931001953759657,0.06893975845191092
GENE_3973,GENE_3973,-0.3979724875550765,0.28828155200449584,0.8532184568429766,Not Significant,6.7369201258114435,7.13489261336652,0.06893975845191092
GENE_4354,GENE_4354,-0.39017558648242723,0.29038488725443506,0.8532184568429766,Not Significant,6.88203498122461,7.272210567707037,0.06893975845191092
GENE_3857,GENE_3857,0.37599830497506215,0.2885887037307423,0.8532184568429766,Not Significant,7.264346055594364,6.888347750619302,0.06893975845191092
GENE_1907,GENE_1907,-0.413609927965612,0.2880651914281514,0.8532184568429766,Not Significant,6.715811377621321,7.129421305586933,0.06893975845191092
GENE_3890,GENE_3890,0.42543846842606303,0.28649601869766345,0.8532184568429766,Not Significant,7.292875280575883,6.86743681214982,0.06893975845191092
GENE_3653,GENE_3653,-0.3905865763257328,0.2855418055259246,0.8532184568429766,Not Significant,6.649425670662979,7.040012246988712,0.06893975845191092
GENE_2401,GENE_2401,-0.3863587304932219,0.2892247977247709,0.8532184568429766,Not Significant,6.968925648320573,7.355284378813795,0.06893975845191092
GENE_4137,GENE_4137,-0.37537969389528136,0.28878233949751386,0.8532184568429766,Not Significant,6.645599753017589,7.020979446912871,0.06893975845191092
GENE_112,GENE_112,0.39869209889756263,0.2888034266833413,0.8532184568429766,Not Significant,7.38235412328283,6.983662024385267,0.06893975845191092
GENE_1811,GENE_1811,-0.37518615330917626,0.2869751175924572,0.8532184568429766,Not Significant,6.6578339251244705,7.033020078433647,0.06893975845191092
GENE_2820,GENE_2820,-0.41267460942146617,0.28935954833135397,0.8532184568429766,Not Significant,6.699550174316081,7.112224783737547,0.06893975845191092
GENE_4571,GENE_4571,0.3886188957271157,0.28708051351227437,0.8532184568429766,Not Significant,7.591462474555066,7.202843578827951,0.06893975845191092
GENE_1276,GENE_1276,0.41979335450295796,0.29379683818390234,0.8543164204773678,Not Significant,7.0970270055111895,6.6772336510082315,0.06838124615468232
GENE_4284,GENE_4284,0.37454328033649986,0.292034125403951,0.8543164204773678,Not Significant,7.216650113334855,6.842106832998355,0.06838124615468232
GENE_290,GENE_290,0.3890912217601228,0.29333057449304706,0.8543164204773678,Not Significant,7.02310461623601,6.634013394475887,0.06838124615468232
GENE_3576,GENE_3576,0.3734228216589548,0.2939412271626494,0.8543164204773678,Not Significant,7.154558793870934,6.781135972211979,0.06838124615468232
GENE_2434,GENE_2434,0.3784789696634068,0.29321961405658087,0.8543164204773678,Not Significant,7.070665778505492,6.692186808842085,0.06838124615468232
GENE_4164,GENE_4164,-0.4079737976253277,0.2923511942639819,0.8543164204773678,Not Significant,6.821690975726456,7.229664773351784,0.06838124615468232
GENE_1702,GENE_1702,-0.40531402746036527,0.2936303003887621,0.8543164204773678,Not Significant,6.938197146633544,7.343511174093909,0.06838124615468232
GENE_4446,GENE_4446,0.3822968770086801,0.29284680372553545,0.8543164204773678,Not Significant,7.137990216152769,6.755693339144089,0.06838124615468232
GENE_2623,GENE_2623,-0.3742421265521516,0.2910750680890937,0.8543164204773678,Not Significant,6.953090374283705,7.3273325008358565,0.06838124615468232
GENE_3044,GENE_3044,0.3900383004461432,0.2916656388782506,0.8543164204773678,Not Significant,7.389875822195234,6.9998375217490905,0.06838124615468232
GENE_3008,GENE_3008,0.3995233711554338,0.29386105510108695,0.8543164204773678,Not Significant,7.180732913604648,6.781209542449214,0.06838124615468232
GENE_422,GENE_422,0.38416275971220504,0.2913066069192168,0.8543164204773678,Not Significant,6.868364105261356,6.484201345549151,0.06838124615468232
GENE_3181,GENE_3181,-0.40596533493519793,0.29219806633478773,0.8543164204773678,Not Significant,6.772198329312244,7.178163664247442,0.06838124615468232
GENE_2917,GENE_2917,-0.37282567907335284,0.29324033892984497,0.8543164204773678,Not Significant,6.870867055078749,7.243692734152102,0.06838124615468232
GENE_521,GENE_521,0.37832887704333107,0.2942574524122286,0.8545745797257768,Not Significant,6.954790376394019,6.576461499350688,0.06825002990054337
GENE_1264,GENE_1264,0.3906984707970569,0.29564552390216414,0.8571669898966009,Not Significant,6.841275247368439,6.450576776571382,0.06693456229399393
GENE_4257,GENE_4257,-0.4683809080699959,0.29583437623626696,0.8571669898966009,Not Significant,6.716124253662451,7.184505161732447,0.06693456229399393
GENE_2680,GENE_2680,-0.4140239156162213,0.29542367740313247,0.8571669898966009,Not Significant,6.731258514567459,7.145282430183681,0.06693456229399393
GENE_3420,GENE_3420,-0.3960384119397018,0.2963390551250834,0.8577154775847289,Not Significant,6.602463619483074,6.998502031422776,0.06665675295255456
GENE_3896,GENE_3896,0.37282365193733025,0.296936624890296,0.8577154775847289,Not Significant,7.4686140792808775,7.095790427343547,0.06665675295255456
GENE_4318,GENE_4318,-0.38154146446528525,0.29670089096539387,0.8577154775847289,Not Significant,6.869452938113511,7.2509944025787965,0.06665675295255456
GENE_1692,GENE_1692,0.38437302173014665,0.2967276639871296,0.8577154775847289,Not Significant,6.721310702314692,6.336937680584545,0.06665675295255456
GENE_3001,GENE_3001,-0.3877379778123222,0.2976906818015673,0.8579738735403223,Not Significant,6.9057384629137015,7.293476440726024,0.06652593680167594
GENE_4851,GENE_4851,0.41602526004200335,0.2972711819109893,0.8579738735403223,Not Significant,7.213577359468563,6.79755209942656,0.06652593680167594
GENE_2933,GENE_2933,-0.3978311700843751,0.297710998163007,0.8579738735403223,Not Significant,6.94400713346953,7.341838303553905,0.06652593680167594
GENE_1801,GENE_1801,0.37733553269138564,0.2980947626429693,0.8584215463695621,Not Significant,7.077573689010084,6.700238156318698,0.06629939011949498
GENE_4422,GENE_4422,0.38838164778380957,0.29838999872887184,0.8585262266288994,Not Significant,7.129661199112293,6.741279551328484,0.06624643328555317
GENE_4461,GENE_4461,0.39652358655233666,0.29941221927493095,0.8585262266288994,Not Significant,7.272859199201275,6.876335612648939,0.06624643328555317
GENE_4300,GENE_4300,-0.40693002961629965,0.29869820636195693,0.8585262266288994,Not Significant,6.898098703174385,7.305028732790684,0.06624643328555317
GENE_1232,GENE_1232,0.36945185542462955,0.2992158341595235,0.8585262266288994,Not Significant,7.326052691826272,6.956600836401642,0.06624643328555317
GENE_2906,GENE_2906,0.4073551592282234,0.2995018315887406,0.8585262266288994,Not Significant,7.0984326067367975,6.691077447508574,0.06624643328555317
GENE_4910,GENE_4910,0.37510685762724894,0.2990467129736365,0.8585262266288994,Not Significant,7.653857463132649,7.2787506055054,0.06624643328555317
GENE_3637,GENE_3637,0.38248780449344455,0.30031121958104623,0.8601902158426613,Not Significant,7.470744228507536,7.088256424014092,0.06540550159790962
GENE_3429,GENE_3429,-0.3903759113757621,0.30059058157820784,0.8603346577082293,Not Significant,6.41963024291479,6.810006154290552,0.06533258163460809
GENE_2305,GENE_2305,0.37350911464974335,0.30092493318971375,0.8603588113828183,Not Significant,7.033250907180307,6.659741792530563,0.06532038909970185
GENE_4166,GENE_4166,0.3894788252432262,0.30105690180106603,0.8603588113828183,Not Significant,7.192761102769347,6.803282277526121,0.06532038909970185
GENE_4803,GENE_4803,-0.4004827245147595,0.3013725160833592,0.8606063187243647,Not Significant,6.849190033121934,7.249672757636693,0.0651954695745764
GENE_1379,GENE_1379,0.3750617059144288,0.30189640794785405,0.861447760871705,Not Significant,7.061336881097602,6.686275175183173,0.06477105350676084
GENE_4093,GENE_4093,-0.3803534088477889,0.3021286502188698,0.8614563486513754,Not Significant,6.95744556254628,7.337798971394069,0.06476672404315102
GENE_1839,GENE_1839,-0.4121105000226466,0.3024968624580674,0.8618523192702178,Not Significant,6.745234469757872,7.157344969780518,0.06456714533622926
GENE_1292,GENE_1292,0.4218296178300722,0.30311814917283564,0.8629681852966032,Not Significant,7.395800484537243,6.9739708667071705,0.06400521495085931
GENE_268,GENE_268,-0.39139803439577836,0.30343831166874063,0.8632257193422613,Not Significant,6.512305008908921,6.9037030433046995,0.06387562856376712
GENE_4505,GENE_4505,-0.3766466341996644,0.3038033320055101,0.8636103794831368,Not Significant,6.724022021935656,7.10066865613532,0.06368214664678953
GENE_3129,GENE_3129,-0.37004279055287004,0.30543237324307615,0.8663316710358429,Not Significant,7.134652029614269,7.504694820167139,0.0623158085322166
GENE_278,GENE_278,-0.38089006812649817,0.30545222568453745,0.8663316710358429,Not Significant,6.911773429528926,7.2926634976554245,0.0623158085322166
GENE_4825,GENE_4825,0.3869851273433076,0.3051350001393472,0.8663316710358429,Not Significant,6.973718283175377,6.58673315583207,0.0623158085322166
GENE_72,GENE_72,-0.41614903192000696,0.3083425768407099,0.8666726445001964,Not Significant,6.8734310416270965,7.2895800735471035,0.062144911212887954
GENE_3962,GENE_3962,-0.3771749245044207,0.31077795130922936,0.8666726445001964,Not Significant,6.7320782646948265,7.109253189199247,0.062144911212887954
GENE_2672,GENE_2672,0.4147589917560053,0.3069767362176079,0.8666726445001964,Not Significant,6.931475056716208,6.516716064960202,0.062144911212887954
GENE_2636,GENE_2636,-0.3669231345477435,0.3099172108120357,0.8666726445001964,Not Significant,6.5412199978058565,6.9081431323536,0.062144911212887954
GENE_2173,GENE_2173,0.3622274264536438,0.31053850893492,0.8666726445001964,Not Significant,7.1144568306992495,6.752229404245606,0.062144911212887954
GENE_3469,GENE_3469,-0.39773983229978427,0.30874463559697546,0.8666726445001964,Not Significant,6.5383029660213845,6.936042798321169,0.062144911212887954
GENE_751,GENE_751,-0.3981214362463721,0.3069570608799725,0.8666726445001964,Not Significant,6.985388608583375,7.383510044829747,0.062144911212887954
GENE_2681,GENE_2681,0.389978477616058,0.3060387261208076,0.8666726445001964,Not Significant,6.967078595221278,6.57710011760522,0.062144911212887954
GENE_584,GENE_584,0.36889676837134555,0.3108767229340779,0.8666726445001964,Not Significant,7.434829238836159,7.065932470464814,0.062144911212887954
GENE_3538,GENE_3538,0.375561936141529,0.3107794490834911,0.8666726445001964,Not Significant,7.3052940797569,6.929732143615371,0.062144911212887954
GENE_4973,GENE_4973,-0.3874098947580098,0.30894968027511877,0.8666726445001964,Not Significant,6.896434773458412,7.283844668216422,0.062144911212887954
GENE_1227,GENE_1227,0.36472764403419866,0.3079600528344682,0.8666726445001964,Not Significant,7.227269315523126,6.862541671488927,0.062144911212887954
GENE_2004,GENE_2004,0.3611442403967473,0.30964067217794294,0.8666726445001964,Not Significant,7.195834115355374,6.8346898749586265,0.062144911212887954
GENE_4967,GENE_4967,-0.39548071464078216,0.30786457053089855,0.8666726445001964,Not Significant,6.823456951656435,7.218937666297217,0.062144911212887954
GENE_2303,GENE_2303,0.36923399536259804,0.3066389545671954,0.8666726445001964,Not Significant,7.2634897045155355,6.8942557091529375,0.062144911212887954
GENE_2316,GENE_2316,0.38989872047760876,0.3060113149775514,0.8666726445001964,Not Significant,7.135340326671355,6.745441606193746,0.062144911212887954
GENE_910,GENE_910,0.3777228213432675,0.30747535851431557,0.8666726445001964,Not Significant,7.315760609451157,6.93803778810789,0.062144911212887954
GENE_915,GENE_915,-0.3976506610786208,0.3094487891835679,0.8666726445001964,Not Significant,6.7652318037755155,7.162882464854136,0.062144911212887954
GENE_1757,GENE_1757,0.36824292689134097,0.3102539783127417,0.8666726445001964,Not Significant,7.496202889101623,7.127959962210282,0.062144911212887954
GENE_831,GENE_831,0.3852535949329958,0.3091830371257101,0.8666726445001964,Not Significant,6.957987221309713,6.572733626376717,0.062144911212887954
GENE_1606,GENE_1606,0.4193637955567029,0.309538317706957,0.8666726445001964,Not Significant,7.003907943261447,6.584544147704744,0.062144911212887954
GENE_324,GENE_324,-0.3848269502973505,0.3087875583076708,0.8666726445001964,Not Significant,7.025315492611196,7.410142442908547,0.062144911212887954
GENE_326,GENE_326,-0.43741682828521533,0.3102704906573581,0.8666726445001964,Not Significant,6.89733670077754,7.3347535290627555,0.062144911212887954
GENE_1436,GENE_1436,0.3612533448511943,0.31111323959662956,0.8666890692395358,Not Significant,7.183133192913959,6.821879848062765,0.06213668076265306
GENE_2304,GENE_2304,-0.3887475007323209,0.3115192148104012,0.8671771920425834,Not Significant,7.006380244732395,7.395127745464716,0.06189215319995817
GENE_3226,GENE_3226,0.3653081461867842,0.31303696044492885,0.8707571408971447,Not Significant,7.34832885820775,6.9830207120209655,0.060102955296933235
GENE_307,GENE_307,0.3682135062628076,0.3135919336976176,0.8714299736478465,Not Significant,7.6002267075093135,7.232013201246506,0.05976750617902663
GENE_2118,GENE_2118,0.38072698748320555,0.3139745035442214,0.8714299736478465,Not Significant,7.150120421213957,6.769393433730752,0.05976750617902663
GENE_421,GENE_421,0.403409169164882,0.31387880461767387,0.8714299736478465,Not Significant,7.227219678941525,6.823810509776643,0.05976750617902663
GENE_3607,GENE_3607,-0.3898552870774896,0.3144570228159946,0.8721250861568323,Not Significant,6.794828645113494,7.184683932190984,0.05942122110904751
GENE_1880,GENE_1880,-0.37948289348257447,0.3146992073739878,0.8721531130615385,Not Significant,7.08589415623264,7.465377049715214,0.0594072646999549
GENE_3922,GENE_3922,0.41691257184762165,0.3151888887632088,0.8728665025586873,Not Significant,7.383857249486923,6.966944677639301,0.059052172829873684
GENE_1984,GENE_1984,0.3999093618666798,0.3157243759383467,0.8737055999825528,Not Significant,6.976391789135986,6.5764824272693065,0.058634880685483476
GENE_4187,GENE_4187,-0.4366751559281763,0.316270291335632,0.8741349329793977,Not Significant,6.862178606757357,7.298853762685534,0.058421523743974815
GENE_1167,GENE_1167,-0.391785187511271,0.31634473359552445,0.8741349329793977,Not Significant,6.807732946657926,7.199518134169197,0.058421523743974815
GENE_4660,GENE_4660,-0.4088401343089627,0.31662339878543805,0.874262110680144,Not Significant,6.84438684820393,7.253226982512893,0.05835834293049428
GENE_1732,GENE_1732,-0.35771678161906184,0.31763564161216784,0.8757612968514495,Not Significant,7.054472515589936,7.4121892972089976,0.05761425180803891
GENE_4282,GENE_4282,0.3599589375079759,0.31785430967043815,0.8757612968514495,Not Significant,7.514698594192314,7.154739656684338,0.05761425180803891
GENE_1625,GENE_1625,0.3965344633921424,0.3178654627209625,0.8757612968514495,Not Significant,7.27791256233499,6.8813780989428475,0.05761425180803891
GENE_2449,GENE_2449,0.35445450584407734,0.3182471652608505,0.8761705839196163,Not Significant,7.087367097758777,6.732912591914699,0.05741133168265737
GENE_3925,GENE_3925,-0.36910726084146184,0.3188405379259648,0.8765199279632594,Not Significant,6.994204284067133,7.363311544908595,0.057238205632826576
GENE_4147,GENE_4147,0.35587833193588736,0.31872652178211175,0.8765199279632594,Not Significant,6.983374755197887,6.6274964232619995,0.057238205632826576
GENE_3054,GENE_3054,0.3590935699357569,0.3191428924836881,0.8767097879778507,Not Significant,7.347302401816781,6.988208831881024,0.057144144761916524
GENE_1653,GENE_1653,-0.3637621943699374,0.31970747794764715,0.8769786146914291,Not Significant,6.948228982133958,7.311991176503895,0.05701099686741934
GENE_1761,GENE_1761,0.3601047391298664,0.3196033866344011,0.8769786146914291,Not Significant,7.296051609800469,6.935946870670603,0.05701099686741934
GENE_1860,GENE_1860,0.36105886579488544,0.3206947907894147,0.8780470271383812,Not Significant,7.275446342189997,6.914387476395111,0.05648222318301302
GENE_146,GENE_146,0.3528186441543335,0.32102128372800914,0.8780470271383812,Not Significant,7.103426053385598,6.7506074092312645,0.05648222318301302
GENE_3379,GENE_3379,0.38171558631381153,0.32035195632510877,0.8780470271383812,Not Significant,7.07398783424039,6.692272247926579,0.05648222318301302
GENE_2441,GENE_2441,-0.36297323348113153,0.32103156340823197,0.8780470271383812,Not Significant,7.007012234814122,7.369985468295254,0.05648222318301302
GENE_1561,GENE_1561,0.38551181959957326,0.32170488845957457,0.8781288675776803,Not Significant,7.258689874451343,6.87317805485177,0.056441745630261296
GENE_1453,GENE_1453,-0.35616613817051856,0.32176249352167796,0.8781288675776803,Not Significant,6.714954824104717,7.071120962275235,0.056441745630261296
GENE_841,GENE_841,0.36219527664790263,0.3215502008830202,0.8781288675776803,Not Significant,7.274005666226297,6.911810389578394,0.056441745630261296
GENE_3427,GENE_3427,0.3636749909114778,0.3222582793212518,0.878843696436331,Not Significant,7.235806057648132,6.872131066736654,0.05608835793109627
GENE_433,GENE_433,0.3652850607138669,0.3229682162979183,0.878866442322648,Not Significant,6.9495105723202615,6.584225511606395,0.056077117837867924
GENE_3287,GENE_3287,0.36730642253229195,0.3229562413433311,0.878866442322648,Not Significant,7.204768004253478,6.837461581721186,0.056077117837867924
GENE_1988,GENE_1988,0.37393608966116876,0.3226641180262011,0.878866442322648,Not Significant,7.211125542329271,6.8371894526681025,0.056077117837867924
GENE_2990,GENE_2990,-0.3753775390146936,0.3234621726436827,0.878972797359237,Not Significant,7.19026626788815,7.565643806902844,0.056024565358065596
GENE_2375,GENE_2375,-0.3733808716553755,0.32347508747946374,0.878972797359237,Not Significant,6.7443885985337655,7.117769470189141,0.056024565358065596
GENE_3267,GENE_3267,0.3761421626779242,0.32404805792617547,0.8796596042946563,Not Significant,7.02151463403079,6.645372471352866,0.05568535123114618
GENE_3837,GENE_3837,0.3646832509290281,0.32443007225981735,0.8796596042946563,Not Significant,6.748466727227662,6.383783476298634,0.05568535123114618
GENE_834,GENE_834,0.3862142867971645,0.3243896060521866,0.8796596042946563,Not Significant,7.084856820897616,6.698642534100451,0.05568535123114618
GENE_1124,GENE_1124,0.3473565737944755,0.32475198305797887,0.879897586396456,Not Significant,7.2494881685065184,6.902131594712043,0.05556787358986193
GENE_4327,GENE_4327,-0.3887503519662232,0.3256486261481424,0.880185673736982,Not Significant,6.718923049122719,7.107673401088943,0.055425704470652835
GENE_571,GENE_571,0.3538854992917484,0.325418499328586,0.880185673736982,Not Significant,7.06685646192553,6.712970962633782,0.055425704470652835
GENE_4907,GENE_4907,-0.38467943772349056,0.325795176202273,0.880185673736982,Not Significant,7.013827077823412,7.398506515546902,0.055425704470652835
GENE_2555,GENE_2555,0.4048162947064933,0.32516105275011253,0.880185673736982,Not Significant,7.086216392283965,6.681400097577471,0.055425704470652835
GENE_1168,GENE_1168,0.3614420354176344,0.32638110955074084,0.881135208111842,Not Significant,7.386682999720554,7.0252409643029194,0.054957445014265284
GENE_2400,GENE_2400,0.3794833464169818,0.3267517208094638,0.8815024887307716,Not Significant,7.361876170288314,6.982392823871332,0.05477645722680857
GENE_4196,GENE_4196,0.35366723564928826,0.32708902940178436,0.8817794637675076,Not Significant,7.385818478675575,7.032151243026287,0.054640019907866724
GENE_4773,GENE_4773,-0.35680945634273264,0.32879453779097656,0.8837038714653183,Not Significant,6.761844040205313,7.1186534965480455,0.053693242378549944
GENE_4249,GENE_4249,-0.3611311240453947,0.3283849257896883,0.8837038714653183,Not Significant,6.77869141857388,7.1398225426192745,0.053693242378549944
GENE_3166,GENE_3166,0.3598590990433719,0.32856798531091336,0.8837038714653183,Not Significant,7.250875484628072,6.8910163855847,0.053693242378549944
GENE_3100,GENE_3100,-0.36544936056356647,0.32840842648590185,0.8837038714653183,Not Significant,6.49861939891402,6.864068759477586,0.053693242378549944
GENE_4,GENE_4,-0.39939730597917045,0.3289786365566738,0.8837038714653183,Not Significant,6.901756509376635,7.301153815355805,0.053693242378549944
GENE_2365,GENE_2365,-0.3876964645301202,0.3296021093117108,0.8841065606469046,Not Significant,6.748945003587741,7.136641468117861,0.05349538667034375
GENE_1431,GENE_1431,-0.36408313141802306,0.32999018601337093,0.8841065606469046,Not Significant,7.218753659717754,7.582836791135777,0.05349538667034375
GENE_2563,GENE_2563,-0.3887205330700896,0.3300695861063351,0.8841065606469046,Not Significant,6.67922028029963,7.067940813369719,0.05349538667034375
GENE_965,GENE_965,-0.39200286831038067,0.3297225045012962,0.8841065606469046,Not Significant,7.062290013553256,7.454292881863637,0.05349538667034375
GENE_2217,GENE_2217,0.35338642402525444,0.33145924358717005,0.8846760208810974,Not Significant,7.256778813438229,6.903392389412975,0.0532157441088431
GENE_4666,GENE_4666,-0.34871481783949054,0.331203434167928,0.8846760208810974,Not Significant,6.854269346857231,7.202984164696722,0.0532157441088431
GENE_2686,GENE_2686,0.350404077808645,0.3309474483551643,0.8846760208810974,Not Significant,6.887648292695022,6.537244214886377,0.0532157441088431
GENE_3498,GENE_3498,-0.34669627364887656,0.33129078079544244,0.8846760208810974,Not Significant,6.984204444713438,7.330900718362314,0.0532157441088431
GENE_1825,GENE_1825,-0.344080905599089,0.3312800657754974,0.8846760208810974,Not Significant,6.842210408759759,7.186291314358848,0.0532157441088431
GENE_2212,GENE_2212,0.37726505482123684,0.3320183893908505,0.8849748028995051,Not Significant,7.306796741123081,6.929531686301845,0.05306909440668079
GENE_1343,GENE_1343,0.3485975792418037,0.3327400649788476,0.8849748028995051,Not Significant,7.3745627908913685,7.025965211649565,0.05306909440668079
GENE_1388,GENE_1388,-0.38048132251196787,0.3330104903852072,0.8849748028995051,Not Significant,7.05268515981854,7.433166482330508,0.05306909440668079
GENE_1562,GENE_1562,-0.36258173033666274,0.3322130961147063,0.8849748028995051,Not Significant,7.002444570564658,7.365026300901321,0.05306909440668079
GENE_4563,GENE_4563,-0.37849569980445796,0.33279976234735786,0.8849748028995051,Not Significant,6.5800889693928735,6.958584669197331,0.05306909440668079
GENE_1838,GENE_1838,-0.3546984661584922,0.33282341689964384,0.8849748028995051,Not Significant,6.863996562660202,7.218695028818694,0.05306909440668079
GENE_4759,GENE_4759,0.35152246525931474,0.33345511466357086,0.8849748028995051,Not Significant,7.451694485951276,7.100172020691962,0.05306909440668079
GENE_1045,GENE_1045,-0.41628811173108105,0.3332579908789802,0.8849748028995051,Not Significant,7.135303364282014,7.551591476013095,0.05306909440668079
GENE_4201,GENE_4201,0.36653527111792616,0.3344463392870071,0.885728923918656,Not Significant,7.08227729570766,6.7157420245897335,0.05269917298826901
GENE_3443,GENE_3443,0.3778870025178751,0.33441944495041936,0.885728923918656,Not Significant,7.103659494403193,6.725772491885318,0.05269917298826901
GENE_812,GENE_812,0.36028118258698427,0.3342665764846746,0.885728923918656,Not Significant,7.355898425461205,6.9956172428742205,0.05269917298826901
GENE_3247,GENE_3247,-0.3443167740591422,0.3346883822420196,0.8857457327221898,Not Significant,6.798194606816804,7.142511380875947,0.05269093130036793
GENE_869,GENE_869,-0.3836091581023604,0.3357110730677456,0.8865792077221278,Not Significant,6.879438828429127,7.263047986531487,0.05228245810033402
GENE_4135,GENE_4135,0.3464435885825363,0.33562663816758553,0.8865792077221278,Not Significant,6.9364023348410315,6.589958746258495,0.05228245810033402
GENE_602,GENE_602,0.34630037606392694,0.33544263693496,0.8865792077221278,Not Significant,6.870605177862642,6.524304801798715,0.05228245810033402
GENE_1402,GENE_1402,-0.3435129786356743,0.33627788056219426,0.8874524404162402,Not Significant,6.644059531865292,6.987572510500966,0.051854911983558384
GENE_1863,GENE_1863,0.36499426750315855,0.33679955462998934,0.8882054219645613,Not Significant,7.204942626926214,6.8399483594230555,0.051486580045361406
GENE_4131,GENE_4131,-0.3421309325482502,0.339410914686226,0.8894563377981017,Not Significant,6.730205007829411,7.072335940377661,0.050875365982259814
GENE_2955,GENE_2955,0.3403421488664904,0.33853130217451016,0.8894563377981017,Not Significant,7.279122534982599,6.938780386116108,0.050875365982259814
GENE_4073,GENE_4073,-0.34774641916751303,0.3389509128826647,0.8894563377981017,Not Significant,7.0691508607188025,7.4168972798863155,0.050875365982259814
GENE_4202,GENE_4202,0.3686110373732365,0.3384018512251016,0.8894563377981017,Not Significant,7.088054169117083,6.719443131743846,0.050875365982259814
GENE_4668,GENE_4668,-0.3675859095344567,0.3386909092268667,0.8894563377981017,Not Significant,6.800438786049883,7.168024695584339,0.050875365982259814
GENE_2232,GENE_2232,-0.39660545368169675,0.3381961074218173,0.8894563377981017,Not Significant,6.747292021796846,7.143897475478543,0.050875365982259814
GENE_567,GENE_567,0.34494564382416026,0.3401140919148143,0.8894563377981017,Not Significant,7.165077576765759,6.820131932941599,0.050875365982259814
GENE_2021,GENE_2021,0.3716737527624847,0.33924759853396574,0.8894563377981017,Not Significant,7.501067856339344,7.1293941035768595,0.050875365982259814
GENE_1960,GENE_1960,0.3494316038835068,0.34009480456638297,0.8894563377981017,Not Significant,6.98282692964332,6.633395325759813,0.050875365982259814
GENE_4602,GENE_4602,-0.35780209861183376,0.3389139668232469,0.8894563377981017,Not Significant,6.946297798190213,7.304099896802047,0.050875365982259814
GENE_3058,GENE_3058,-0.3863520947510377,0.339875736277665,0.8894563377981017,Not Significant,7.003478767962275,7.389830862713313,0.050875365982259814
GENE_4423,GENE_4423,0.37591313309453245,0.3388961293150155,0.8894563377981017,Not Significant,7.152014060935735,6.7761009278412025,0.050875365982259814
GENE_2293,GENE_2293,0.35956233449183284,0.34083336286808713,0.8900985251273603,Not Significant,7.286523285803499,6.926960951311666,0.05056191857879692
GENE_1121,GENE_1121,0.34664273707438564,0.34075606517016316,0.8900985251273603,Not Significant,7.056103040873285,6.7094603037989,0.05056191857879692
GENE_2431,GENE_2431,-0.3472651937000366,0.34125304284547864,0.8905756493147977,Not Significant,6.737033103654187,7.0842982973542235,0.05032918379809456
GENE_766,GENE_766,-0.3410754974668748,0.3417178047850665,0.891169681042526,Not Significant,6.705932443986856,7.047007941453731,0.05003959728245614
GENE_1407,GENE_1407,-0.3424857991055532,0.34215024179118136,0.8912763444310623,Not Significant,6.837048938915526,7.179534738021079,0.0499876200327042
GENE_2547,GENE_2547,0.3435434895902709,0.3422330401846788,0.8912763444310623,Not Significant,7.28614952396037,6.942606034370099,0.0499876200327042
GENE_2510,GENE_2510,-0.34841511830202965,0.3424997115991133,0.8913531275550332,Not Significant,6.756926710457381,7.105341828759411,0.04995020733692137
GENE_2023,GENE_2023,-0.37212422113577137,0.34410071915143786,0.8942811221100301,Not Significant,6.547191038286019,6.91931525942179,0.048525936920721865
GENE_929,GENE_929,0.34696058671277985,0.3440250765072655,0.8942811221100301,Not Significant,7.0433037626915285,6.696343175978749,0.048525936920721865
GENE_709,GENE_709,0.3350523913316401,0.3443623493214925,0.8943425768833233,Not Significant,7.070975881759087,6.735923490427447,0.048496093338806466
GENE_384,GENE_384,-0.36679594648019886,0.3451317113296632,0.8950776366791519,Not Significant,6.8911659666749205,7.257961913155119,0.048139293489633424
GENE_4502,GENE_4502,0.36780103040325063,0.3452902591935325,0.8950776366791519,Not Significant,7.191779296320285,6.8239782659170345,0.048139293489633424
GENE_1109,GENE_1109,-0.3538426364221179,0.3453599183567776,0.8950776366791519,Not Significant,6.711607820081934,7.065450456504052,0.048139293489633424
GENE_679,GENE_679,0.333802541488466,0.34686808702260946,0.8972215839881237,Not Significant,7.266164579992788,6.932362038504322,0.047100287369287994
GENE_4347,GENE_4347,0.35854714655974895,0.3469033958314911,0.8972215839881237,Not Significant,7.1050762965823395,6.746529150022591,0.047100287369287994
GENE_4876,GENE_4876,0.34674466355184475,0.3464590959587803,0.8972215839881237,Not Significant,6.991686335037529,6.644941671485684,0.047100287369287994
GENE_1933,GENE_1933,-0.3359975803729167,0.3475290266908284,0.8972325265409987,Not Significant,6.859811238861061,7.195808819233978,0.047094990727480614
GENE_2063,GENE_2063,0.341221303064299,0.3475521961564738,0.8972325265409987,Not Significant,7.23620477996163,6.894983476897331,0.047094990727480614
GENE_4726,GENE_4726,-0.3350724229365598,0.3480747287274765,0.8972325265409987,Not Significant,6.826072386003836,7.161144808940396,0.047094990727480614
GENE_1662,GENE_1662,-0.38435532593808563,0.34810139002043006,0.8972325265409987,Not Significant,6.9788888453407205,7.363244171278806,0.047094990727480614
GENE_4151,GENE_4151,-0.3721482432576435,0.3476771075327173,0.8972325265409987,Not Significant,6.872667679176858,7.244815922434501,0.047094990727480614
GENE_687,GENE_687,-0.34222301483068485,0.3503358000589646,0.8978541614095984,Not Significant,6.827686469723153,7.169909484553838,0.04679420012411246
GENE_4521,GENE_4521,0.34376565429520145,0.3496145194825328,0.8978541614095984,Not Significant,7.405049465089405,7.061283810794204,0.04679420012411246
GENE_674,GENE_674,-0.37094544928956985,0.3564657820178608,0.8978541614095984,Not Significant,6.718643973413121,7.089589422702691,0.04679420012411246
GENE_2668,GENE_2668,0.33776856596158034,0.3505212915040143,0.8978541614095984,Not Significant,7.559393600315709,7.221625034354129,0.04679420012411246
GENE_4837,GENE_4837,0.33756134053622233,0.356415325232623,0.8978541614095984,Not Significant,7.229104895496304,6.891543554960082,0.04679420012411246
GENE_4452,GENE_4452,0.34129061528216553,0.3486178461013087,0.8978541614095984,Not Significant,7.163614965372836,6.82232435009067,0.04679420012411246
GENE_1665,GENE_1665,0.3620647493052598,0.35401245219065347,0.8978541614095984,Not Significant,7.194277974311842,6.832213225006583,0.04679420012411246
GENE_2608,GENE_2608,0.3641784440350202,0.35480639200948666,0.8978541614095984,Not Significant,7.085110826778304,6.720932382743284,0.04679420012411246
GENE_1302,GENE_1302,-0.3685550370536932,0.34949928149127685,0.8978541614095984,Not Significant,6.623774570124919,6.992329607178612,0.04679420012411246
GENE_676,GENE_676,-0.3459060006768446,0.3551297702349689,0.8978541614095984,Not Significant,6.569104697957911,6.915010698634756,0.04679420012411246
GENE_4407,GENE_4407,-0.325956293167013,0.3564489067210249,0.8978541614095984,Not Significant,6.7340117948242035,7.059968087991217,0.04679420012411246
GENE_4122,GENE_4122,-0.34916822419876414,0.35261552024917475,0.8978541614095984,Not Significant,6.770855264368913,7.120023488567677,0.04679420012411246
CCND1,CCND1,0.3576125117702089,0.3564472951573896,0.8978541614095984,Not Significant,7.1964210278611525,6.8388085160909435,0.04679420012411246
GENE_4130,GENE_4130,0.3305415228627355,0.3530606180309276,0.8978541614095984,Not Significant,7.288620864512512,6.958079341649777,0.04679420012411246
GENE_3489,GENE_3489,0.33987496195623645,0.35636110452517816,0.8978541614095984,Not Significant,7.038644092318497,6.698769130362261,0.04679420012411246
GENE_1756,GENE_1756,-0.3286164720333655,0.35169552652374253,0.8978541614095984,Not Significant,7.027343434601939,7.355959906635305,0.04679420012411246
GENE_2836,GENE_2836,0.3292443580580784,0.3545757974880975,0.8978541614095984,Not Significant,7.211728266541447,6.882483908483368,0.04679420012411246
GENE_2821,GENE_2821,-0.3364516381205984,0.35205565424260293,0.8978541614095984,Not Significant,6.689568343565222,7.02601998168582,0.04679420012411246
GENE_1744,GENE_1744,-0.3282842563974038,0.3541819982166217,0.8978541614095984,Not Significant,6.8723655483211274,7.200649804718531,0.04679420012411246
GENE_1893,GENE_1893,0.35153621858712913,0.353313735482295,0.8978541614095984,Not Significant,7.092827398019803,6.7412911794326735,0.04679420012411246
GENE_150,GENE_150,-0.36773267757466765,0.3557866246904818,0.8978541614095984,Not Significant,7.090525607476837,7.458258285051505,0.04679420012411246
GENE_405,GENE_405,0.3483292422597666,0.35493504882650256,0.8978541614095984,Not Significant,6.954359966950789,6.606030724691022,0.04679420012411246
GENE_2531,GENE_2531,0.33875266819111083,0.3500068172350072,0.8978541614095984,Not Significant,6.9978681632457365,6.659115495054626,0.04679420012411246
GENE_798,GENE_798,0.33422565848401664,0.35641669843145013,0.8978541614095984,Not Significant,7.1028253782737725,6.768599719789756,0.04679420012411246
GENE_1398,GENE_1398,0.3534176232697135,0.35407983042576535,0.8978541614095984,Not Significant,7.3939924370389445,7.040574813769231,0.04679420012411246
GENE_4286,GENE_4286,-0.3432382342324747,0.34962034650655327,0.8978541614095984,Not Significant,6.897895737743298,7.241133971975772,0.04679420012411246
GENE_2984,GENE_2984,0.32976064559345275,0.3542656308298969,0.8978541614095984,Not Significant,7.128014602568992,6.79825395697554,0.04679420012411246
GENE_765,GENE_765,-0.33360370085151203,0.35286547825090314,0.8978541614095984,Not Significant,6.7745415130380975,7.1081452138896095,0.04679420012411246
GENE_3117,GENE_3117,0.361400782924612,0.3532156219087998,0.8978541614095984,Not Significant,7.0570915166350785,6.6956907337104665,0.04679420012411246
GENE_3221,GENE_3221,0.35593640477550537,0.35402716940550344,0.8978541614095984,Not Significant,7.077444082581789,6.721507677806284,0.04679420012411246
GENE_3233,GENE_3233,-0.34066701373008446,0.34894629124764265,0.8978541614095984,Not Significant,6.8259062407904345,7.166573254520519,0.04679420012411246
GENE_3710,GENE_3710,-0.35056375396551953,0.35579698773611595,0.8978541614095984,Not Significant,6.675950117773804,7.026513871739324,0.04679420012411246
GENE_4905,GENE_4905,0.32908176598451533,0.3534551051572249,0.8978541614095984,Not Significant,7.053549477555704,6.724467711571188,0.04679420012411246
GENE_1545,GENE_1545,-0.3516378291935842,0.3510384557572629,0.8978541614095984,Not Significant,6.686324093613269,7.037961922806853,0.04679420012411246
GENE_1096,GENE_1096,0.36903385332941063,0.35713969536377843,0.8985295541911049,Not Significant,7.16303348471351,6.793999631384099,0.04646763362342659
GENE_140,GENE_140,0.3549312228808512,0.3572121218630949,0.8985295541911049,Not Significant,7.214695246908525,6.859764024027673,0.04646763362342659
GENE_1666,GENE_1666,0.3403087117935373,0.35855101019178587,0.8995782028926154,Not Significant,7.607372186401572,7.267063474608035,0.04596107622233739
GENE_4376,GENE_4376,-0.3339117923175561,0.3594588079805748,0.8995782028926154,Not Significant,7.061537029642879,7.395448821960435,0.04596107622233739
GENE_1474,GENE_1474,-0.32507139729846735,0.35939321009464553,0.8995782028926154,Not Significant,6.707705780667283,7.03277717796575,0.04596107622233739
GENE_4880,GENE_4880,0.33546947966872054,0.35983822561492423,0.8995782028926154,Not Significant,7.054264096755622,6.7187946170869015,0.04596107622233739
GENE_1684,GENE_1684,-0.3289502354563245,0.35945908054513936,0.8995782028926154,Not Significant,6.711500227541561,7.040450462997885,0.04596107622233739
GENE_4744,GENE_4744,-0.3305478428699553,0.3594726415142992,0.8995782028926154,Not Significant,6.7111010214579006,7.041648864327856,0.04596107622233739
GENE_102,GENE_102,0.3554440490181294,0.3600227826371723,0.8995782028926154,Not Significant,6.879581774031002,6.5241377250128725,0.04596107622233739
GENE_4473,GENE_4473,0.3601548175074649,0.359216429219409,0.8995782028926154,Not Significant,7.10761970720759,6.747464889700125,0.04596107622233739
GENE_3929,GENE_3929,-0.33206803242987615,0.3598023768746916,0.8995782028926154,Not Significant,6.7592162659303625,7.091284298360239,0.04596107622233739
GENE_3467,GENE_3467,0.3300018926065471,0.35938888136915637,0.8995782028926154,Not Significant,7.027742068262729,6.697740175656182,0.04596107622233739
GENE_197,GENE_197,-0.363971570733721,0.36055596610310797,0.8997140243130676,Not Significant,6.8388896247161055,7.2028611954498265,0.04589550989281425
GENE_992,GENE_992,0.3283199400128165,0.3605280988861159,0.8997140243130676,Not Significant,7.093570292706468,6.765250352693651,0.04589550989281425
GENE_4398,GENE_4398,0.35476111897018736,0.361087772344128,0.9004431642131605,Not Significant,7.140733656689914,6.785972537719727,0.04554369455748546
GENE_927,GENE_927,-0.39812349294252414,0.3613823622718204,0.9005801839638602,Not Significant,6.8777357050688055,7.27585919801133,0.0454776133244846
GENE_143,GENE_143,0.321732080868232,0.36167845913234836,0.9007207749631314,Not Significant,6.99289543299017,6.671163352121938,0.045409820216386655
GENE_481,GENE_481,-0.33255781644349725,0.3622161107436653,0.9008657473029081,Not Significant,6.739177222599548,7.071735039043046,0.0453399255024205
GENE_54,GENE_54,0.34087587643321626,0.3622096776767047,0.9008657473029081,Not Significant,7.2175404167656865,6.87666454033247,0.0453399255024205
GENE_2869,GENE_2869,-0.3401580328382625,0.3690263912705689,0.9022779299901094,Not Significant,6.856727558016175,7.196885590854437,0.04465966548586422
GENE_949,GENE_949,0.3611569329402462,0.36690558911730026,0.9022779299901094,Not Significant,7.41374271567091,7.052585782730664,0.04465966548586422
GENE_4878,GENE_4878,0.33633233380047756,0.3636128548757146,0.9022779299901094,Not Significant,7.2087615169085515,6.872429183108074,0.04465966548586422
GENE_3439,GENE_3439,-0.3411274380985425,0.3637130625941632,0.9022779299901094,Not Significant,6.9554357923874415,7.296563230485984,0.04465966548586422
GENE_4511,GENE_4511,-0.3429270742669148,0.36568156362974613,0.9022779299901094,Not Significant,6.986227183992127,7.329154258259042,0.04465966548586422
GENE_551,GENE_551,-0.33863329191799707,0.3665908909668431,0.9022779299901094,Not Significant,6.899434719996691,7.238068011914688,0.04465966548586422
GENE_4899,GENE_4899,-0.3479049545465225,0.3638775310641019,0.9022779299901094,Not Significant,6.8733440590839665,7.221249013630489,0.04465966548586422
GENE_1090,GENE_1090,0.33004184967947303,0.3686051189159289,0.9022779299901094,Not Significant,7.309294674532864,6.979252824853391,0.04465966548586422
GENE_1821,GENE_1821,-0.37545245872942523,0.3645852169694295,0.9022779299901094,Not Significant,6.582523051508656,6.957975510238081,0.04465966548586422
GENE_124,GENE_124,-0.32342240586745774,0.36794744006857016,0.9022779299901094,Not Significant,6.917886772665032,7.2413091785324895,0.04465966548586422
GENE_3116,GENE_3116,0.3321974459218042,0.3689542992108082,0.9022779299901094,Not Significant,7.352250432570354,7.02005298664855,0.04465966548586422
GENE_219,GENE_219,0.342435734601116,0.3656658382437403,0.9022779299901094,Not Significant,7.26891919181836,6.926483457217244,0.04465966548586422
GENE_3862,GENE_3862,-0.3213563890755795,0.3643953595054684,0.9022779299901094,Not Significant,6.665227135162223,6.986583524237803,0.04465966548586422
GENE_1206,GENE_1206,0.35057132533845703,0.36548325884723176,0.9022779299901094,Not Significant,6.969444424928196,6.618873099589739,0.04465966548586422
GENE_2087,GENE_2087,0.3367763298530049,0.3648203049447276,0.9022779299901094,Not Significant,7.1473021106379075,6.810525780784903,0.04465966548586422
GENE_447,GENE_447,0.32576050122362776,0.36832798111774084,0.9022779299901094,Not Significant,7.298198370220691,6.972437868997063,0.04465966548586422
GENE_274,GENE_274,-0.36113941614372624,0.36759239777975716,0.9022779299901094,Not Significant,6.674837825218182,7.035977241361908,0.04465966548586422
GENE_1527,GENE_1527,0.31923509619259693,0.36670569341262516,0.9022779299901094,Not Significant,7.278307695091743,6.959072598899146,0.04465966548586422
GENE_2315,GENE_2315,-0.33105565967280004,0.3667564364703822,0.9022779299901094,Not Significant,7.13774771072782,7.46880337040062,0.04465966548586422
GENE_1844,GENE_1844,-0.3316051918536349,0.3644667208333083,0.9022779299901094,Not Significant,7.276955214048162,7.608560405901797,0.04465966548586422
GENE_4081,GENE_4081,-0.3273862975919082,0.36867562368339357,0.9022779299901094,Not Significant,6.5773114161524875,6.904697713744396,0.04465966548586422
GENE_3308,GENE_3308,0.3260813991064735,0.3687622924491146,0.9022779299901094,Not Significant,6.977051945970854,6.6509705468643805,0.04465966548586422
GENE_1611,GENE_1611,-0.3591705640869751,0.3689683883072642,0.9022779299901094,Not Significant,7.065357153491079,7.424527717578054,0.04465966548586422
GENE_1620,GENE_1620,0.3367448158379869,0.3684182576453093,0.9022779299901094,Not Significant,7.0889421188036446,6.752197302965658,0.04465966548586422
GENE_1059,GENE_1059,-0.33455943605156424,0.3656428836926122,0.9022779299901094,Not Significant,6.690265171013123,7.024824607064687,0.04465966548586422
GENE_419,GENE_419,0.35124973695902817,0.3654585171549503,0.9022779299901094,Not Significant,7.311463151120754,6.960213414161726,0.04465966548586422
GENE_1978,GENE_1978,-0.3534754219420755,0.36954304565316276,0.9023669691777685,Not Significant,6.662644857066558,7.016120279008634,0.04461681026495875
GENE_3344,GENE_3344,0.3577169773654161,0.36934000615452733,0.9023669691777685,Not Significant,7.236363347204023,6.878646369838607,0.04461681026495875
GENE_4550,GENE_4550,0.3443410265116462,0.37042151124203887,0.9039247008101182,Not Significant,7.461220366098277,7.116879339586631,0.04386774583514531
GENE_953,GENE_953,-0.3187346654112675,0.3713392643748515,0.9055762203249136,Not Significant,7.040474511290247,7.359209176701515,0.04307499021638738
GENE_2800,GENE_2800,0.3308409125003484,0.3720032780144506,0.9060135868251091,Not Significant,7.010738927536366,6.679898015036017,0.04286528947668899
GENE_2483,GENE_2483,0.3396257951543129,0.37380745142565724,0.9060135868251091,Not Significant,7.064419494331198,6.724793699176885,0.04286528947668899
GENE_837,GENE_837,0.3286721311222509,0.3746106541365162,0.9060135868251091,Not Significant,7.026341223143657,6.697669092021406,0.04286528947668899
GENE_2759,GENE_2759,-0.31871852517697086,0.3746527711352367,0.9060135868251091,Not Significant,7.13723194299719,7.455950468174161,0.04286528947668899
GENE_1900,GENE_1900,-0.3385068449021542,0.37306916470063245,0.9060135868251091,Not Significant,7.164873756461803,7.503380601363957,0.04286528947668899
GENE_2542,GENE_2542,-0.32532217034706434,0.37316089713988176,0.9060135868251091,Not Significant,7.0735801064975865,7.398902276844651,0.04286528947668899
GENE_304,GENE_304,-0.31536023294067306,0.3724352956073715,0.9060135868251091,Not Significant,6.7226854107519864,7.0380456436926595,0.04286528947668899
GENE_1256,GENE_1256,0.3355270289794934,0.3729353134442843,0.9060135868251091,Not Significant,7.062994008525405,6.727466979545912,0.04286528947668899
GENE_328,GENE_328,0.32500072159434,0.3735893346077184,0.9060135868251091,Not Significant,7.238156001125845,6.913155279531505,0.04286528947668899
GENE_4488,GENE_4488,0.3341910480225847,0.3746289745945392,0.9060135868251091,Not Significant,7.342537752737688,7.008346704715104,0.04286528947668899
GENE_4181,GENE_4181,0.3323701630211957,0.3733872105909825,0.9060135868251091,Not Significant,7.118565094395993,6.786194931374797,0.04286528947668899
GENE_211,GENE_211,-0.3184436361502998,0.37196001244498617,0.9060135868251091,Not Significant,6.6568911681283875,6.975334804278687,0.04286528947668899
GENE_4437,GENE_4437,-0.35780292161970895,0.37397287611264474,0.9060135868251091,Not Significant,6.79676045454877,7.154563376168479,0.04286528947668899
GENE_3279,GENE_3279,-0.3186879403994176,0.37534323061563696,0.9065053490564021,Not Significant,6.800490866399288,7.119178806798706,0.04262962890016045
GENE_1639,GENE_1639,-0.3512187535955391,0.3755797840555663,0.9065053490564021,Not Significant,6.9279099310427945,7.279128684638334,0.04262962890016045
GENE_952,GENE_952,-0.32358198407342,0.37550691837515504,0.9065053490564021,Not Significant,6.7445012450833435,7.0680832291567635,0.04262962890016045
GENE_1177,GENE_1177,0.3308457096002213,0.3760739900358267,0.9071155677500877,Not Significant,7.177318756223675,6.846473046623454,0.04233737971074425
GENE_4026,GENE_4026,-0.3375288479685423,0.3783389964630122,0.9079169531979565,Not Significant,6.948703885336409,7.286232733304951,0.041953874405482455
GENE_2208,GENE_2208,-0.32754905336886164,0.37822329188922865,0.9079169531979565,Not Significant,6.943753120023132,7.271302173391994,0.041953874405482455
GENE_1567,GENE_1567,0.33534089307028303,0.37671997542234154,0.9079169531979565,Not Significant,7.1061243043732825,6.770783411302999,0.041953874405482455
GENE_1857,GENE_1857,-0.32491670041401477,0.3773460771320878,0.9079169531979565,Not Significant,6.953020873266668,7.277937573680683,0.041953874405482455
GENE_4092,GENE_4092,-0.324813449476534,0.3781230595512399,0.9079169531979565,Not Significant,6.533740511729432,6.858553961205966,0.041953874405482455
GENE_4475,GENE_4475,0.33355799147045406,0.37807753907711306,0.9079169531979565,Not Significant,7.162459045030402,6.828901053559948,0.041953874405482455
GENE_4647,GENE_4647,0.35311866999670194,0.37709315373846974,0.9079169531979565,Not Significant,7.150020692187656,6.796902022190954,0.041953874405482455
GENE_110,GENE_110,0.3468560599576236,0.37773067891807627,0.9079169531979565,Not Significant,7.2247629829992555,6.877906923041632,0.041953874405482455
GENE_1593,GENE_1593,-0.33577650098542566,0.37911406706027234,0.9086601475284226,Not Significant,6.803663959419856,7.1394404604052815,0.04159851903456863
GENE_833,GENE_833,-0.3466902683677269,0.37969419017320827,0.9086601475284226,Not Significant,6.724061021256391,7.070751289624118,0.04159851903456863
GENE_4823,GENE_4823,0.36219631819441744,0.37972231723275063,0.9086601475284226,Not Significant,6.790462760163396,6.428266441968979,0.04159851903456863
GENE_1511,GENE_1511,-0.32844715692273496,0.3793956298214581,0.9086601475284226,Not Significant,6.778289128233853,7.106736285156588,0.04159851903456863
GENE_1349,GENE_1349,0.32611654506279386,0.3798576614601256,0.9086601475284226,Not Significant,7.077782291542877,6.751665746480083,0.04159851903456863
GENE_781,GENE_781,0.32573607552981354,0.38055052181429655,0.9089434419130319,Not Significant,7.092950420852985,6.767214345323172,0.04146313947248924
GENE_2776,GENE_2776,-0.3274201846842937,0.3807016970652241,0.9089434419130319,Not Significant,6.878762622913735,7.2061828075980285,0.04146313947248924
GENE_3494,GENE_3494,0.3372580344747469,0.3805222270080218,0.9089434419130319,Not Significant,7.093453815825859,6.756195781351112,0.04146313947248924
GENE_4674,GENE_4674,0.32678443051376327,0.38207085567094545,0.9093476888981856,Not Significant,7.32465842544576,6.997873994931997,0.04127003262079109
GENE_2012,GENE_2012,-0.3113412769890216,0.3821416791872024,0.9093476888981856,Not Significant,6.854106402009259,7.16544767899828,0.04127003262079109
GENE_725,GENE_725,0.3283854400548707,0.38116612772776387,0.9093476888981856,Not Significant,7.302602933758564,6.974217493703693,0.04127003262079109
GENE_1722,GENE_1722,-0.3571350957635637,0.3819640554118893,0.9093476888981856,Not Significant,6.820028835449169,7.177163931212733,0.04127003262079109
GENE_1540,GENE_1540,-0.31663100148908896,0.3815197675592547,0.9093476888981856,Not Significant,6.866265827563658,7.182896829052747,0.04127003262079109
GENE_380,GENE_380,0.3355427448219377,0.38232287079806637,0.9093476888981856,Not Significant,7.343985940852757,7.008443196030819,0.04127003262079109
GENE_3558,GENE_3558,0.34160203191997596,0.3832671658375725,0.9110170836290938,Not Significant,7.044035326252222,6.702433294332246,0.0404734789476589
GENE_2417,GENE_2417,0.3107389863224723,0.38382251724371463,0.911760442352642,Not Significant,7.153453145899374,6.842714159576902,0.040119254029908534
GENE_2546,GENE_2546,-0.3407612601199794,0.38733118670296984,0.9135582198059327,Not Significant,7.295441404063781,7.63620266418376,0.03926377044087694
GENE_4343,GENE_4343,0.3212516761711166,0.3912244510390103,0.9135582198059327,Not Significant,7.347052774458997,7.0258010982878805,0.03926377044087694
GENE_1966,GENE_1966,-0.37978556040980216,0.3930160944342337,0.9135582198059327,Not Significant,6.6766352138579785,7.056420774267781,0.03926377044087694
GENE_1481,GENE_1481,-0.32372967624210425,0.3914774805144644,0.9135582198059327,Not Significant,6.573149988047219,6.896879664289323,0.03926377044087694
GENE_1446,GENE_1446,-0.3166701795295639,0.3934698586569641,0.9135582198059327,Not Significant,7.004455214197821,7.321125393727385,0.03926377044087694
GENE_2288,GENE_2288,0.33076817815038595,0.3849926998175565,0.9135582198059327,Not Significant,7.506301440144097,7.175533261993711,0.03926377044087694
GENE_2548,GENE_2548,-0.32957112772435515,0.39467409469224324,0.9135582198059327,Not Significant,7.021156340842893,7.350727468567248,0.03926377044087694
GENE_3313,GENE_3313,0.30453802431528665,0.3949527428511734,0.9135582198059327,Not Significant,7.24997511552138,6.945437091206093,0.03926377044087694
GENE_4101,GENE_4101,-0.3321327892475594,0.3907783720893732,0.9135582198059327,Not Significant,6.927006786993,7.2591395762405595,0.03926377044087694
GENE_279,GENE_279,0.3089499698427405,0.3933787338865336,0.9135582198059327,Not Significant,7.200548500903006,6.891598531060265,0.03926377044087694
GENE_2768,GENE_2768,-0.3362557773574224,0.3892375711313119,0.9135582198059327,Not Significant,6.442824444654954,6.779080222012376,0.03926377044087694
GENE_2291,GENE_2291,-0.30868362804627125,0.3955186864354051,0.9135582198059327,Not Significant,6.761572827209229,7.0702564552555005,0.03926377044087694
GENE_1184,GENE_1184,0.33517874000831327,0.39061380792520495,0.9135582198059327,Not Significant,6.945971591195205,6.610792851186892,0.03926377044087694
GENE_2944,GENE_2944,-0.3157822142561493,0.39223036517706616,0.9135582198059327,Not Significant,6.9510464931070395,7.266828707363189,0.03926377044087694
GENE_3164,GENE_3164,-0.3306487106582914,0.3897688407051234,0.9135582198059327,Not Significant,7.047296375134629,7.377945085792921,0.03926377044087694
GENE_2721,GENE_2721,-0.3452013005342094,0.3932802074329494,0.9135582198059327,Not Significant,6.953725680479348,7.298926981013557,0.03926377044087694
GENE_1971,GENE_1971,-0.31725434926054863,0.389000676262218,0.9135582198059327,Not Significant,6.830384113224797,7.147638462485346,0.03926377044087694
GENE_4887,GENE_4887,-0.3400581715188489,0.3944488742924068,0.9135582198059327,Not Significant,6.792322210722668,7.132380382241517,0.03926377044087694
GENE_1651,GENE_1651,0.30504500220981434,0.39287045793938064,0.9135582198059327,Not Significant,7.224347862260019,6.9193028600502045,0.03926377044087694
GENE_2464,GENE_2464,-0.3126774342883474,0.3918459585333271,0.9135582198059327,Not Significant,7.280021841496537,7.592699275784884,0.03926377044087694
GENE_4104,GENE_4104,0.3110993314653454,0.38750672127549635,0.9135582198059327,Not Significant,7.117276207431916,6.80617687596657,0.03926377044087694
GENE_2372,GENE_2372,-0.32732314750967006,0.3854218677887957,0.9135582198059327,Not Significant,6.692969895140856,7.020293042650526,0.03926377044087694
APC,APC,-0.2909838378363405,0.39304833642577125,0.9135582198059327,Not Significant,6.694009277427141,6.984993115263482,0.03926377044087694
GENE_1250,GENE_1250,-0.32077568002227785,0.3947682444905378,0.9135582198059327,Not Significant,6.836393946444238,7.157169626466516,0.03926377044087694
GENE_3709,GENE_3709,0.3072068770403744,0.3892616588492433,0.9135582198059327,Not Significant,7.223624177138265,6.916417300097891,0.03926377044087694
GENE_1770,GENE_1770,-0.30519627785497594,0.39388473891810954,0.9135582198059327,Not Significant,6.934932507906586,7.240128785761562,0.03926377044087694
GENE_4260,GENE_4260,0.3204283307766236,0.39407097386527934,0.9135582198059327,Not Significant,7.084062770002212,6.763634439225588,0.03926377044087694
GENE_493,GENE_493,-0.3192487370808408,0.39281983203231396,0.9135582198059327,Not Significant,7.018236802083065,7.337485539163906,0.03926377044087694
GENE_1817,GENE_1817,-0.32868790151402294,0.3906492068857931,0.9135582198059327,Not Significant,6.864589848534709,7.193277750048732,0.03926377044087694
GENE_2408,GENE_2408,0.3123109748878852,0.3860329173963181,0.9135582198059327,Not Significant,7.395767337856469,7.083456362968584,0.03926377044087694
GENE_1425,GENE_1425,0.3129639282340211,0.3894864888676271,0.9135582198059327,Not Significant,7.3076175596209305,6.994653631386909,0.03926377044087694
GENE_3512,GENE_3512,-0.3105276551848455,0.3878885204759506,0.9135582198059327,Not Significant,6.89424452061711,7.204772175801955,0.03926377044087694
GENE_3057,GENE_3057,0.3155860575740359,0.39103804275012694,0.9135582198059327,Not Significant,7.12317859441615,6.807592536842114,0.03926377044087694
GENE_972,GENE_972,0.33171240280532466,0.39189455214687335,0.9135582198059327,Not Significant,7.03636827291642,6.704655870111095,0.03926377044087694
GENE_2594,GENE_2594,-0.3260362162727777,0.3911997333825008,0.9135582198059327,Not Significant,6.721101227684582,7.04713744395736,0.03926377044087694
GENE_4508,GENE_4508,0.3441255621382311,0.3954858282216495,0.9135582198059327,Not Significant,7.048171088159794,6.704045526021563,0.03926377044087694
GENE_4536,GENE_4536,-0.3180897158194016,0.39547104179437714,0.9135582198059327,Not Significant,6.977814459728155,7.295904175547556,0.03926377044087694
GENE_310,GENE_310,-0.31247038189393894,0.39017023426727654,0.9135582198059327,Not Significant,6.668071420455194,6.980541802349133,0.03926377044087694
GENE_3887,GENE_3887,0.32864881701245885,0.3899686872513025,0.9135582198059327,Not Significant,7.114600735416891,6.785951918404432,0.03926377044087694
GENE_2381,GENE_2381,0.3052063715485529,0.3929075111676377,0.9135582198059327,Not Significant,7.576297994023715,7.271091622475162,0.03926377044087694
GENE_2882,GENE_2882,0.333389227357233,0.3949312644923449,0.9135582198059327,Not Significant,7.324092789395183,6.99070356203795,0.03926377044087694
GENE_3671,GENE_3671,-0.32966008578680217,0.3895473587552618,0.9135582198059327,Not Significant,6.667282778097002,6.996942863883804,0.03926377044087694
GENE_1749,GENE_1749,0.3298700793812417,0.3874906921798863,0.9135582198059327,Not Significant,7.171061655087936,6.841191575706694,0.03926377044087694
GENE_838,GENE_838,-0.32457438775682235,0.38919901311870686,0.9135582198059327,Not Significant,6.620987241732573,6.945561629489395,0.03926377044087694
GENE_3617,GENE_3617,-0.31976718940133253,0.39486766244034976,0.9135582198059327,Not Significant,7.113476710152173,7.4332438995535055,0.03926377044087694
GENE_968,GENE_968,-0.30625118728074785,0.396268476463626,0.9147278467753726,Not Significant,6.680180073832377,6.9864312611131245,0.038708099621856576
GENE_2556,GENE_2556,-0.3012361545303408,0.39746370646845086,0.9157933510849599,Not Significant,7.01034872192266,7.311584876453001,0.03820251389588959
GENE_4567,GENE_4567,-0.3232867041741567,0.39815350464316596,0.9157933510849599,Not Significant,7.142565209406522,7.4658519135806785,0.03820251389588959
GENE_4514,GENE_4514,0.31725701920273774,0.3973906743301024,0.9157933510849599,Not Significant,7.211794621374755,6.894537602172017,0.03820251389588959
GENE_389,GENE_389,-0.30829070194484665,0.3970147561358162,0.9157933510849599,Not Significant,6.508421369024123,6.816712070968969,0.03820251389588959
GENE_4155,GENE_4155,-0.30134279655629737,0.39774598967459224,0.9157933510849599,Not Significant,7.108610224874529,7.409953021430827,0.03820251389588959
GENE_2523,GENE_2523,-0.3256404635243131,0.39819221279212996,0.9157933510849599,Not Significant,6.6138303451123726,6.939470808636686,0.03820251389588959
GENE_2169,GENE_2169,0.3325924280845607,0.39884731864901624,0.9167389746073412,Not Significant,7.066827387465062,6.734234959380501,0.03775430448815167
GENE_2432,GENE_2432,-0.3047522767722075,0.4004437688197416,0.9178151273541809,Not Significant,6.738647514330993,7.043399791103201,0.037244788576088796
GENE_621,GENE_621,-0.31735371488540576,0.4009132275758829,0.9178151273541809,Not Significant,6.8208021331813,7.138155848066706,0.037244788576088796
GENE_1174,GENE_1174,0.30036052121968826,0.40145755054004817,0.9178151273541809,Not Significant,7.3289272001375805,7.028566678917892,0.037244788576088796
GENE_4850,GENE_4850,0.3196867650639872,0.4011634260482209,0.9178151273541809,Not Significant,7.054511565320125,6.7348248002561375,0.037244788576088796
GENE_356,GENE_356,-0.3265699331850307,0.40033357038312034,0.9178151273541809,Not Significant,6.966979088590122,7.293549021775153,0.037244788576088796
GENE_3152,GENE_3152,-0.32295253251474687,0.40175781918510584,0.9178151273541809,Not Significant,7.05530916053427,7.378261693049017,0.037244788576088796
GENE_2002,GENE_2002,0.29557330784947755,0.40060819002194137,0.9178151273541809,Not Significant,7.31711739268833,7.021544084838853,0.037244788576088796
GENE_3070,GENE_3070,-0.30709838733274797,0.4004153643753656,0.9178151273541809,Not Significant,6.896211212067423,7.203309599400171,0.037244788576088796
GENE_2461,GENE_2461,0.32190101866832155,0.40172528968925575,0.9178151273541809,Not Significant,6.97592821003707,6.6540271913687485,0.037244788576088796
GENE_246,GENE_246,-0.3162536937383438,0.40093914485462856,0.9178151273541809,Not Significant,6.727515466378605,7.043769160116949,0.037244788576088796
GENE_2543,GENE_2543,0.31212591353802566,0.4031257112258617,0.9178297190752827,Not Significant,7.177259507472588,6.865133593934562,0.037237884077140196
GENE_470,GENE_470,-0.32905384565936213,0.40576272257503254,0.9178297190752827,Not Significant,6.726659138820502,7.0557129844798645,0.037237884077140196
GENE_848,GENE_848,-0.3083565805464481,0.40626185759885014,0.9178297190752827,Not Significant,6.811731866968385,7.120088447514833,0.037237884077140196
GENE_2337,GENE_2337,0.2957488821594936,0.4034838480522468,0.9178297190752827,Not Significant,7.501602776569284,7.20585389440979,0.037237884077140196
GENE_508,GENE_508,0.3059865721344366,0.40368111271403645,0.9178297190752827,Not Significant,7.2953666726383455,6.989380100503909,0.037237884077140196
GENE_1471,GENE_1471,0.31372131138162107,0.40720321712679125,0.9178297190752827,Not Significant,7.114653008632456,6.800931697250835,0.037237884077140196
GENE_1929,GENE_1929,-0.30483224319995994,0.40686589015108865,0.9178297190752827,Not Significant,6.740214515940877,7.045046759140837,0.037237884077140196
GENE_3015,GENE_3015,-0.3276949382487553,0.40764147393776845,0.9178297190752827,Not Significant,6.7044175048299435,7.032112443078699,0.037237884077140196
GENE_973,GENE_973,0.31228868117956043,0.40496403537467646,0.9178297190752827,Not Significant,7.1258698835577565,6.813581202378196,0.037237884077140196
GENE_1153,GENE_1153,0.3201082422983381,0.4042923680154955,0.9178297190752827,Not Significant,7.029730367593975,6.7096221252956365,0.037237884077140196
GENE_1044,GENE_1044,0.31885435863867695,0.40334145058903575,0.9178297190752827,Not Significant,7.2356557168056135,6.9168013581669365,0.037237884077140196
GENE_1654,GENE_1654,0.3354352626126902,0.40674264024884355,0.9178297190752827,Not Significant,6.881677144612149,6.546241881999459,0.037237884077140196
GENE_4189,GENE_4189,-0.30564166671093673,0.40787004546453487,0.9178297190752827,Not Significant,6.942208311456306,7.247849978167243,0.037237884077140196
GENE_955,GENE_955,0.29293435408033375,0.4067357905819921,0.9178297190752827,Not Significant,7.311841321695235,7.018906967614901,0.037237884077140196
GENE_3660,GENE_3660,0.31329862883429094,0.40543694053354873,0.9178297190752827,Not Significant,7.154589913324795,6.841291284490504,0.037237884077140196
GENE_2564,GENE_2564,0.2930030503404728,0.40465087426036633,0.9178297190752827,Not Significant,7.007844625650017,6.714841575309544,0.037237884077140196
GENE_4432,GENE_4432,-0.3100789019193053,0.40643331685269785,0.9178297190752827,Not Significant,6.950865254935693,7.260944156854999,0.037237884077140196
GENE_682,GENE_682,0.33315900714372226,0.4055696494433911,0.9178297190752827,Not Significant,6.991373116790332,6.65821410964661,0.037237884077140196
GENE_1057,GENE_1057,-0.30930904374347445,0.40716177457152825,0.9178297190752827,Not Significant,6.981671868001636,7.290980911745111,0.037237884077140196
GENE_443,GENE_443,-0.2945657826238177,0.4046352971860461,0.9178297190752827,Not Significant,6.848212563126653,7.142778345750471,0.037237884077140196
GENE_186,GENE_186,-0.3138892218284379,0.4077146841208578,0.9178297190752827,Not Significant,6.684182318051885,6.998071539880323,0.037237884077140196
GENE_3572,GENE_3572,-0.34633391368108146,0.4066507123519606,0.9178297190752827,Not Significant,6.6987158085173695,7.045049722198451,0.037237884077140196
GENE_529,GENE_529,0.31033633364956437,0.40216279202194943,0.9178297190752827,Not Significant,6.8581686664506245,6.54783233280106,0.037237884077140196
GENE_2258,GENE_2258,0.3371002413113917,0.4076266872399167,0.9178297190752827,Not Significant,7.290286219246833,6.9531859779354415,0.037237884077140196
GENE_617,GENE_617,-0.32779410346301674,0.40319829358497966,0.9178297190752827,Not Significant,6.817438383520233,7.145232486983249,0.037237884077140196
GENE_168,GENE_168,0.3246349370022612,0.40866504556596195,0.9184451965841353,Not Significant,7.222359558094439,6.897724621092178,0.036946752837955316
GENE_3915,GENE_3915,0.30830975286109297,0.4085393761324203,0.9184451965841353,Not Significant,7.286866811361033,6.97855705849994,0.036946752837955316
GENE_1807,GENE_1807,0.30353601357081494,0.40887674664323,0.9184451965841353,Not Significant,7.228696390995219,6.925160377424404,0.036946752837955316
GENE_3571,GENE_3571,-0.2941765983203384,0.41134569965435364,0.9189299212127038,Not Significant,6.892051783912946,7.186228382233284,0.03671760721137681
GENE_3348,GENE_3348,0.3141656790441818,0.4117812330035765,0.9189299212127038,Not Significant,7.072453363941011,6.758287684896829,0.03671760721137681
GENE_4798,GENE_4798,-0.29621505130308634,0.41114210326415457,0.9189299212127038,Not Significant,6.9427727890546125,7.238987840357699,0.03671760721137681
GENE_1974,GENE_1974,0.30797444669659857,0.4114570900523058,0.9189299212127038,Not Significant,7.28272407829236,6.974749631595762,0.03671760721137681
GENE_4724,GENE_4724,0.3000466058207527,0.41081666286102647,0.9189299212127038,Not Significant,7.228650119327102,6.928603513506349,0.03671760721137681
GENE_4714,GENE_4714,-0.2966424386213582,0.4098495723015374,0.9189299212127038,Not Significant,6.560505308434211,6.857147747055569,0.03671760721137681
GENE_4927,GENE_4927,-0.3149428219293666,0.41128243315302004,0.9189299212127038,Not Significant,6.965686761218362,7.280629583147729,0.03671760721137681
GENE_3089,GENE_3089,-0.31016342206347947,0.41012865326675924,0.9189299212127038,Not Significant,6.901288857122731,7.211452279186211,0.03671760721137681
GENE_668,GENE_668,-0.31485583065531486,0.4100526390575905,0.9189299212127038,Not Significant,7.261774044711527,7.576629875366842,0.03671760721137681
GENE_727,GENE_727,0.3217085553885317,0.41053605040724517,0.9189299212127038,Not Significant,7.236032978542227,6.914324423153695,0.03671760721137681
GENE_192,GENE_192,0.32538457514526087,0.41185545750802766,0.9189299212127038,Not Significant,7.098783970873636,6.773399395728375,0.03671760721137681
GENE_1493,GENE_1493,-0.3332431190928462,0.4120268539764252,0.9189299212127038,Not Significant,6.9590378721852675,7.292280991278114,0.03671760721137681
GENE_4694,GENE_4694,0.33210756946265807,0.41327565606385397,0.9195322175772428,Not Significant,7.188176746069472,6.856069176606814,0.03643304981807648
GENE_3753,GENE_3753,0.29268939641179603,0.4132360511964018,0.9195322175772428,Not Significant,7.182463371529393,6.889773975117597,0.03643304981807648
GENE_742,GENE_742,-0.2987671903360116,0.4129274206923703,0.9195322175772428,Not Significant,6.826403431765862,7.125170622101874,0.03643304981807648
GENE_3868,GENE_3868,0.34274530133190684,0.41300829972542474,0.9195322175772428,Not Significant,7.193385965533961,6.8506406642020545,0.03643304981807648
GENE_3419,GENE_3419,0.30207067012792166,0.41447966230731825,0.9203539902042757,Not Significant,7.437112161970885,7.135041491842963,0.03604510045520588
GENE_828,GENE_828,-0.312982586714849,0.4146246155976154,0.9203539902042757,Not Significant,6.478963569970758,6.791946156685607,0.03604510045520588
GENE_2333,GENE_2333,-0.2996339897515421,0.414620444693922,0.9203539902042757,Not Significant,6.623353069051159,6.922987058802701,0.03604510045520588
GENE_2426,GENE_2426,-0.3122163084931353,0.4143860506700148,0.9203539902042757,Not Significant,7.056004931379415,7.36822123987255,0.03604510045520588
GENE_1894,GENE_1894,-0.3043911521317604,0.41567642621613043,0.9204358540021346,Not Significant,6.806993434340806,7.111384586472567,0.03600647247622925
GENE_260,GENE_260,0.28615042113870004,0.4160396502256361,0.9204358540021346,Not Significant,6.817400697732675,6.531250276593975,0.03600647247622925
GENE_1032,GENE_1032,-0.291844082185559,0.41598297983403765,0.9204358540021346,Not Significant,6.692005327787695,6.983849409973254,0.03600647247622925
GENE_2402,GENE_2402,0.32249750946690003,0.41580245091379525,0.9204358540021346,Not Significant,6.979847040698189,6.657349531231289,0.03600647247622925
GENE_1760,GENE_1760,-0.2875392975615494,0.414927194125102,0.9204358540021346,Not Significant,6.645137101424976,6.932676398986525,0.03600647247622925
GENE_3627,GENE_3627,-0.2950945904799589,0.4161310579961753,0.9204358540021346,Not Significant,7.0957908966245355,7.3908854871044944,0.03600647247622925
GENE_3550,GENE_3550,-0.29121817271634587,0.4167120422582821,0.9211787381215436,Not Significant,6.854650239799463,7.145868412515809,0.035656094614724056
GENE_2625,GENE_2625,0.29578173338572267,0.41708971765161784,0.9214715807964609,Not Significant,7.164675987416472,6.868894254030749,0.03551805436091425
GENE_3141,GENE_3141,-0.29539659338468915,0.4177013157817631,0.9222805785592632,Not Significant,6.740082000973328,7.035478594358017,0.035136936665651486
GENE_4008,GENE_4008,-0.31842589118885645,0.41827640993696885,0.9226590583053386,Not Significant,6.995235559219093,7.31366145040795,0.03495875016647923
GENE_4782,GENE_4782,0.3399884071298489,0.41836376672493264,0.9226590583053386,Not Significant,7.0396368778444565,6.699648470714608,0.03495875016647923
GENE_1218,GENE_1218,0.3153987632365105,0.4191096203644407,0.9232203712365581,Not Significant,7.334180800808865,7.018782037572355,0.03469462119655611
GENE_2813,GENE_2813,-0.29139114018588064,0.4190386061136047,0.9232203712365581,Not Significant,6.943737672543765,7.235128812729646,0.03469462119655611
GENE_1476,GENE_1476,-0.29345700904352157,0.4197687687196019,0.9235895976863372,Not Significant,6.848534815296265,7.141991824339787,0.03452096715033955
GENE_1686,GENE_1686,0.2916562848502844,0.4196660234630094,0.9235895976863372,Not Significant,7.083900211251345,6.792243926401061,0.03452096715033955
GENE_3818,GENE_3818,-0.2989048510929182,0.42007932320684743,0.9237320635525644,Not Significant,6.764165229570308,7.063070080663226,0.03445398137197411
GENE_2515,GENE_2515,-0.3135159627435158,0.42038759751486726,0.9238693517315036,Not Significant,6.7946973199358345,7.10821328267935,0.03438943985543234
GENE_1884,GENE_1884,-0.2928784872790251,0.4218054350933861,0.9240167436854716,Not Significant,7.2108942478925595,7.503772735171585,0.034320159056599846
GENE_3218,GENE_3218,0.2880821264305986,0.42199134526736,0.9240167436854716,Not Significant,7.476470313732614,7.1883881873020155,0.034320159056599846
GENE_4056,GENE_4056,-0.29311706816584415,0.4224217045374242,0.9240167436854716,Not Significant,6.46509231804681,6.758209386212654,0.034320159056599846
GENE_78,GENE_78,0.2846843615535972,0.4213642519593782,0.9240167436854716,Not Significant,7.130655852127767,6.84597149057417,0.034320159056599846
GENE_1485,GENE_1485,0.2960904742820336,0.42198127958541715,0.9240167436854716,Not Significant,7.213162247009264,6.917071772727231,0.034320159056599846
GENE_4784,GENE_4784,-0.30834340290409123,0.421440082836067,0.9240167436854716,Not Significant,6.766673096954278,7.07501649985837,0.034320159056599846
GENE_205,GENE_205,-0.3119083629171726,0.4215575440369096,0.9240167436854716,Not Significant,6.713490115665554,7.025398478582726,0.034320159056599846
GENE_970,GENE_970,0.3272860166567604,0.4222146617687992,0.9240167436854716,Not Significant,7.178593586748399,6.851307570091639,0.034320159056599846
GENE_4788,GENE_4788,0.2932992964432364,0.4235804327252184,0.9240658892347013,Not Significant,6.882113104686912,6.588813808243676,0.03429706091102409
GENE_22,GENE_22,0.291232520120003,0.42416542281262903,0.9240658892347013,Not Significant,6.915819521395201,6.624587001275198,0.03429706091102409
GENE_774,GENE_774,-0.31667561708450176,0.42335069033662837,0.9240658892347013,Not Significant,7.120483808871896,7.437159425956398,0.03429706091102409
GENE_1390,GENE_1390,-0.31321202474670873,0.4233261757607786,0.9240658892347013,Not Significant,7.091573685316768,7.404785710063477,0.03429706091102409
GENE_652,GENE_652,-0.29864219179544094,0.42407044731290533,0.9240658892347013,Not Significant,7.120500640720721,7.419142832516162,0.03429706091102409
GENE_1566,GENE_1566,-0.29624201984707366,0.42410280807520384,0.9240658892347013,Not Significant,7.232113515710548,7.528355535557622,0.03429706091102409
GENE_1224,GENE_1224,0.2905951055219136,0.4237063784229852,0.9240658892347013,Not Significant,7.510531995635432,7.219936890113519,0.03429706091102409
GENE_2994,GENE_2994,-0.28980050965030735,0.425099009056196,0.9245819963237842,Not Significant,7.14592346304321,7.435723972693517,0.03405456749901826
GENE_3531,GENE_3531,-0.30164978402455045,0.4249375023965776,0.9245819963237842,Not Significant,6.74525116635627,7.04690095038082,0.03405456749901826
GENE_452,GENE_452,0.32603069921083705,0.4251404176816123,0.9245819963237842,Not Significant,7.243818445044951,6.917787745834114,0.03405456749901826
GENE_74,GENE_74,0.3144666612110436,0.42590281493602533,0.9257043253496722,Not Significant,6.938056901772415,6.623590240561372,0.033527707026785224
GENE_813,GENE_813,-0.3010310873413067,0.426152959092057,0.9257126128716476,Not Significant,6.977565728852483,7.278596816193789,0.03352381895058983
GENE_1076,GENE_1076,0.2845550585124661,0.42701565484056137,0.9270507399715943,Not Significant,6.919377672186652,6.634822613674186,0.03289649510402807
GENE_2184,GENE_2184,0.2867625216298313,0.4273136448776039,0.9271620539549859,Not Significant,7.070061308291989,6.783298786662158,0.032844351090178026
GENE_859,GENE_859,-0.29575797954763416,0.42818302130123814,0.9273829962843655,Not Significant,6.7480388435115355,7.04379682305917,0.03274087122603559
GENE_1126,GENE_1126,0.3116358413267708,0.42866532066886304,0.9273829962843655,Not Significant,7.097220655420233,6.785584814093462,0.03274087122603559
GENE_4863,GENE_4863,-0.30329454696667746,0.4291380267257597,0.9273829962843655,Not Significant,7.167907516281651,7.471202063248328,0.03274087122603559
GENE_2671,GENE_2671,-0.3260247685316484,0.42914290328326543,0.9273829962843655,Not Significant,6.833881876113995,7.159906644645643,0.03274087122603559
GENE_3038,GENE_3038,-0.2940959913014325,0.42813005067200344,0.9273829962843655,Not Significant,6.892284109196776,7.186380100498209,0.03274087122603559
GENE_1354,GENE_1354,-0.3028899941176606,0.4288478367448896,0.9273829962843655,Not Significant,6.704141912618422,7.007031906736082,0.03274087122603559
GENE_3450,GENE_3450,-0.3110209402526669,0.428284039713377,0.9273829962843655,Not Significant,6.631869667279545,6.942890607532212,0.03274087122603559
GENE_3232,GENE_3232,-0.2930934465994026,0.4364981563663413,0.9277197386022332,Not Significant,6.794132018806925,7.087225465406328,0.03258320305022054
PIK3CA,PIK3CA,0.2680843407717308,0.43156379016559354,0.9277197386022332,Not Significant,7.240187958735456,6.972103617963725,0.03258320305022054
GENE_1687,GENE_1687,-0.29088576026684887,0.4354643037667234,0.9277197386022332,Not Significant,6.961122025487767,7.252007785754616,0.03258320305022054
GENE_2851,GENE_2851,0.28575468373175106,0.442008645274721,0.9277197386022332,Not Significant,7.047041371812751,6.761286688081,0.03258320305022054
GENE_1022,GENE_1022,-0.2829738345813757,0.4465229055114677,0.9277197386022332,Not Significant,6.947403867488473,7.230377702069848,0.03258320305022054
GENE_3250,GENE_3250,0.2879163467117687,0.44952264317920265,0.9277197386022332,Not Significant,7.279740678696814,6.991824331985045,0.03258320305022054
GENE_4462,GENE_4462,-0.27718352032229276,0.4472417026776146,0.9277197386022332,Not Significant,6.969202099798532,7.246385620120825,0.03258320305022054
GENE_3258,GENE_3258,-0.2917564339312335,0.43319539516925953,0.9277197386022332,Not Significant,7.0558848018378875,7.347641235769121,0.03258320305022054
GENE_2105,GENE_2105,-0.2809291715772444,0.43876768761071083,0.9277197386022332,Not Significant,7.021811243460664,7.302740415037908,0.03258320305022054
GENE_3251,GENE_3251,-0.30220748267471276,0.4492321310583392,0.9277197386022332,Not Significant,6.767802177933051,7.070009660607764,0.03258320305022054
GENE_2611,GENE_2611,0.28919176580958794,0.4367029452465875,0.9277197386022332,Not Significant,6.788108758361727,6.498916992552139,0.03258320305022054
GENE_699,GENE_699,-0.2875912973551227,0.43768710497906754,0.9277197386022332,Not Significant,6.990392715572279,7.277984012927401,0.03258320305022054
GENE_2075,GENE_2075,-0.322565171556219,0.4321934446213648,0.9277197386022332,Not Significant,6.607644436260108,6.930209607816327,0.03258320305022054
GENE_3985,GENE_3985,-0.30745526732876094,0.4416946981307844,0.9277197386022332,Not Significant,6.771845876212288,7.079301143541049,0.03258320305022054
GENE_2077,GENE_2077,-0.3057380943069292,0.43207467806134975,0.9277197386022332,Not Significant,7.017937713591403,7.323675807898332,0.03258320305022054
GENE_2104,GENE_2104,0.28835425254524516,0.4351924399071326,0.9277197386022332,Not Significant,7.386625030281424,7.098270777736179,0.03258320305022054
GENE_3921,GENE_3921,-0.28686559946668844,0.4502004525341677,0.9277197386022332,Not Significant,6.628871437503796,6.9157370369704845,0.03258320305022054
GENE_2662,GENE_2662,-0.2753138940645101,0.4501643455466116,0.9277197386022332,Not Significant,7.060233371048741,7.335547265113251,0.03258320305022054
GENE_645,GENE_645,-0.26637892597460233,0.44885474248057744,0.9277197386022332,Not Significant,6.4591544736299955,6.725533399604598,0.03258320305022054
GENE_4520,GENE_4520,0.31188440167700016,0.4328567602496532,0.9277197386022332,Not Significant,7.326814154205163,7.014929752528163,0.03258320305022054
GENE_3448,GENE_3448,-0.2892758830127633,0.4335709517563843,0.9277197386022332,Not Significant,6.7022283535296845,6.991504236542448,0.03258320305022054
GENE_1336,GENE_1336,-0.3113026829464962,0.4464794640561913,0.9277197386022332,Not Significant,7.206804240954516,7.518106923901012,0.03258320305022054
GENE_1451,GENE_1451,-0.26855381876411766,0.4509755652395032,0.9277197386022332,Not Significant,7.067921560632035,7.336475379396153,0.03258320305022054
GENE_457,GENE_457,-0.2884412369395246,0.44181238713000265,0.9277197386022332,Not Significant,6.895462781233013,7.183904018172537,0.03258320305022054
GENE_3956,GENE_3956,-0.29465152780795023,0.445456144009456,0.9277197386022332,Not Significant,6.76962744177371,7.06427896958166,0.03258320305022054
GENE_3954,GENE_3954,0.3197024685625749,0.4470660755632978,0.9277197386022332,Not Significant,7.117804884426471,6.798102415863896,0.03258320305022054
GENE_580,GENE_580,-0.3062871936326337,0.4312241997161913,0.9277197386022332,Not Significant,6.8581955245264465,7.16448271815908,0.03258320305022054
GENE_3885,GENE_3885,-0.3127257658599447,0.4305883352456082,0.9277197386022332,Not Significant,6.839966705287444,7.152692471147389,0.03258320305022054
GENE_3502,GENE_3502,-0.3210586051717206,0.43412824114734755,0.9277197386022332,Not Significant,7.143477235937665,7.464535841109385,0.03258320305022054
GENE_1280,GENE_1280,-0.2751307549030768,0.4508059781366589,0.9277197386022332,Not Significant,6.809509559518724,7.084640314421801,0.03258320305022054
GENE_3043,GENE_3043,-0.2968099413676635,0.4314044739179775,0.9277197386022332,Not Significant,6.983639532530356,7.280449473898019,0.03258320305022054
GENE_3053,GENE_3053,0.29059880638247826,0.4405681794991134,0.9277197386022332,Not Significant,7.003107694585358,6.71250888820288,0.03258320305022054
GENE_4663,GENE_4663,0.2792769900830887,0.444928866022725,0.9277197386022332,Not Significant,7.104716624506823,6.825439634423734,0.03258320305022054
GENE_2729,GENE_2729,0.2726495509307396,0.4389637562948537,0.9277197386022332,Not Significant,7.054909854274557,6.782260303343818,0.03258320305022054
GENE_190,GENE_190,-0.28376314853438434,0.44935007300186725,0.9277197386022332,Not Significant,6.839639318229672,7.123402466764056,0.03258320305022054
GENE_3847,GENE_3847,-0.28500151133416285,0.45087511762065047,0.9277197386022332,Not Significant,7.063659792321901,7.348661303656064,0.03258320305022054
GENE_2207,GENE_2207,0.3110518124338455,0.4325468559450681,0.9277197386022332,Not Significant,7.0746355399519265,6.763583727518081,0.03258320305022054
GENE_2568,GENE_2568,0.28227922493729185,0.43876861366868825,0.9277197386022332,Not Significant,7.239062086636202,6.95678286169891,0.03258320305022054
GENE_3123,GENE_3123,-0.28072779431989314,0.44191359170528544,0.9277197386022332,Not Significant,6.9453870397521404,7.226114834072034,0.03258320305022054
GENE_2566,GENE_2566,0.28635569437361585,0.43919923845735376,0.9277197386022332,Not Significant,7.0392699414777224,6.752914247104107,0.03258320305022054
GENE_596,GENE_596,0.3010308936182122,0.44985147740638287,0.9277197386022332,Not Significant,6.885705467012999,6.5846745733947865,0.03258320305022054
GENE_25,GENE_25,0.28392268894397255,0.4362577959571177,0.9277197386022332,Not Significant,7.305319078741645,7.0213963897976726,0.03258320305022054
GENE_4225,GENE_4225,0.2808402988966181,0.4444485757519509,0.9277197386022332,Not Significant,7.20080677393055,6.919966475033932,0.03258320305022054
GENE_1144,GENE_1144,-0.27780587674554535,0.4328341885359272,0.9277197386022332,Not Significant,7.031553303067805,7.309359179813351,0.03258320305022054
GENE_4224,GENE_4224,-0.2841179322856844,0.44202905634329726,0.9277197386022332,Not Significant,6.925791559067127,7.2099094913528115,0.03258320305022054
GENE_1794,GENE_1794,-0.28643325345281845,0.4378226012910315,0.9277197386022332,Not Significant,6.947205889747123,7.233639143199942,0.03258320305022054
GENE_3728,GENE_3728,-0.27701399064446,0.4464189798581184,0.9277197386022332,Not Significant,6.9849548140292566,7.2619688046737165,0.03258320305022054
GENE_3740,GENE_3740,-0.2785936380697418,0.4451610316255339,0.9277197386022332,Not Significant,6.6100002507604865,6.888593888830228,0.03258320305022054
GENE_4693,GENE_4693,0.27138131891780404,0.4423244560833297,0.9277197386022332,Not Significant,7.06464384572277,6.793262526804966,0.03258320305022054
GENE_801,GENE_801,-0.30808974532611977,0.45102287451471,0.9277197386022332,Not Significant,6.764700547544933,7.072790292871053,0.03258320305022054
GENE_1193,GENE_1193,-0.28428974209473346,0.4414051818601315,0.9277197386022332,Not Significant,6.919742510880267,7.204032252975001,0.03258320305022054
GENE_4036,GENE_4036,-0.2750489757198826,0.4429277464634379,0.9277197386022332,Not Significant,7.0088639553253405,7.283912931045223,0.03258320305022054
GENE_188,GENE_188,0.29033359433470096,0.44076987320912514,0.9277197386022332,Not Significant,7.5350169991510985,7.2446834048163975,0.03258320305022054
GENE_2946,GENE_2946,0.2731440645156997,0.45100326557039233,0.9277197386022332,Not Significant,6.843779326508559,6.57063526199286,0.03258320305022054
GENE_155,GENE_155,0.30540414278636785,0.4347331540666244,0.9277197386022332,Not Significant,7.311366302158759,7.005962159372391,0.03258320305022054
GENE_2741,GENE_2741,0.2696335144404651,0.4445250190439827,0.9277197386022332,Not Significant,7.291581234929621,7.021947720489156,0.03258320305022054
GENE_1853,GENE_1853,0.29094703216297013,0.439553947661531,0.9277197386022332,Not Significant,7.489320822195903,7.1983737900329325,0.03258320305022054
GENE_4708,GENE_4708,0.2886012394227837,0.4479860260488927,0.9277197386022332,Not Significant,7.187669692794206,6.899068453371422,0.03258320305022054
GENE_3610,GENE_3610,0.27675039512982824,0.4439403456311236,0.9277197386022332,Not Significant,7.250273683450331,6.973523288320503,0.03258320305022054
GENE_513,GENE_513,0.2929430784225824,0.4420930599178742,0.9277197386022332,Not Significant,7.069157502903115,6.776214424480533,0.03258320305022054
GENE_790,GENE_790,-0.2698324464605344,0.45045426356015494,0.9277197386022332,Not Significant,6.6928578408380615,6.962690287298596,0.03258320305022054
GENE_4012,GENE_4012,0.2991248704365299,0.4422826368136447,0.9277197386022332,Not Significant,7.181684242022888,6.882559371586358,0.03258320305022054
GENE_761,GENE_761,-0.28849841907665397,0.4383813574591203,0.9277197386022332,Not Significant,6.827194857569954,7.115693276646608,0.03258320305022054
GENE_1486,GENE_1486,-0.266048162438989,0.4504604842845334,0.9277197386022332,Not Significant,6.7723434035030134,7.038391565942002,0.03258320305022054
GENE_3640,GENE_3640,-0.28522501583379256,0.4446527198144304,0.9277197386022332,Not Significant,7.008831999052927,7.29405701488672,0.03258320305022054
GENE_4779,GENE_4779,0.27558973326063363,0.4463617820112875,0.9277197386022332,Not Significant,7.2364452431849084,6.960855509924275,0.03258320305022054
GENE_426,GENE_426,0.27803280629271576,0.443072296100263,0.9277197386022332,Not Significant,7.191750829285495,6.9137180229927795,0.03258320305022054
GENE_2524,GENE_2524,0.2902424833524204,0.4393936675093911,0.9277197386022332,Not Significant,7.264676980945869,6.974434497593449,0.03258320305022054
GENE_1179,GENE_1179,-0.28815803376749916,0.43719054687613784,0.9277197386022332,Not Significant,6.949941293987918,7.2380993277554175,0.03258320305022054
GENE_3601,GENE_3601,0.3112716371681534,0.446101950053755,0.9277197386022332,Not Significant,7.160758780784393,6.84948714361624,0.03258320305022054
GENE_16,GENE_16,-0.3051122308974987,0.4427822001261294,0.9277197386022332,Not Significant,7.110506808338185,7.4156190392356836,0.03258320305022054
GENE_2517,GENE_2517,0.28897247567013906,0.4427481012493567,0.9277197386022332,Not Significant,6.99067748753263,6.701705011862491,0.03258320305022054
GENE_4924,GENE_4924,0.31383701370107353,0.44108746781473207,0.9277197386022332,Not Significant,7.083556098443816,6.769719084742743,0.03258320305022054
GENE_487,GENE_487,-0.28435883908962456,0.4445088438491517,0.9277197386022332,Not Significant,6.727183793387274,7.011542632476899,0.03258320305022054
GENE_2364,GENE_2364,-0.28483224026687104,0.42966719100501827,0.9277197386022332,Not Significant,6.87896586867177,7.163798108938641,0.03258320305022054
GENE_409,GENE_409,0.27790418797358907,0.43521509471071385,0.9277197386022332,Not Significant,7.2540364208518575,6.9761322328782684,0.03258320305022054
GENE_3214,GENE_3214,-0.29075923337378207,0.4433436013984919,0.9277197386022332,Not Significant,6.871440914733697,7.162200148107479,0.03258320305022054
GENE_2468,GENE_2468,0.28766311946808276,0.43160105740488536,0.9277197386022332,Not Significant,7.128514743081665,6.840851623613582,0.03258320305022054
GENE_2382,GENE_2382,0.2799946946569314,0.4445772760106181,0.9277197386022332,Not Significant,7.33110600937483,7.0511113147178985,0.03258320305022054
GENE_165,GENE_165,-0.30516700252301643,0.432738761439292,0.9277197386022332,Not Significant,7.076116237452653,7.381283239975669,0.03258320305022054
GENE_3697,GENE_3697,-0.3112874463926225,0.4332389696180369,0.9277197386022332,Not Significant,7.02042259877232,7.331710045164942,0.03258320305022054
GENE_1050,GENE_1050,0.30065496380308687,0.44524308635744586,0.9277197386022332,Not Significant,7.1587286388511195,6.858073675048033,0.03258320305022054
GENE_99,GENE_99,-0.2766514500911441,0.448587327255577,0.9277197386022332,Not Significant,7.082546197511581,7.359197647602725,0.03258320305022054
GENE_3282,GENE_3282,-0.3212465497280155,0.4483550392903375,0.9277197386022332,Not Significant,6.826428915641626,7.147675465369641,0.03258320305022054
GENE_4820,GENE_4820,0.28729779438197767,0.45044674474768365,0.9277197386022332,Not Significant,7.190537362364468,6.9032395679824905,0.03258320305022054
GENE_1668,GENE_1668,-0.30927524449598387,0.4380285076784275,0.9277197386022332,Not Significant,7.0974874594793285,7.406762703975312,0.03258320305022054
GENE_3654,GENE_3654,-0.277097216053261,0.43767829894239074,0.9277197386022332,Not Significant,7.369021391700156,7.646118607753417,0.03258320305022054
GENE_1693,GENE_1693,0.28510135544487536,0.4476858845337035,0.9277197386022332,Not Significant,7.403311223607163,7.118209868162288,0.03258320305022054
GENE_128,GENE_128,-0.28025431050209626,0.4516776619470983,0.9280506580629828,Not Significant,6.8974605699659,7.177714880467996,0.032428316974292735
GENE_450,GENE_450,-0.2750421348953189,0.45145098645439813,0.9280506580629828,Not Significant,7.113680651075808,7.388722785971127,0.032428316974292735
GENE_1934,GENE_1934,-0.2792490190410648,0.45228884996334323,0.9283150398311036,Not Significant,6.900065004980538,7.179314024021603,0.032304613391623375
GENE_3749,GENE_3749,0.27001390216371224,0.45230038263191874,0.9283150398311036,Not Significant,6.950364766523965,6.6803508643602525,0.032304613391623375
GENE_2919,GENE_2919,0.2814572357873697,0.45297800078918915,0.9291983225795704,Not Significant,7.187606764375277,6.906149528587907,0.03189158287427092
GENE_2940,GENE_2940,0.2861762382395865,0.45389112627594635,0.9292543647221789,Not Significant,7.624921713778281,7.338745475538695,0.03186539033952133
GENE_2878,GENE_2878,-0.3190416753207259,0.45369619801124844,0.9292543647221789,Not Significant,6.966633024027946,7.285674699348672,0.03186539033952133
GENE_1822,GENE_1822,0.2859209808403378,0.4540194730612156,0.9292543647221789,Not Significant,7.108747198500136,6.822826217659798,0.03186539033952133
GENE_2442,GENE_2442,-0.2712280761216048,0.4542416891949555,0.9292543647221789,Not Significant,6.9236229063865045,7.194850982508109,0.03186539033952133
GENE_4279,GENE_4279,0.2763109835589601,0.45405361514288584,0.9292543647221789,Not Significant,6.966987130948367,6.690676147389407,0.03186539033952133
GENE_118,GENE_118,-0.26374053776117456,0.45549283904972715,0.9304885661682903,Not Significant,7.112704565044987,7.376445102806161,0.03128895910551651
GENE_4342,GENE_4342,0.27962247772873283,0.45554588380569094,0.9304885661682903,Not Significant,7.113980116714283,6.8343576389855505,0.03128895910551651
GENE_1305,GENE_1305,0.2917694247802931,0.4555878024879335,0.9304885661682903,Not Significant,7.1913819041511955,6.899612479370902,0.03128895910551651
GENE_4250,GENE_4250,-0.2795682396700272,0.45622102516890506,0.9312757265533651,Not Significant,6.756620183122008,7.036188422792035,0.030921716664228053
GENE_902,GENE_902,-0.3062682684489628,0.4565327182676468,0.9314060560531036,Not Significant,7.155961491422013,7.462229759870976,0.030860942587639634
GENE_3252,GENE_3252,-0.29237091689465355,0.45764157027090807,0.9317384699505259,Not Significant,6.875062825146601,7.167433742041254,0.030705972835293097
GENE_2549,GENE_2549,0.2801972064743543,0.45718555205124434,0.9317384699505259,Not Significant,7.102496679760994,6.822299473286639,0.030705972835293097
GENE_29,GENE_29,0.2822959063144683,0.4574098490630234,0.9317384699505259,Not Significant,7.232148933790307,6.9498530274758386,0.030705972835293097
GENE_4934,GENE_4934,-0.2819209697846734,0.45768739104009337,0.9317384699505259,Not Significant,6.773756833294859,7.055677803079532,0.030705972835293097
GENE_509,GENE_509,-0.27507651567384706,0.45853403131548487,0.9317719470096316,Not Significant,6.812130510374762,7.087207026048609,0.030690369056629765
GENE_2262,GENE_2262,0.2717081809848825,0.45810863147460035,0.9317719470096316,Not Significant,7.51484567331467,7.2431374923297875,0.030690369056629765
GENE_4949,GENE_4949,0.2981771225713734,0.4583229746667059,0.9317719470096316,Not Significant,7.277924733914861,6.9797476113434875,0.030690369056629765
GENE_4126,GENE_4126,-0.26746140429793375,0.45869560989031893,0.9317719470096316,Not Significant,6.868046058643101,7.135507462941034,0.030690369056629765
GENE_920,GENE_920,0.2680734059945209,0.46138894826364246,0.9326501465422034,Not Significant,7.3081187176788145,7.040045311684294,0.03028123719691643
GENE_3176,GENE_3176,-0.2877138717412828,0.4611483955166895,0.9326501465422034,Not Significant,6.817074137992511,7.104788009733793,0.03028123719691643
GENE_1795,GENE_1795,0.26141831037200536,0.4613066402650902,0.9326501465422034,Not Significant,6.94887280392157,6.687454493549565,0.03028123719691643
GENE_1637,GENE_1637,0.2865047342353719,0.46089575640730346,0.9326501465422034,Not Significant,6.854578373759891,6.568073639524519,0.03028123719691643
GENE_2743,GENE_2743,-0.2809146298930827,0.4600116116330512,0.9326501465422034,Not Significant,6.974428394059684,7.255343023952767,0.03028123719691643
GENE_1516,GENE_1516,-0.27449744291117373,0.4609075114362061,0.9326501465422034,Not Significant,6.441417686941804,6.715915129852978,0.03028123719691643
GENE_3470,GENE_3470,0.2775588028698168,0.4594798418800693,0.9326501465422034,Not Significant,7.2263142551757165,6.9487554523059,0.03028123719691643
GENE_55,GENE_55,0.2680586042487203,0.45966738967070175,0.9326501465422034,Not Significant,7.14031223281633,6.87225362856761,0.03028123719691643
GENE_2266,GENE_2266,0.2772704390277685,0.4616097053135972,0.9326501465422034,Not Significant,7.066745143568621,6.789474704540853,0.03028123719691643
GENE_4170,GENE_4170,0.2595006261153987,0.46066303910944145,0.9326501465422034,Not Significant,7.244622412931736,6.985121786816337,0.03028123719691643
GENE_1528,GENE_1528,0.3051700348544708,0.46239654317233997,0.9337378878246392,Not Significant,7.036219135625673,6.7310491007712026,0.029775018681273184
GENE_31,GENE_31,0.2969668609294205,0.46455474444283923,0.9345312908550254,Not Significant,6.930829533174665,6.633862672245245,0.029406152585671638
GENE_3618,GENE_3618,-0.28260994097544945,0.4647788671123051,0.9345312908550254,Not Significant,7.348361970811123,7.630971911786572,0.029406152585671638
GENE_2447,GENE_2447,-0.26571462342581054,0.46458341694667316,0.9345312908550254,Not Significant,6.899724336194066,7.165438959619877,0.029406152585671638
GENE_662,GENE_662,-0.2846027378193803,0.46409697049646914,0.9345312908550254,Not Significant,6.823376713355162,7.107979451174542,0.029406152585671638
GENE_2981,GENE_2981,-0.2749008420795711,0.4643922966035775,0.9345312908550254,Not Significant,6.769636556327641,7.044537398407212,0.029406152585671638
GENE_747,GENE_747,-0.26639451632696076,0.4635567510659463,0.9345312908550254,Not Significant,7.094166559041755,7.360561075368715,0.029406152585671638
GENE_4307,GENE_4307,-0.29669913224495303,0.46344240756203164,0.9345312908550254,Not Significant,6.876397673572646,7.1730968058175995,0.029406152585671638
GENE_3597,GENE_3597,0.2809972006187973,0.4633135170929204,0.9345312908550254,Not Significant,7.156247772434792,6.875250571815995,0.029406152585671638
GENE_628,GENE_628,0.26331555503611614,0.46554583063102756,0.9355728510756158,Not Significant,6.68567105026156,6.422355495225444,0.028922389256130814
GENE_737,GENE_737,0.26328612077130487,0.46604142604128806,0.9360682410813258,Not Significant,7.106539555966377,6.843253435195072,0.02869248924827617
GENE_1228,GENE_1228,-0.27098126142271894,0.4674386147807813,0.9361986819942549,Not Significant,6.803429062448644,7.074410323871363,0.028631974619626806
GENE_3193,GENE_3193,-0.27215555833213045,0.4676517772830177,0.9361986819942549,Not Significant,7.1511001817404205,7.423255740072551,0.028631974619626806
GENE_2338,GENE_2338,-0.26421408859097983,0.46668484897124635,0.9361986819942549,Not Significant,6.681451438773714,6.945665527364694,0.028631974619626806
GENE_226,GENE_226,0.2742862934879442,0.46739581409215225,0.9361986819942549,Not Significant,7.402940597913529,7.128654304425585,0.028631974619626806
GENE_4531,GENE_4531,-0.28681731873844996,0.46920000992663147,0.9361986819942549,Not Significant,7.220841662587393,7.507658981325843,0.028631974619626806
GENE_413,GENE_413,-0.28573196054404004,0.46761757628467937,0.9361986819942549,Not Significant,6.679060511610695,6.964792472154735,0.028631974619626806
GENE_2153,GENE_2153,0.2774312306519091,0.46838785173082037,0.9361986819942549,Not Significant,7.24370204589887,6.966270815246961,0.028631974619626806
GENE_3095,GENE_3095,-0.28766035165050585,0.46850653223814775,0.9361986819942549,Not Significant,7.194118941450513,7.4817792931010185,0.028631974619626806
GENE_734,GENE_734,-0.2999156090388917,0.4671037415562826,0.9361986819942549,Not Significant,6.714233707049514,7.014149316088406,0.028631974619626806
GENE_1223,GENE_1223,-0.26010478746163646,0.46882422801109286,0.9361986819942549,Not Significant,6.908244337215886,7.168349124677523,0.028631974619626806
GENE_3991,GENE_3991,-0.2715487214905661,0.4688636284204062,0.9361986819942549,Not Significant,7.081544287134032,7.353093008624598,0.028631974619626806
GENE_3408,GENE_3408,-0.26379205528348937,0.46934494861021187,0.9361986819942549,Not Significant,7.125913904907447,7.389705960190937,0.028631974619626806
GENE_1764,GENE_1764,-0.2554507103463921,0.4692714917433406,0.9361986819942549,Not Significant,6.879698201552871,7.135148911899263,0.028631974619626806
GENE_991,GENE_991,-0.2640644682551496,0.47568069518258876,0.9367159942897384,Not Significant,6.616205136478578,6.880269604733727,0.028392064191343755
GENE_3246,GENE_3246,-0.28170274903442927,0.47591795239229234,0.9367159942897384,Not Significant,6.712194405361277,6.9938971543957065,0.028392064191343755
GENE_976,GENE_976,0.2844846164704178,0.47266551299318554,0.9367159942897384,Not Significant,7.164591615038142,6.880106998567724,0.028392064191343755
GENE_245,GENE_245,0.25902097109078426,0.48665273005501797,0.9367159942897384,Not Significant,7.274410509147035,7.015389538056251,0.028392064191343755
GENE_2463,GENE_2463,0.2707760894283959,0.48185949659997984,0.9367159942897384,Not Significant,7.1146705815046225,6.843894492076227,0.028392064191343755
GENE_4253,GENE_4253,-0.26273859880598227,0.480347012396417,0.9367159942897384,Not Significant,6.961556717551696,7.224295316357678,0.028392064191343755
GENE_3306,GENE_3306,0.2609198138594975,0.4810571000256599,0.9367159942897384,Not Significant,7.300250871970716,7.039331058111219,0.028392064191343755
GENE_918,GENE_918,0.2645577445516256,0.4797905400442791,0.9367159942897384,Not Significant,6.988083052468823,6.723525307917197,0.028392064191343755
GENE_2902,GENE_2902,-0.26451069964671614,0.4815107416033794,0.9367159942897384,Not Significant,6.823608020095057,7.088118719741773,0.028392064191343755
GENE_1616,GENE_1616,0.2839934663169901,0.48763418064965897,0.9367159942897384,Not Significant,7.1507347303557935,6.8667412640388035,0.028392064191343755
GENE_2872,GENE_2872,0.24351953895108114,0.4888414311470024,0.9367159942897384,Not Significant,7.192489148129237,6.948969609178156,0.028392064191343755
GENE_4914,GENE_4914,0.25991262551767136,0.47681058447407515,0.9367159942897384,Not Significant,7.229546998661336,6.9696343731436645,0.028392064191343755
GENE_1711,GENE_1711,-0.2736370734352347,0.476330637051526,0.9367159942897384,Not Significant,6.992412333773444,7.266049407208679,0.028392064191343755
GENE_1640,GENE_1640,-0.26585775356574803,0.4886435201407173,0.9367159942897384,Not Significant,7.027365898552743,7.293223652118491,0.028392064191343755
GENE_1716,GENE_1716,0.25481097602566916,0.48654569846366663,0.9367159942897384,Not Significant,6.969419546070284,6.714608570044615,0.028392064191343755
GENE_1691,GENE_1691,-0.2647566159458563,0.4798544581925142,0.9367159942897384,Not Significant,6.887119511572701,7.151876127518557,0.028392064191343755
GENE_4750,GENE_4750,0.26926725241605975,0.48440939307980085,0.9367159942897384,Not Significant,7.215667205707573,6.946399953291513,0.028392064191343755
GENE_2833,GENE_2833,-0.255236826326259,0.4841882717391608,0.9367159942897384,Not Significant,7.169797096664975,7.425033922991234,0.028392064191343755
GENE_4950,GENE_4950,-0.2735587827167132,0.4879438942269598,0.9367159942897384,Not Significant,6.778753471834344,7.052312254551057,0.028392064191343755
GENE_2229,GENE_2229,0.27559957202237406,0.47864254891396213,0.9367159942897384,Not Significant,7.021041007822422,6.745441435800048,0.028392064191343755
GENE_4789,GENE_4789,0.26887946264128804,0.48355890650716327,0.9367159942897384,Not Significant,7.193553257297948,6.92467379465666,0.028392064191343755
GENE_842,GENE_842,-0.26416719557173085,0.4827798212227173,0.9367159942897384,Not Significant,6.895268003954281,7.159435199526012,0.028392064191343755
GENE_569,GENE_569,-0.28698780493968723,0.4773382062404811,0.9367159942897384,Not Significant,7.024436112782015,7.311423917721703,0.028392064191343755
GENE_35,GENE_35,0.2909454057564771,0.4740347321690994,0.9367159942897384,Not Significant,7.09217976905611,6.801234363299633,0.028392064191343755
GENE_1855,GENE_1855,0.2774766968716671,0.4709710855439259,0.9367159942897384,Not Significant,7.240692728347685,6.963216031476018,0.028392064191343755
GENE_4024,GENE_4024,0.2578369161774656,0.4708693030848915,0.9367159942897384,Not Significant,7.092180839355216,6.834343923177751,0.028392064191343755
GENE_1482,GENE_1482,0.2622194163262721,0.4798462544108957,0.9367159942897384,Not Significant,7.26786412847673,7.005644712150458,0.028392064191343755
GENE_1508,GENE_1508,-0.2724111993616454,0.4709480204879572,0.9367159942897384,Not Significant,6.8627314645641935,7.135142663925839,0.028392064191343755
GENE_544,GENE_544,0.2541395938661015,0.4741984491144277,0.9367159942897384,Not Significant,7.255872526951384,7.001732933085282,0.028392064191343755
GENE_1823,GENE_1823,-0.26046022053470796,0.47201390763163475,0.9367159942897384,Not Significant,7.1442557881696995,7.4047160087044075,0.028392064191343755
GENE_1548,GENE_1548,-0.27501158732793574,0.4857169576652439,0.9367159942897384,Not Significant,7.008999505389655,7.2840110927175905,0.028392064191343755
GENE_3564,GENE_3564,-0.2737516947315335,0.4856149999101642,0.9367159942897384,Not Significant,6.831687638320615,7.105439333052148,0.028392064191343755
GENE_4575,GENE_4575,-0.2591205604435629,0.4741978558856123,0.9367159942897384,Not Significant,6.808624694067883,7.067745254511446,0.028392064191343755
GENE_2600,GENE_2600,-0.2539405042359615,0.4859750682834897,0.9367159942897384,Not Significant,6.908922126051366,7.162862630287328,0.028392064191343755
GENE_3988,GENE_3988,0.2765151503495984,0.4866538179260889,0.9367159942897384,Not Significant,7.093484494130879,6.81696934378128,0.028392064191343755
GENE_44,GENE_44,0.2677230422197887,0.4886168404119608,0.9367159942897384,Not Significant,7.388914196323097,7.121191154103308,0.028392064191343755
GENE_3513,GENE_3513,0.2617502164402081,0.4891725444567735,0.9367159942897384,Not Significant,6.910023690061203,6.6482734736209945,0.028392064191343755
GENE_594,GENE_594,-0.27330036101866817,0.48346044224679446,0.9367159942897384,Not Significant,6.896567474101094,7.169867835119762,0.028392064191343755
GENE_2162,GENE_2162,0.2597543246732874,0.4854349677020926,0.9367159942897384,Not Significant,6.974731824549603,6.714977499876316,0.028392064191343755
GENE_4361,GENE_4361,0.26540877890205383,0.484747278191217,0.9367159942897384,Not Significant,7.11659790103007,6.851189122128016,0.028392064191343755
GENE_3049,GENE_3049,-0.26998678145781074,0.4852577285435353,0.9367159942897384,Not Significant,6.813565716055076,7.083552497512887,0.028392064191343755
GENE_1422,GENE_1422,0.2601571368264546,0.4890630482330301,0.9367159942897384,Not Significant,6.903386233118746,6.643229096292291,0.028392064191343755
GENE_4629,GENE_4629,0.2568807256062273,0.48614350842061027,0.9367159942897384,Not Significant,6.753499084593826,6.4966183589875985,0.028392064191343755
GENE_1903,GENE_1903,-0.2998596029063956,0.4749894942987023,0.9367159942897384,Not Significant,6.6799749492196066,6.979834552126002,0.028392064191343755
GENE_633,GENE_633,-0.2508817539011501,0.4871045454479414,0.9367159942897384,Not Significant,6.761642364037186,7.012524117938336,0.028392064191343755
GENE_3798,GENE_3798,0.2518354080115026,0.4796733992457367,0.9367159942897384,Not Significant,6.967053552801461,6.715218144789959,0.028392064191343755
GENE_4631,GENE_4631,-0.28472817601351874,0.47601811442093744,0.9367159942897384,Not Significant,6.768842002880599,7.053570178894118,0.028392064191343755
GENE_3130,GENE_3130,-0.27496853547267275,0.4746162810191569,0.9367159942897384,Not Significant,6.845439808487,7.120408343959673,0.028392064191343755
GENE_1335,GENE_1335,-0.26707549611986625,0.4755086105981266,0.9367159942897384,Not Significant,6.703699476737478,6.9707749728573445,0.028392064191343755
GENE_1334,GENE_1334,0.2489465638495929,0.4890334406738148,0.9367159942897384,Not Significant,6.83949807774014,6.5905515138905475,0.028392064191343755
GENE_3074,GENE_3074,0.26739407762906264,0.47393626220124435,0.9367159942897384,Not Significant,7.036172829099055,6.768778751469992,0.028392064191343755
GENE_2074,GENE_2074,0.25277300012508874,0.4891954375460643,0.9367159942897384,Not Significant,7.324336430658756,7.071563430533668,0.028392064191343755
GENE_3894,GENE_3894,0.27923407619536533,0.4752996442052406,0.9367159942897384,Not Significant,7.423420896439789,7.144186820244424,0.028392064191343755
GENE_4489,GENE_4489,0.2612147348414453,0.47258804250489833,0.9367159942897384,Not Significant,7.170824035360902,6.909609300519457,0.028392064191343755
GENE_4561,GENE_4561,-0.27723541678733366,0.4857541006535931,0.9367159942897384,Not Significant,6.585014173079512,6.862249589866845,0.028392064191343755
GENE_4560,GENE_4560,0.2572980597446346,0.47643107402644436,0.9367159942897384,Not Significant,7.1128994909665435,6.855601431221909,0.028392064191343755
GENE_1238,GENE_1238,0.25393800920235954,0.4842260353450495,0.9367159942897384,Not Significant,7.218706257142922,6.964768247940563,0.028392064191343755
GENE_759,GENE_759,-0.262312574221351,0.4800952412834734,0.9367159942897384,Not Significant,6.797885427964145,7.060198002185496,0.028392064191343755
GENE_1265,GENE_1265,0.25466391822497236,0.48196364093563415,0.9367159942897384,Not Significant,7.206563364054949,6.9518994458299765,0.028392064191343755
GENE_1251,GENE_1251,0.2749300014926588,0.48705989294034324,0.9367159942897384,Not Significant,7.290473924211139,7.01554392271848,0.028392064191343755
GENE_4390,GENE_4390,0.275746392822116,0.48075433578489774,0.9367159942897384,Not Significant,6.999809200022963,6.724062807200847,0.028392064191343755
GENE_3984,GENE_3984,-0.2621414938582607,0.486873896203098,0.9367159942897384,Not Significant,7.038980056572016,7.301121550430277,0.028392064191343755
GENE_1371,GENE_1371,0.24480484858217544,0.48712219716677135,0.9367159942897384,Not Significant,6.972819918149325,6.7280150695671495,0.028392064191343755
GENE_3048,GENE_3048,0.27502182140994513,0.4720554121362072,0.9367159942897384,Not Significant,7.153024961440659,6.878003140030714,0.028392064191343755
GENE_2103,GENE_2103,-0.26598927544927964,0.4879386108292587,0.9367159942897384,Not Significant,6.563970377401165,6.8299596528504445,0.028392064191343755
GENE_2633,GENE_2633,-0.2837181853744868,0.48923282989511524,0.9367159942897384,Not Significant,6.8539198842547195,7.137638069629206,0.028392064191343755
GENE_2096,GENE_2096,-0.2742544471284205,0.4843805863350084,0.9367159942897384,Not Significant,7.027772467023025,7.302026914151446,0.028392064191343755
GENE_702,GENE_702,0.2510731799825967,0.4892957681721012,0.9367159942897384,Not Significant,7.133782303355926,6.8827091233733295,0.028392064191343755
GENE_2114,GENE_2114,-0.2682811181144631,0.488506622666819,0.9367159942897384,Not Significant,6.972880408815557,7.2411615269300205,0.028392064191343755
GENE_2683,GENE_2683,-0.24572715062380723,0.48915695772014317,0.9367159942897384,Not Significant,7.184043276893965,7.429770427517772,0.028392064191343755
GENE_3965,GENE_3965,0.2756567660134035,0.4745717092551471,0.9367159942897384,Not Significant,7.01225129397082,6.736594527957417,0.028392064191343755
GENE_3140,GENE_3140,-0.27886007392114465,0.4889640201997763,0.9367159942897384,Not Significant,6.765803485259286,7.044663559180431,0.028392064191343755
GENE_4844,GENE_4844,0.28303938647214544,0.4748981931371844,0.9367159942897384,Not Significant,7.19134629288626,6.908306906414115,0.028392064191343755
GENE_1056,GENE_1056,-0.2623639524115706,0.47789067321079565,0.9367159942897384,Not Significant,6.832814207611746,7.095178160023317,0.028392064191343755
GENE_1065,GENE_1065,-0.2725675333672779,0.47024017551548286,0.9367159942897384,Not Significant,6.667908011110555,6.940475544477833,0.028392064191343755
GENE_1047,GENE_1047,-0.25526036740332536,0.4863818701419539,0.9367159942897384,Not Significant,6.871900103144548,7.1271604705478735,0.028392064191343755
GENE_3224,GENE_3224,-0.26369670573994863,0.4824989843013718,0.9367159942897384,Not Significant,6.90922826390037,7.172924969640318,0.028392064191343755
GENE_321,GENE_321,-0.2821865468822491,0.48136244314567167,0.9367159942897384,Not Significant,6.927649082178287,7.209835629060536,0.028392064191343755
GENE_3271,GENE_3271,-0.270244296951093,0.4724405580083991,0.9367159942897384,Not Significant,6.906062970532939,7.176307267484032,0.028392064191343755
GENE_3914,GENE_3914,-0.2448653870607993,0.4944278894593922,0.9367981269091438,Not Significant,6.578785428848051,6.8236508159088505,0.028353986289489416
GENE_2349,GENE_2349,-0.2509494809798172,0.4936809321925423,0.9367981269091438,Not Significant,7.196829704954386,7.447779185934203,0.028353986289489416
GENE_3370,GENE_3370,-0.25441191976582544,0.4917624324071238,0.9367981269091438,Not Significant,6.857189783727955,7.111601703493781,0.028353986289489416
GENE_1468,GENE_1468,0.2580940674499743,0.4948847946318083,0.9367981269091438,Not Significant,7.286356502459304,7.02826243500933,0.028353986289489416
GENE_2597,GENE_2597,0.2577147731996181,0.49306397576667965,0.9367981269091438,Not Significant,6.957236638484616,6.699521865284998,0.028353986289489416
GENE_550,GENE_550,0.25831841624658036,0.49447470627225476,0.9367981269091438,Not Significant,6.931909921776745,6.6735915055301644,0.028353986289489416
GENE_3773,GENE_3773,-0.2430536741955951,0.4950721341249493,0.9367981269091438,Not Significant,7.02549779139449,7.268551465590085,0.028353986289489416
GENE_2164,GENE_2164,-0.2534276995211595,0.494581100450652,0.9367981269091438,Not Significant,6.855188683623189,7.108616383144349,0.028353986289489416
GENE_850,GENE_850,0.2509677761031819,0.49192159282689846,0.9367981269091438,Not Significant,6.938300459184093,6.687332683080911,0.028353986289489416
GENE_4079,GENE_4079,-0.253525153033344,0.492091853331003,0.9367981269091438,Not Significant,7.063035404576828,7.316560557610172,0.028353986289489416
CDK1,CDK1,0.25456496247681404,0.490127508805676,0.9367981269091438,Not Significant,7.090741645896106,6.836176683419292,0.028353986289489416
GENE_4277,GENE_4277,-0.2621382270595296,0.4944495242682381,0.9367981269091438,Not Significant,6.769468828771143,7.031607055830673,0.028353986289489416
GENE_4786,GENE_4786,-0.2529386098578863,0.49134744633082705,0.9367981269091438,Not Significant,7.024432364139739,7.277370973997625,0.028353986289489416
GENE_370,GENE_370,-0.2522940287037434,0.49374716896981796,0.9367981269091438,Not Significant,6.910590182162181,7.162884210865925,0.028353986289489416
GENE_177,GENE_177,-0.24272004852294593,0.49283471500994386,0.9367981269091438,Not Significant,6.807657870067635,7.050377918590581,0.028353986289489416
GENE_3698,GENE_3698,-0.2684732100507725,0.49214061183242697,0.9367981269091438,Not Significant,6.632608647387664,6.901081857438436,0.028353986289489416
GENE_3323,GENE_3323,0.2636551131325682,0.49289413045832214,0.9367981269091438,Not Significant,7.156293486637436,6.892638373504868,0.028353986289489416
GENE_4595,GENE_4595,0.24688543986382072,0.4936671553511739,0.9367981269091438,Not Significant,6.722861253751517,6.475975813887696,0.028353986289489416
GENE_1277,GENE_1277,0.2475184136226254,0.4926329801954222,0.9367981269091438,Not Significant,7.104982190613127,6.857463776990501,0.028353986289489416
GENE_3483,GENE_3483,-0.28100490072682227,0.49018811093316883,0.9367981269091438,Not Significant,7.110491030840634,7.391495931567456,0.028353986289489416
GENE_4583,GENE_4583,0.2540562740743093,0.4914734422446515,0.9367981269091438,Not Significant,7.072688968664371,6.818632694590062,0.028353986289489416
GENE_754,GENE_754,0.24533532619138487,0.492053590972245,0.9367981269091438,Not Significant,6.815563160295416,6.570227834104031,0.028353986289489416
GENE_3852,GENE_3852,-0.26925876325958864,0.4920586188345896,0.9367981269091438,Not Significant,6.555922451164934,6.825181214424522,0.028353986289489416
GENE_2924,GENE_2924,-0.2534042021186833,0.4955885086727323,0.9373032791102809,Not Significant,6.893587937327441,7.146992139446124,0.028119863612793766
GENE_4107,GENE_4107,0.249803978267793,0.5050557758471825,0.9379977185399198,Not Significant,7.03875384759753,6.788949869329737,0.02779821793940943
GENE_4871,GENE_4871,-0.238161058385157,0.5048165269364224,0.9379977185399198,Not Significant,6.94059686776121,7.178757926146367,0.02779821793940943
GENE_959,GENE_959,-0.2491249759243237,0.5011688785218941,0.9379977185399198,Not Significant,6.7251180514145465,6.97424302733887,0.02779821793940943
GENE_1037,GENE_1037,0.24511019410870905,0.5024381533302985,0.9379977185399198,Not Significant,7.036022150663604,6.790911956554895,0.02779821793940943
GENE_3293,GENE_3293,0.24176443627561817,0.5002911498886778,0.9379977185399198,Not Significant,6.950469159806544,6.708704723530926,0.02779821793940943
GENE_3893,GENE_3893,0.2597173719917185,0.5084218769638196,0.9379977185399198,Not Significant,7.248323609950451,6.988606237958733,0.02779821793940943
GENE_3913,GENE_3913,-0.2574440399518192,0.504226822985818,0.9379977185399198,Not Significant,7.023779418987775,7.2812234589395946,0.02779821793940943
GENE_2641,GENE_2641,-0.25785048522023146,0.5040619707517644,0.9379977185399198,Not Significant,6.942751210318282,7.200601695538514,0.02779821793940943
GENE_4497,GENE_4497,-0.2403127665012441,0.5027907655568531,0.9379977185399198,Not Significant,6.725076446898851,6.965389213400095,0.02779821793940943
GENE_1353,GENE_1353,-0.2567974280280856,0.5003174845632706,0.9379977185399198,Not Significant,7.012658686094762,7.269456114122848,0.02779821793940943
GENE_1366,GENE_1366,0.23648401844579947,0.5083410937913754,0.9379977185399198,Not Significant,7.051877956564062,6.815393938118262,0.02779821793940943
GENE_660,GENE_660,0.25620569644540137,0.5033930539748208,0.9379977185399198,Not Significant,7.250266219308349,6.994060522862948,0.02779821793940943
GENE_3137,GENE_3137,0.23538150737947383,0.5037406635926556,0.9379977185399198,Not Significant,7.403624369687667,7.168242862308193,0.02779821793940943
GENE_2119,GENE_2119,0.2467713797587212,0.5018949138098594,0.9379977185399198,Not Significant,7.182380442080329,6.935609062321608,0.02779821793940943
GENE_3976,GENE_3976,-0.2419847861076283,0.4966323478918723,0.9379977185399198,Not Significant,6.960902821008245,7.202887607115874,0.02779821793940943
GENE_401,GENE_401,-0.2641027495714052,0.4985921026461141,0.9379977185399198,Not Significant,6.774510549123415,7.038613298694821,0.02779821793940943
GENE_1427,GENE_1427,-0.24364452504462797,0.5045395340799325,0.9379977185399198,Not Significant,6.839096524883834,7.082741049928462,0.02779821793940943
GENE_1435,GENE_1435,-0.265963803294321,0.5073616626154274,0.9379977185399198,Not Significant,6.6769321849106005,6.9428959882049215,0.02779821793940943
GENE_608,GENE_608,-0.2502146113507475,0.5071663809276634,0.9379977185399198,Not Significant,7.106752029790525,7.356966641141272,0.02779821793940943
GENE_1470,GENE_1470,0.27663900327875357,0.498638829835539,0.9379977185399198,Not Significant,6.921016655173752,6.644377651894999,0.02779821793940943
GENE_3352,GENE_3352,0.26807527880970294,0.506291720494214,0.9379977185399198,Not Significant,6.855123447173079,6.587048168363376,0.02779821793940943
GENE_4337,GENE_4337,-0.24211849453898537,0.5016541609738822,0.9379977185399198,Not Significant,7.1715270703779055,7.413645564916891,0.02779821793940943
GENE_1942,GENE_1942,0.2627865939717413,0.5044915882976647,0.9379977185399198,Not Significant,7.043718952057147,6.780932358085406,0.02779821793940943
GENE_1925,GENE_1925,0.24925366964432882,0.5052157447244283,0.9379977185399198,Not Significant,7.460796573923306,7.211542904278978,0.02779821793940943
GENE_2714,GENE_2714,0.2553141010464621,0.5084698601523474,0.9379977185399198,Not Significant,7.027852718511072,6.77253861746461,0.02779821793940943
GENE_4591,GENE_4591,0.28089734002865363,0.5040370947403292,0.9379977185399198,Not Significant,7.222366009083262,6.941468669054609,0.02779821793940943
GENE_2155,GENE_2155,0.2820749174054118,0.5013594649106178,0.9379977185399198,Not Significant,7.092556444498344,6.810481527092932,0.02779821793940943
GENE_440,GENE_440,0.2700985056170193,0.5029906856732886,0.9379977185399198,Not Significant,7.036670351804001,6.766571846186982,0.02779821793940943
GENE_1214,GENE_1214,-0.24766056094113065,0.5044156435806708,0.9379977185399198,Not Significant,6.910710679518599,7.158371240459729,0.02779821793940943
GENE_1222,GENE_1222,-0.2696097806505442,0.5036175229011494,0.9379977185399198,Not Significant,6.928194543875932,7.1978043245264764,0.02779821793940943
GENE_3781,GENE_3781,0.26154597235197397,0.5080223593811777,0.9379977185399198,Not Significant,7.213621209891941,6.952075237539967,0.02779821793940943
GENE_1472,GENE_1472,0.2434375049532873,0.49682874473405364,0.9379977185399198,Not Significant,7.281400112506773,7.037962607553486,0.02779821793940943
GENE_1643,GENE_1643,-0.2635479431890122,0.4975302284559471,0.9379977185399198,Not Significant,6.755872851905611,7.019420795094623,0.02779821793940943
GENE_2930,GENE_2930,-0.24827714922832644,0.5086852981331443,0.9379977185399198,Not Significant,6.674298235739219,6.922575384967545,0.02779821793940943
GENE_2583,GENE_2583,-0.2508357932383234,0.50294047823333,0.9379977185399198,Not Significant,6.956696074246037,7.20753186748436,0.02779821793940943
GENE_4330,GENE_4330,0.24540407601690095,0.4983229229184062,0.9379977185399198,Not Significant,7.310089141242594,7.064685065225693,0.02779821793940943
GENE_876,GENE_876,0.25603628311999316,0.5031039319317232,0.9379977185399198,Not Significant,7.221839845664079,6.965803562544086,0.02779821793940943
GENE_2512,GENE_2512,-0.2779199777768202,0.49810945172480253,0.9379977185399198,Not Significant,6.794846671463993,7.072766649240813,0.02779821793940943
GENE_2951,GENE_2951,0.23866872348701396,0.4995247190855136,0.9379977185399198,Not Significant,7.414509955593093,7.175841232106079,0.02779821793940943
GENE_1605,GENE_1605,0.27238189078279795,0.5083804308575451,0.9379977185399198,Not Significant,6.902958920698866,6.6305770299160685,0.02779821793940943
GENE_1724,GENE_1724,0.24889895186965116,0.5074667524077895,0.9379977185399198,Not Significant,7.147302518686844,6.898403566817193,0.02779821793940943
GENE_3723,GENE_3723,0.24950885986506322,0.5061530696895662,0.9379977185399198,Not Significant,7.017541693175094,6.768032833310031,0.02779821793940943
GENE_2282,GENE_2282,-0.2681951731013017,0.5039334376558383,0.9379977185399198,Not Significant,6.803507570778491,7.071702743879793,0.02779821793940943
GENE_2326,GENE_2326,0.2390012453065662,0.4972051638779692,0.9379977185399198,Not Significant,6.854163446221053,6.615162200914487,0.02779821793940943
GENE_248,GENE_248,0.2508925515206055,0.49973590670079665,0.9379977185399198,Not Significant,6.99930953416357,6.748416982642964,0.02779821793940943
GENE_4138,GENE_4138,-0.254605882663026,0.5062241945851841,0.9379977185399198,Not Significant,6.568892149263198,6.823498031926224,0.02779821793940943
LGR5,LGR5,0.2620726577008359,0.5050094948053854,0.9379977185399198,Not Significant,7.254297589558977,6.992224931858141,0.02779821793940943
GENE_11,GENE_11,0.2375583522253475,0.5073634248368336,0.9379977185399198,Not Significant,6.889020361269203,6.651462009043856,0.02779821793940943
GENE_4970,GENE_4970,0.2646388270361024,0.5043073603346215,0.9379977185399198,Not Significant,6.742009945170232,6.47737111813413,0.02779821793940943
GENE_3562,GENE_3562,0.23785585900769046,0.507268324098758,0.9379977185399198,Not Significant,6.931453599054962,6.693597740047272,0.02779821793940943
GENE_534,GENE_534,-0.24340606994601366,0.49748076075004244,0.9379977185399198,Not Significant,6.8525510062093975,7.095957076155411,0.02779821793940943
GENE_1140,GENE_1140,-0.248315932612595,0.5101990581239544,0.9380274268247656,Not Significant,6.87942328934415,7.127739221956745,0.027784463172626787
GENE_1216,GENE_1216,-0.25585977429643325,0.5091342213182994,0.9380274268247656,Not Significant,6.884830584788846,7.140690359085279,0.027784463172626787
GENE_129,GENE_129,-0.23591633614240948,0.5100634378012717,0.9380274268247656,Not Significant,6.892079294553252,7.127995630695661,0.027784463172626787
GENE_2061,GENE_2061,0.2666798404258204,0.5095942314053341,0.9380274268247656,Not Significant,7.201531446628667,6.934851606202846,0.027784463172626787
GENE_1083,GENE_1083,0.2489619953372202,0.5101247496476713,0.9380274268247656,Not Significant,6.89470093588624,6.64573894054902,0.027784463172626787
GENE_1746,GENE_1746,-0.26425848481111025,0.5100466311522,0.9380274268247656,Not Significant,6.682043971950986,6.946302456762096,0.027784463172626787
GENE_2612,GENE_2612,-0.2546745547307605,0.5105322564949581,0.9381810366298546,Not Significant,7.031259920574687,7.285934475305448,0.02771334965601613
GENE_4359,GENE_4359,0.24635137671782914,0.5121253085198855,0.939271307670927,Not Significant,7.193700549972744,6.947349173254915,0.027208944043185936
GENE_4553,GENE_4553,0.2797522913703121,0.5120482770639413,0.939271307670927,Not Significant,7.3257248528741306,7.0459725615038185,0.027208944043185936
GENE_933,GENE_933,0.232515581775238,0.5117754639015161,0.939271307670927,Not Significant,7.102252515025403,6.869736933250165,0.027208944043185936
GENE_4445,GENE_4445,-0.2341009877815976,0.5116664221589241,0.939271307670927,Not Significant,6.923474252281467,7.157575240063065,0.027208944043185936
GENE_4611,GENE_4611,0.2489268063824044,0.5170121189955688,0.9393295944045272,Not Significant,6.970499843841414,6.7215730374590095,0.02718199461848281
GENE_207,GENE_207,-0.22933734527731353,0.515688994327066,0.9393295944045272,Not Significant,6.911100409136275,7.140437754413589,0.02718199461848281
GENE_4766,GENE_4766,-0.23612568184652805,0.5181455867109614,0.9393295944045272,Not Significant,6.902458839442391,7.138584521288919,0.02718199461848281
GENE_531,GENE_531,0.23725278136137096,0.5175375564293828,0.9393295944045272,Not Significant,7.206586596511362,6.969333815149991,0.02718199461848281
GENE_160,GENE_160,0.2292268182642072,0.5165767149866459,0.9393295944045272,Not Significant,6.674611050936778,6.445384232672571,0.02718199461848281
GENE_2280,GENE_2280,0.26413221118341745,0.5177402884191852,0.9393295944045272,Not Significant,7.198887204126262,6.934754992942844,0.02718199461848281
GENE_2857,GENE_2857,0.23946496879903734,0.5169087860601674,0.9393295944045272,Not Significant,7.005960613177512,6.766495644378475,0.02718199461848281
GENE_3178,GENE_3178,-0.23419213225267033,0.5155750478126913,0.9393295944045272,Not Significant,6.95296798903674,7.18716012128941,0.02718199461848281
GENE_1824,GENE_1824,-0.2450611462801966,0.5141966908616864,0.9393295944045272,Not Significant,7.018515941297181,7.263577087577378,0.02718199461848281
GENE_4192,GENE_4192,-0.2579538730117257,0.5128750109937091,0.9393295944045272,Not Significant,6.807198001503467,7.065151874515193,0.02718199461848281
GENE_4952,GENE_4952,0.26069988901240837,0.515833666678304,0.9393295944045272,Not Significant,7.2672598230235135,7.006559934011105,0.02718199461848281
GENE_1914,GENE_1914,-0.23647629648593593,0.5142697957551703,0.9393295944045272,Not Significant,6.879321454336322,7.115797750822258,0.02718199461848281
GENE_3155,GENE_3155,0.2329965457815204,0.5138042266546259,0.9393295944045272,Not Significant,7.178262848435486,6.945266302653965,0.02718199461848281
GENE_38,GENE_38,-0.2573078715050938,0.5143512833355043,0.9393295944045272,Not Significant,6.518059150040622,6.775367021545716,0.02718199461848281
GENE_1296,GENE_1296,0.2343291137319241,0.5165016696841375,0.9393295944045272,Not Significant,7.329572424402672,7.095243310670748,0.02718199461848281
GENE_4454,GENE_4454,0.24644372914989443,0.5181560003194744,0.9393295944045272,Not Significant,7.380722835602428,7.134279106452533,0.02718199461848281
GENE_3061,GENE_3061,-0.25523286674171786,0.5147109501548638,0.9393295944045272,Not Significant,7.050570104033377,7.305802970775095,0.02718199461848281
GENE_3878,GENE_3878,-0.2287256469409389,0.5167877109226711,0.9393295944045272,Not Significant,6.645076669518702,6.873802316459641,0.02718199461848281
GENE_488,GENE_488,0.22912735234308723,0.5153322924080685,0.9393295944045272,Not Significant,7.1913964135923045,6.962269061249217,0.02718199461848281
GENE_340,GENE_340,0.24210300384590866,0.5173581017232625,0.9393295944045272,Not Significant,6.933339213940533,6.691236210094624,0.02718199461848281
GENE_4480,GENE_4480,0.2579611933723207,0.5124703248262417,0.9393295944045272,Not Significant,6.7756585021487075,6.517697308776387,0.02718199461848281
GENE_4179,GENE_4179,0.24828253323527338,0.5179784368180831,0.9393295944045272,Not Significant,7.022363593770667,6.774081060535393,0.02718199461848281
GENE_3309,GENE_3309,-0.2307007897691733,0.5178377144632671,0.9393295944045272,Not Significant,6.880038374834506,7.11073916460368,0.02718199461848281
GENE_2429,GENE_2429,-0.26274198671514704,0.5140723131581418,0.9393295944045272,Not Significant,7.125584742511475,7.388326729226622,0.02718199461848281
GENE_3363,GENE_3363,-0.26511990038568367,0.5202203060933819,0.9395500980488153,Not Significant,7.111982728153504,7.377102628539188,0.027080057792215378
GENE_4559,GENE_4559,0.23513128507816727,0.5192424383131972,0.9395500980488153,Not Significant,7.340236583223288,7.105105298145121,0.027080057792215378
GENE_1600,GENE_1600,-0.2376224009235539,0.5200157528269521,0.9395500980488153,Not Significant,6.9366927432472245,7.174315144170778,0.027080057792215378
GENE_2581,GENE_2581,-0.24165235256082873,0.5188364705120234,0.9395500980488153,Not Significant,6.9089605227761215,7.15061287533695,0.027080057792215378
GENE_4275,GENE_4275,-0.24547728955513204,0.5201038212534199,0.9395500980488153,Not Significant,6.951778539565546,7.197255829120678,0.027080057792215378
GENE_1689,GENE_1689,-0.23312881467022084,0.5207384576754029,0.9395500980488153,Not Significant,6.8710426289226785,7.104171443592899,0.027080057792215378
GENE_372,GENE_372,0.24621107039683654,0.5208249487919878,0.9395500980488153,Not Significant,7.087287334490129,6.841076264093292,0.027080057792215378
GENE_4923,GENE_4923,-0.25609050505886,0.5194984507074527,0.9395500980488153,Not Significant,6.816745481191519,7.072835986250379,0.027080057792215378
GENE_1997,GENE_1997,0.2482625496509554,0.520143679855353,0.9395500980488153,Not Significant,7.225341552026127,6.977079002375172,0.027080057792215378
GENE_2699,GENE_2699,-0.23028035171150307,0.5208180936183641,0.9395500980488153,Not Significant,6.954768695252022,7.185049046963525,0.027080057792215378
GENE_3144,GENE_3144,-0.23374202595389004,0.5210277818876347,0.9395500980488153,Not Significant,7.139691013653029,7.373433039606919,0.027080057792215378
GENE_4562,GENE_4562,0.24446183359046625,0.5216445063230597,0.9400327713565769,Not Significant,6.971116468842095,6.726654635251629,0.026857005792601175
GENE_4231,GENE_4231,-0.23333432114509822,0.5217957320515751,0.9400327713565769,Not Significant,6.847475164878111,7.08080948602321,0.026857005792601175
GENE_2405,GENE_2405,0.23940921474749643,0.5223641268915837,0.9404710023126358,Not Significant,7.11596115201957,6.876551937272073,0.02665459057586435
GENE_96,GENE_96,-0.25513365797487086,0.5225395031476273,0.9404710023126358,Not Significant,6.879408000519721,7.134541658494592,0.02665459057586435
GENE_1866,GENE_1866,0.23860926047469366,0.5273729897537947,0.9410577851352139,Not Significant,7.102867136223997,6.864257875749304,0.026383708140386215
GENE_1008,GENE_1008,-0.24305456955840832,0.5250427324895172,0.9410577851352139,Not Significant,6.754655723989341,6.997710293547749,0.026383708140386215
GENE_3394,GENE_3394,0.25025818792989796,0.5266810255257046,0.9410577851352139,Not Significant,7.3079861609310255,7.0577279730011275,0.026383708140386215
GENE_3516,GENE_3516,-0.2518819714332583,0.5266792608742559,0.9410577851352139,Not Significant,7.061341270463276,7.313223241896535,0.026383708140386215
GENE_4683,GENE_4683,-0.23714822700131144,0.5268387547243394,0.9410577851352139,Not Significant,6.9009371134579025,7.138085340459214,0.026383708140386215
GENE_1230,GENE_1230,0.22550519869303276,0.5246894235385107,0.9410577851352139,Not Significant,7.401288450218057,7.175783251525024,0.026383708140386215
GENE_3064,GENE_3064,-0.2643088838029346,0.5242407956401827,0.9410577851352139,Not Significant,7.00513068496107,7.269439568764005,0.026383708140386215
GENE_1329,GENE_1329,0.23003890119478587,0.5273555876432221,0.9410577851352139,Not Significant,7.452166607509764,7.2221277063149785,0.026383708140386215
GENE_1675,GENE_1675,0.22536305055851358,0.5263173879519547,0.9410577851352139,Not Significant,6.86236725607279,6.637004205514277,0.026383708140386215
GENE_4178,GENE_4178,-0.2291907378562117,0.5272336144873702,0.9410577851352139,Not Significant,7.183919659046002,7.413110396902214,0.026383708140386215
GENE_3774,GENE_3774,-0.2477374395166052,0.5262432201555751,0.9410577851352139,Not Significant,6.680777703951348,6.928515143467953,0.026383708140386215
GENE_3259,GENE_3259,-0.2512603182504556,0.5237960342307556,0.9410577851352139,Not Significant,6.949607576090271,7.2008678943407265,0.026383708140386215
GENE_1714,GENE_1714,-0.2243530125631219,0.525302086375309,0.9410577851352139,Not Significant,7.2090352468433725,7.433388259406494,0.026383708140386215
GENE_4965,GENE_4965,0.2405827809310077,0.5272424028715335,0.9410577851352139,Not Significant,7.35297861646266,7.112395835531652,0.026383708140386215
GENE_4161,GENE_4161,-0.25966638151344945,0.5233521293917756,0.9410577851352139,Not Significant,6.763146329154425,7.022812710667875,0.026383708140386215
GENE_4129,GENE_4129,0.24803663630428208,0.5255679264136267,0.9410577851352139,Not Significant,7.026702626543237,6.778665990238955,0.026383708140386215
GENE_3645,GENE_3645,0.24450755134138547,0.5246034843190902,0.9410577851352139,Not Significant,6.939752539555714,6.695244988214329,0.026383708140386215
GENE_107,GENE_107,0.23560499233694898,0.5247147150223201,0.9410577851352139,Not Significant,7.361945906692564,7.126340914355615,0.026383708140386215
GENE_1175,GENE_1175,0.23953278696217062,0.5321324014986665,0.9418029964067631,Not Significant,7.026425146500572,6.786892359538402,0.02603993215529182
GENE_2601,GENE_2601,0.22397412577550213,0.540544787951451,0.9418029964067631,Not Significant,6.9816807220324355,6.757706596256933,0.02603993215529182
GENE_2628,GENE_2628,0.22327095253498097,0.5419151193236419,0.9418029964067631,Not Significant,7.097002811085215,6.873731858550234,0.02603993215529182
GENE_1283,GENE_1283,0.24377330717699408,0.5373384560307014,0.9418029964067631,Not Significant,6.975790129457072,6.732016822280078,0.02603993215529182
GENE_3471,GENE_3471,-0.23301389987417398,0.5376905292378286,0.9418029964067631,Not Significant,6.996227561534294,7.229241461408468,0.02603993215529182
GENE_4496,GENE_4496,0.22765792007215602,0.5402586531667718,0.9418029964067631,Not Significant,7.25503109166696,7.027373171594804,0.02603993215529182
GENE_1338,GENE_1338,0.21967307763886623,0.5385130891281169,0.9418029964067631,Not Significant,7.165898536639403,6.946225459000536,0.02603993215529182
GENE_4554,GENE_4554,0.230045421398982,0.5367432790073473,0.9418029964067631,Not Significant,7.111011621750712,6.88096620035173,0.02603993215529182
GENE_1199,GENE_1199,-0.24963248139209693,0.5380849915588599,0.9418029964067631,Not Significant,6.904760156535388,7.154392637927485,0.02603993215529182
GENE_4961,GENE_4961,0.2450079697429972,0.5337776074809538,0.9418029964067631,Not Significant,7.1417579382761245,6.896749968533127,0.02603993215529182
GENE_1003,GENE_1003,-0.23184180614362937,0.5413577402989145,0.9418029964067631,Not Significant,6.671024220334989,6.902866026478619,0.02603993215529182
GENE_3600,GENE_3600,0.23885467425260298,0.5413061241805623,0.9418029964067631,Not Significant,7.042766226410348,6.803911552157745,0.02603993215529182
GENE_2368,GENE_2368,-0.24002702234150686,0.5331239171132336,0.9418029964067631,Not Significant,6.602361561072906,6.8423885834144125,0.02603993215529182
GENE_111,GENE_111,-0.22349741622688502,0.5363520721759902,0.9418029964067631,Not Significant,6.704267112164953,6.927764528391838,0.02603993215529182
GENE_234,GENE_234,-0.22591694216721514,0.5352097153592577,0.9418029964067631,Not Significant,7.222948284246228,7.448865226413443,0.02603993215529182
GENE_10,GENE_10,0.23272623393289749,0.5328890414361217,0.9418029964067631,Not Significant,6.7868174977160995,6.554091263783202,0.02603993215529182
GENE_2865,GENE_2865,-0.22732649187463494,0.5285875793509422,0.9418029964067631,Not Significant,6.842647843731184,7.069974335605819,0.02603993215529182
GENE_2938,GENE_2938,0.22861940690171423,0.5328719213340628,0.9418029964067631,Not Significant,6.729417581727083,6.500798174825369,0.02603993215529182
GENE_294,GENE_294,0.23538704299011215,0.5359095255668755,0.9418029964067631,Not Significant,6.809484490926626,6.574097447936514,0.02603993215529182
GENE_4832,GENE_4832,-0.22257723966091003,0.5352823431899699,0.9418029964067631,Not Significant,6.997956568840769,7.2205338085016795,0.02603993215529182
GENE_3644,GENE_3644,0.21575377306973564,0.5417138143931752,0.9418029964067631,Not Significant,7.021245321025014,6.805491547955278,0.02603993215529182
GENE_4148,GENE_4148,-0.22044846086448455,0.5412982917126885,0.9418029964067631,Not Significant,6.923965002057087,7.144413462921571,0.02603993215529182
GENE_4845,GENE_4845,-0.2465866744374292,0.5421320680743265,0.9418029964067631,Not Significant,6.853979878125419,7.1005665525628485,0.02603993215529182
GENE_2108,GENE_2108,0.22437506659381867,0.5293266307419193,0.9418029964067631,Not Significant,7.115543431209288,6.891168364615469,0.02603993215529182
GENE_1085,GENE_1085,0.22883703485089502,0.5430578725290393,0.9418029964067631,Not Significant,7.310636385455008,7.081799350604113,0.02603993215529182
GENE_2595,GENE_2595,-0.22663695044159304,0.5335964532251926,0.9418029964067631,Not Significant,6.895060807467622,7.121697757909215,0.02603993215529182
GENE_2573,GENE_2573,0.2201252452933078,0.542312754006709,0.9418029964067631,Not Significant,7.075201774073068,6.85507652877976,0.02603993215529182
GENE_1845,GENE_1845,0.22664133413723064,0.5428738922701168,0.9418029964067631,Not Significant,7.094883967092473,6.868242632955242,0.02603993215529182
GENE_530,GENE_530,0.23297770578689203,0.5430878816980806,0.9418029964067631,Not Significant,7.251537689102872,7.01855998331598,0.02603993215529182
GENE_4796,GENE_4796,0.24571077845734024,0.5317890470410535,0.9418029964067631,Not Significant,6.986575032506585,6.740864254049245,0.02603993215529182
GENE_2223,GENE_2223,-0.22492929136936635,0.537310534985534,0.9418029964067631,Not Significant,6.647850189081377,6.872779480450744,0.02603993215529182
GENE_2216,GENE_2216,-0.2234690737380074,0.5312152867455587,0.9418029964067631,Not Significant,6.759017071165948,6.982486144903955,0.02603993215529182
GENE_3903,GENE_3903,-0.22264237733466352,0.5346581605633841,0.9418029964067631,Not Significant,6.874788748009191,7.097431125343855,0.02603993215529182
GENE_1441,GENE_1441,0.22385486148559153,0.541617372541726,0.9418029964067631,Not Significant,7.064627082754044,6.840772221268453,0.02603993215529182
GENE_4573,GENE_4573,0.2236727519082251,0.5328313166530437,0.9418029964067631,Not Significant,7.383846324406139,7.160173572497914,0.02603993215529182
GENE_2195,GENE_2195,0.2498895371413914,0.5360942103685282,0.9418029964067631,Not Significant,6.836158604244236,6.586269067102845,0.02603993215529182
GENE_1225,GENE_1225,-0.22808504333526525,0.5430689273755817,0.9418029964067631,Not Significant,6.939188798800646,7.167273842135911,0.02603993215529182
GENE_1954,GENE_1954,-0.2139870134058528,0.5430985174989676,0.9418029964067631,Not Significant,6.51653436201733,6.730521375423183,0.02603993215529182
GENE_1920,GENE_1920,0.22112113413543888,0.5338113342911701,0.9418029964067631,Not Significant,6.965282189317119,6.74416105518168,0.02603993215529182
GENE_750,GENE_750,0.23214286557211228,0.5433286046327468,0.9418029964067631,Not Significant,6.92638773554707,6.694244869974958,0.02603993215529182
GENE_195,GENE_195,-0.24645960313677406,0.5355867825016787,0.9418029964067631,Not Significant,7.147000417967804,7.393460021104578,0.02603993215529182
GENE_3468,GENE_3468,0.21968268114838452,0.5324329264879544,0.9418029964067631,Not Significant,7.01748407013291,6.797801388984525,0.02603993215529182
GENE_1036,GENE_1036,0.24200806330139812,0.5291649535231416,0.9418029964067631,Not Significant,6.970313378685735,6.728305315384337,0.02603993215529182
GENE_958,GENE_958,0.2504755850614977,0.5319941595887981,0.9418029964067631,Not Significant,7.1523873415329495,6.901911756471452,0.02603993215529182
GENE_1242,GENE_1242,0.23413111570172607,0.5379455836705941,0.9418029964067631,Not Significant,7.212982896658702,6.978851780956976,0.02603993215529182
GENE_2634,GENE_2634,-0.2462351373907099,0.530864270459521,0.9418029964067631,Not Significant,7.047929381400633,7.294164518791343,0.02603993215529182
GENE_45,GENE_45,-0.2287185251602546,0.5335482621757841,0.9418029964067631,Not Significant,6.891430310270477,7.120148835430731,0.02603993215529182
GENE_4479,GENE_4479,0.22640773719093854,0.5325293139982082,0.9418029964067631,Not Significant,7.416344049434839,7.1899363122439,0.02603993215529182
GENE_2670,GENE_2670,-0.25055175412410247,0.5383423519747962,0.9418029964067631,Not Significant,7.3065484493915545,7.557100203515657,0.02603993215529182
GENE_4169,GENE_4169,0.24605627450835144,0.5292595526361523,0.9418029964067631,Not Significant,7.094012996106422,6.847956721598071,0.02603993215529182
GENE_924,GENE_924,0.21867829816460116,0.5420504980545588,0.9418029964067631,Not Significant,6.913626396874205,6.694948098709604,0.02603993215529182
GENE_3211,GENE_3211,0.23784679116663376,0.5367567269393149,0.9418029964067631,Not Significant,6.964533758368764,6.72668696720213,0.02603993215529182
GENE_1080,GENE_1080,0.2272761810254309,0.530876760524556,0.9418029964067631,Not Significant,7.1778258921031375,6.950549711077707,0.02603993215529182
GENE_3575,GENE_3575,-0.24989733492646504,0.5372333744212328,0.9418029964067631,Not Significant,7.144468231740356,7.394365566666821,0.02603993215529182
GENE_2773,GENE_2773,0.2223276051549119,0.5430128461593219,0.9418029964067631,Not Significant,7.489635692465224,7.267308087310312,0.02603993215529182
GENE_1560,GENE_1560,0.22504360658742062,0.5311838603425421,0.9418029964067631,Not Significant,7.012297942149127,6.787254335561706,0.02603993215529182
GENE_4306,GENE_4306,0.21930694764536085,0.5396294288244573,0.9418029964067631,Not Significant,7.131608317615426,6.9123013699700655,0.02603993215529182
GENE_2982,GENE_2982,0.24249771214931481,0.5401862841947809,0.9418029964067631,Not Significant,7.336282765424799,7.093785053275484,0.02603993215529182
GENE_2783,GENE_2783,0.2530980223316277,0.5321615345793073,0.9418029964067631,Not Significant,7.139389581696349,6.886291559364722,0.02603993215529182
GENE_3775,GENE_3775,0.23827752921991063,0.5299203606348928,0.9418029964067631,Not Significant,7.223929444075576,6.985651914855666,0.02603993215529182
GENE_282,GENE_282,-0.2369655135828621,0.538047996955265,0.9418029964067631,Not Significant,6.6974701207857095,6.934435634368572,0.02603993215529182
GENE_2797,GENE_2797,-0.24001727114356708,0.5315304480855982,0.9418029964067631,Not Significant,7.042643208801336,7.282660479944903,0.02603993215529182
GENE_2242,GENE_2242,0.2484908833772268,0.5439357255150047,0.9424206807217094,Not Significant,7.182859032022404,6.934368148645177,0.025755192182638893
GENE_1249,GENE_1249,-0.23850225516635692,0.5443111148536091,0.9426364836957892,Not Significant,6.510502007586715,6.749004262753072,0.025655755366610463
GENE_3066,GENE_3066,0.23299529829874732,0.5454671280516002,0.9433343153326801,Not Significant,7.039815260930914,6.806819962632167,0.025334367099956425
GENE_465,GENE_465,0.23997893439882478,0.5450555608424654,0.9433343153326801,Not Significant,7.312203531273097,7.072224596874272,0.025334367099956425
GENE_4705,GENE_4705,0.21877362289805102,0.5452793624165165,0.9433343153326801,Not Significant,6.914677936644791,6.69590431374674,0.025334367099956425
GENE_2001,GENE_2001,0.21553707704415714,0.5458887194924744,0.9434661378374433,Not Significant,6.9013051904685865,6.685768113424429,0.0252736825835771
GENE_1959,GENE_1959,0.23478353490118042,0.5461404327624733,0.9434661378374433,Not Significant,7.215834162018444,6.981050627117264,0.0252736825835771
GENE_2660,GENE_2660,0.24297615967527086,0.5467986291138774,0.9434661378374433,Not Significant,7.081885853062319,6.838909693387048,0.0252736825835771
GENE_3161,GENE_3161,-0.224713553349849,0.546324959075504,0.9434661378374433,Not Significant,6.995612172159577,7.220325725509426,0.0252736825835771
GENE_2948,GENE_2948,0.23239988023602987,0.5466932793435532,0.9434661378374433,Not Significant,7.277819318533142,7.045419438297112,0.0252736825835771
GENE_1537,GENE_1537,-0.2253829960142193,0.547395233114091,0.94406208629773,Not Significant,6.85971023900971,7.08509323502393,0.02499944336098752
GENE_2767,GENE_2767,-0.22890985500963534,0.5478792550753111,0.9444194401274404,Not Significant,6.790310232670248,7.019220087679884,0.02483508189278044
GENE_3407,GENE_3407,-0.223018795496988,0.5481050555928546,0.9444194401274404,Not Significant,6.897400384599647,7.120419180096635,0.02483508189278044
GENE_657,GENE_657,-0.21935583867252983,0.5486707007887899,0.9449608128158902,Not Significant,6.874170379205518,7.093526217878048,0.024586201152849894
GENE_2557,GENE_2557,-0.21439021047702855,0.549190462131912,0.9454227011872312,Not Significant,6.779608725344185,6.993998935821214,0.024373973767840878
GENE_353,GENE_353,-0.22504880455767218,0.5517587069861372,0.9454942094418017,Not Significant,6.946586119769592,7.171634924327265,0.024341126591732
GENE_354,GENE_354,-0.22002097473002014,0.5518592005431444,0.9454942094418017,Not Significant,6.517002048692034,6.737023023422054,0.024341126591732
GENE_1799,GENE_1799,0.22815792759889764,0.5522511414914196,0.9454942094418017,Not Significant,7.318959356573438,7.09080142897454,0.024341126591732
GENE_2848,GENE_2848,-0.21360483019874454,0.5506011364772957,0.9454942094418017,Not Significant,7.167968099394171,7.381572929592916,0.024341126591732
GENE_4892,GENE_4892,0.21931947431525511,0.551036648234966,0.9454942094418017,Not Significant,7.374670394517028,7.155350920201773,0.024341126591732
GENE_3424,GENE_3424,0.22269560805495292,0.5520937501687312,0.9454942094418017,Not Significant,7.026638818935149,6.803943210880196,0.024341126591732
GENE_1279,GENE_1279,-0.2275555713912496,0.5505802762034011,0.9454942094418017,Not Significant,6.947515641773186,7.175071213164435,0.024341126591732
GENE_3081,GENE_3081,0.22630886920749482,0.5501656384454516,0.9454942094418017,Not Significant,7.194903245284744,6.968594376077249,0.024341126591732
GENE_3872,GENE_3872,-0.22592404629662788,0.5500401339245757,0.9454942094418017,Not Significant,7.12495916355206,7.350883209848688,0.024341126591732
GENE_1429,GENE_1429,-0.23499264018997046,0.5501650148671356,0.9454942094418017,Not Significant,6.903382129666673,7.138374769856643,0.024341126591732
GENE_1172,GENE_1172,-0.21258010879096112,0.5519531042289629,0.9454942094418017,Not Significant,6.562950650435649,6.77553075922661,0.024341126591732
GENE_1207,GENE_1207,-0.23097509803761174,0.5510275531838038,0.9454942094418017,Not Significant,6.845897460685121,7.076872558722733,0.024341126591732
GENE_2715,GENE_2715,0.22333158460501767,0.5529916264259029,0.9463308434009761,Not Significant,7.179849098519935,6.956517513914918,0.023957004883455476
GENE_1114,GENE_1114,0.25613624011203306,0.5544501207145616,0.9479634002026035,Not Significant,7.0116214454309445,6.755485205318911,0.02320842995823108
GENE_981,GENE_981,-0.24012468855890923,0.5542301246883672,0.9479634002026035,Not Significant,6.7076791122330555,6.947803800791965,0.02320842995823108
GENE_3785,GENE_3785,0.23312472212331325,0.554892401688941,0.948010023522567,Not Significant,7.048272345249401,6.815147623126088,0.023187070744711658
GENE_2780,GENE_2780,-0.22745254737244647,0.5549819190392888,0.948010023522567,Not Significant,6.863232123480486,7.090684670852933,0.023187070744711658
GENE_3351,GENE_3351,0.20983279300834923,0.5552458538725803,0.9480299495016615,Not Significant,7.076219511044619,6.86638671803627,0.02317794251651953
GENE_1505,GENE_1505,-0.21667129685737674,0.5561512964514661,0.949109236818286,Not Significant,6.795728793491008,7.012400090348384,0.022683799988711204
GENE_1510,GENE_1510,0.22288614741008494,0.5563830890661745,0.949109236818286,Not Significant,7.061073044319195,6.83818689690911,0.022683799988711204
GENE_243,GENE_243,-0.20964631817409174,0.567877806170731,0.9492137805631363,Not Significant,6.61549018674845,6.825136504922542,0.022635965377703283
GENE_2453,GENE_2453,0.22584294199066512,0.5682999825090153,0.9492137805631363,Not Significant,7.0074499824091045,6.781607040418439,0.022635965377703283
SMAD4,SMAD4,-0.18706962603251576,0.5754457455781438,0.9492137805631363,Not Significant,6.706712811062711,6.8937824370952265,0.022635965377703283
CDX2,CDX2,-0.2041664144865205,0.5568098362501969,0.9492137805631363,Not Significant,6.985283586467607,7.189450000954127,0.022635965377703283
GENE_926,GENE_926,-0.20774018619650203,0.5664072019437256,0.9492137805631363,Not Significant,6.9303027352871105,7.1380429214836125,0.022635965377703283
GENE_4108,GENE_4108,0.23245346516786558,0.563196387109312,0.9492137805631363,Not Significant,7.117344488670672,6.8848910235028065,0.022635965377703283
GENE_901,GENE_901,-0.22774204670771425,0.5667247816067292,0.9492137805631363,Not Significant,6.876369598257351,7.104111644965065,0.022635965377703283
GENE_1626,GENE_1626,-0.21100896455420148,0.5723851983746371,0.9492137805631363,Not Significant,6.851005358595515,7.062014323149716,0.022635965377703283
GENE_881,GENE_881,-0.20203323899710668,0.5718064473025674,0.9492137805631363,Not Significant,6.878002529848737,7.0800357688458435,0.022635965377703283
GENE_1594,GENE_1594,0.22870997314808328,0.5656475189651945,0.9492137805631363,Not Significant,6.93915155187947,6.710441578731387,0.022635965377703283
GENE_3602,GENE_3602,0.2093685529099112,0.5740035919882098,0.9492137805631363,Not Significant,7.237737139696819,7.0283685867869075,0.022635965377703283
GENE_3197,GENE_3197,-0.21399593020050744,0.5705756164657186,0.9492137805631363,Not Significant,7.439879902115609,7.653875832316117,0.022635965377703283
GENE_492,GENE_492,0.2219797317892862,0.573698035105525,0.9492137805631363,Not Significant,7.188514923004496,6.966535191215209,0.022635965377703283
GENE_4254,GENE_4254,0.22720084220697956,0.5689474008101154,0.9492137805631363,Not Significant,7.021714617181295,6.794513774974315,0.022635965377703283
GENE_4255,GENE_4255,-0.22527482967337686,0.5664249701421014,0.9492137805631363,Not Significant,6.830967352918574,7.056242182591951,0.022635965377703283
GENE_4223,GENE_4223,-0.22684098587510526,0.5639255211351912,0.9492137805631363,Not Significant,7.067109180048203,7.293950165923309,0.022635965377703283
GENE_4317,GENE_4317,0.21298070396371127,0.5631067142064966,0.9492137805631363,Not Significant,7.083645134880166,6.870664430916455,0.022635965377703283
GENE_2227,GENE_2227,-0.21045326229365457,0.5731612470411851,0.9492137805631363,Not Significant,6.894957828844891,7.105411091138546,0.022635965377703283
GENE_4243,GENE_4243,0.2399979728373962,0.56133985879749,0.9492137805631363,Not Significant,7.077680748535533,6.837682775698137,0.022635965377703283
GENE_4074,GENE_4074,0.21436228098944898,0.5686402132854186,0.9492137805631363,Not Significant,7.1943124236639395,6.9799501426744905,0.022635965377703283
GENE_2286,GENE_2286,0.239395652287139,0.5746917279714047,0.9492137805631363,Not Significant,7.199694073830502,6.960298421543363,0.022635965377703283
GENE_4051,GENE_4051,-0.2440110136855589,0.5625154776668178,0.9492137805631363,Not Significant,6.874986795777281,7.11899780946284,0.022635965377703283
GENE_4955,GENE_4955,0.20477574110043406,0.5708293949845961,0.9492137805631363,Not Significant,6.916152512910387,6.711376771809953,0.022635965377703283
GENE_4013,GENE_4013,-0.23596862389872264,0.5639797406184509,0.9492137805631363,Not Significant,7.008799892856822,7.244768516755545,0.022635965377703283
GENE_1205,GENE_1205,0.2187041122875648,0.5636116865964543,0.9492137805631363,Not Significant,7.39635253075092,7.177648418463355,0.022635965377703283
GENE_4806,GENE_4806,-0.20899243169074921,0.5724529937965673,0.9492137805631363,Not Significant,7.023253970393347,7.232246402084097,0.022635965377703283
GENE_1592,GENE_1592,0.20893545863439922,0.5657856749225421,0.9492137805631363,Not Significant,7.522943680445229,7.3140082218108295,0.022635965377703283
GENE_1782,GENE_1782,0.22392629889481164,0.5671903338098833,0.9492137805631363,Not Significant,7.06359726493778,6.839670966042968,0.022635965377703283
GENE_82,GENE_82,-0.21907783085588495,0.5759868114259397,0.9492137805631363,Not Significant,6.679210167182301,6.898287998038186,0.022635965377703283
GENE_427,GENE_427,0.20575053130237642,0.5631706101981383,0.9492137805631363,Not Significant,7.119911708713889,6.914161177411512,0.022635965377703283
GENE_2309,GENE_2309,-0.21639459883390622,0.5628603001287399,0.9492137805631363,Not Significant,7.098569040208657,7.314963639042563,0.022635965377703283
GENE_478,GENE_478,0.2044245497659274,0.5691959105413771,0.9492137805631363,Not Significant,7.196027857051549,6.991603307285621,0.022635965377703283
GENE_264,GENE_264,-0.20875047993809304,0.5722525779863576,0.9492137805631363,Not Significant,7.0137002200591025,7.222450699997196,0.022635965377703283
GENE_4687,GENE_4687,0.2215298427109591,0.5675732866280185,0.9492137805631363,Not Significant,6.998093750183567,6.776563907472608,0.022635965377703283
GENE_1889,GENE_1889,-0.21197510900152228,0.5575216730819902,0.9492137805631363,Not Significant,6.903601893551201,7.115577002552723,0.022635965377703283
GENE_3777,GENE_3777,0.20851757893669465,0.5615562512016528,0.9492137805631363,Not Significant,7.077620656049334,6.86910307711264,0.022635965377703283
GENE_2654,GENE_2654,-0.21937063698449055,0.5763985756373277,0.9492137805631363,Not Significant,7.041132584734716,7.2605032217192065,0.022635965377703283
GENE_3806,GENE_3806,0.2185841953933414,0.5646499271341577,0.9492137805631363,Not Significant,7.079669769875882,6.861085574482541,0.022635965377703283
GENE_4662,GENE_4662,0.20339085793541045,0.572740714281518,0.9492137805631363,Not Significant,6.886974058279738,6.683583200344327,0.022635965377703283
GENE_4623,GENE_4623,-0.20909371860312387,0.5607878356767482,0.9492137805631363,Not Significant,7.0144233918340575,7.223517110437181,0.022635965377703283
GENE_4525,GENE_4525,-0.20529575640213693,0.570078521558078,0.9492137805631363,Not Significant,7.130094701891142,7.335390458293279,0.022635965377703283
GENE_1457,GENE_1457,-0.2265448024944714,0.5635227721869142,0.9492137805631363,Not Significant,6.827992138631452,7.0545369411259236,0.022635965377703283
GENE_3503,GENE_3503,-0.24757419310802575,0.5599160037323611,0.9492137805631363,Not Significant,6.616804078254552,6.864378271362578,0.022635965377703283
GENE_2047,GENE_2047,0.2160128633631162,0.5634603768966491,0.9492137805631363,Not Significant,7.126265446194612,6.910252582831496,0.022635965377703283
GENE_1356,GENE_1356,-0.2038884978285047,0.5621789243269716,0.9492137805631363,Not Significant,7.008794602530114,7.2126831003586185,0.022635965377703283
GENE_4725,GENE_4725,-0.21106017813341094,0.5710553317509723,0.9492137805631363,Not Significant,6.816303500350807,7.0273636784842175,0.022635965377703283
GENE_3768,GENE_3768,-0.20333372084741264,0.5729320239226123,0.9492137805631363,Not Significant,6.818634821029305,7.021968541876718,0.022635965377703283
GENE_1848,GENE_1848,0.20713643635333678,0.5759924389208605,0.9492137805631363,Not Significant,7.058278344416663,6.851141908063326,0.022635965377703283
GENE_218,GENE_218,-0.20474646223840853,0.5667921152373359,0.9492137805631363,Not Significant,7.1470909214636835,7.351837383702092,0.022635965377703283
GENE_3762,GENE_3762,-0.21058345763862363,0.5695986740833962,0.9492137805631363,Not Significant,7.031328466241885,7.241911923880509,0.022635965377703283
GENE_2980,GENE_2980,-0.22408018909333727,0.5669144985067525,0.9492137805631363,Not Significant,6.644517054202452,6.868597243295789,0.022635965377703283
GENE_746,GENE_746,-0.22838103288343792,0.5763327741425973,0.9492137805631363,Not Significant,6.815269137956675,7.043650170840113,0.022635965377703283
GENE_338,GENE_338,0.21644966417043943,0.5729357823264593,0.9492137805631363,Not Significant,7.07934409398777,6.862894429817331,0.022635965377703283
GENE_2802,GENE_2802,-0.2201919847313203,0.5637515414285831,0.9492137805631363,Not Significant,6.912841939552974,7.133033924284295,0.022635965377703283
GENE_500,GENE_500,-0.22404524994350083,0.5624756129285717,0.9492137805631363,Not Significant,7.055782169729012,7.279827419672513,0.022635965377703283
GENE_3563,GENE_3563,-0.2091433350122447,0.5630662813701818,0.9492137805631363,Not Significant,6.893611547254082,7.102754882266327,0.022635965377703283
GENE_3731,GENE_3731,-0.2164178218752415,0.5711555112502937,0.9492137805631363,Not Significant,6.993483667729292,7.209901489604533,0.022635965377703283
GENE_1815,GENE_1815,-0.21347648661863783,0.5748959893295494,0.9492137805631363,Not Significant,6.68579107772869,6.899267564347328,0.022635965377703283
GENE_2973,GENE_2973,-0.20518299481153424,0.5741828709110024,0.9492137805631363,Not Significant,6.986665092669364,7.191848087480898,0.022635965377703283
GENE_2795,GENE_2795,0.21164030238493048,0.559571943395454,0.9492137805631363,Not Significant,7.045580453640659,6.833940151255729,0.022635965377703283
GENE_793,GENE_793,-0.21141395442796362,0.5616015994181915,0.9492137805631363,Not Significant,6.688823544201808,6.900237498629772,0.022635965377703283
GENE_782,GENE_782,-0.21145509922882244,0.5761959628845377,0.9492137805631363,Not Significant,6.866791282812351,7.078246382041174,0.022635965377703283
GENE_2570,GENE_2570,0.22469027814263232,0.5680868790063874,0.9492137805631363,Not Significant,6.938815380723566,6.714125102580934,0.022635965377703283
GENE_2204,GENE_2204,0.21856794312223293,0.5746792490826713,0.9492137805631363,Not Significant,7.374320670384919,7.155752727262686,0.022635965377703283
GENE_3898,GENE_3898,0.1993662322051497,0.5733999218757906,0.9492137805631363,Not Significant,7.061972810167975,6.862606577962826,0.022635965377703283
GENE_4516,GENE_4516,-0.20643061733544243,0.5668557306254005,0.9492137805631363,Not Significant,6.694921167935857,6.9013517852712996,0.022635965377703283
GENE_3445,GENE_3445,-0.21382507909337622,0.5690851497665281,0.9492137805631363,Not Significant,6.8383869904597905,7.052212069553167,0.022635965377703283
GENE_2704,GENE_2704,0.21229115671591714,0.5747334150495395,0.9492137805631363,Not Significant,7.13117807604492,6.918886919329003,0.022635965377703283
GENE_3210,GENE_3210,-0.2022152542695581,0.5687266819109597,0.9492137805631363,Not Significant,6.970568859914358,7.172784114183916,0.022635965377703283
GENE_108,GENE_108,0.20351538773371036,0.5682663184364465,0.9492137805631363,Not Significant,7.197150859022549,6.9936354712888384,0.022635965377703283
GENE_2384,GENE_2384,0.22271779501623623,0.5749665099852297,0.9492137805631363,Not Significant,7.001091646194906,6.77837385117867,0.022635965377703283
GENE_4173,GENE_4173,0.2189997575075484,0.5705468251800703,0.9492137805631363,Not Significant,7.238587137755945,7.019587380248397,0.022635965377703283
GENE_3649,GENE_3649,-0.21423934801416245,0.5593077507537092,0.9492137805631363,Not Significant,7.083295557995208,7.29753490600937,0.022635965377703283
GENE_4915,GENE_4915,-0.22045753048800165,0.56126692092616,0.9492137805631363,Not Significant,6.754595554387295,6.975053084875297,0.022635965377703283
GENE_3051,GENE_3051,-0.22738880087142554,0.5573511713068223,0.9492137805631363,Not Significant,6.746449878005821,6.973838678877247,0.022635965377703283
GENE_3050,GENE_3050,-0.19911752371263258,0.5752392425612317,0.9492137805631363,Not Significant,7.017036746733069,7.216154270445702,0.022635965377703283
GENE_4585,GENE_4585,-0.2461704468863548,0.5570298140040669,0.9492137805631363,Not Significant,6.631862393713216,6.8780328405995705,0.022635965377703283
GENE_583,GENE_583,0.21151673108757496,0.5651900558326601,0.9492137805631363,Not Significant,7.061353232170492,6.849836501082917,0.022635965377703283
GENE_3021,GENE_3021,-0.2127407892053279,0.5611295170383107,0.9492137805631363,Not Significant,6.821422534287619,7.034163323492947,0.022635965377703283
GENE_3858,GENE_3858,0.20456742793349925,0.576833563748899,0.9495140309103647,Not Significant,7.180875860450898,6.976308432517399,0.022498613336731685
GENE_334,GENE_334,-0.21078626343158202,0.5791480920956383,0.9503947725474362,Not Significant,6.926687882855142,7.137474146286724,0.022095961104512972
GENE_1141,GENE_1141,0.20979832388306896,0.5808277445867751,0.9503947725474362,Not Significant,7.135761269801126,6.925962945918057,0.022095961104512972
GENE_921,GENE_921,0.2093634714151431,0.5817485188738089,0.9503947725474362,Not Significant,6.950903492504249,6.741540021089106,0.022095961104512972
GENE_3108,GENE_3108,-0.19921699210228283,0.5808020761927914,0.9503947725474362,Not Significant,7.15338225784953,7.352599249951813,0.022095961104512972
GENE_4456,GENE_4456,-0.203077454687981,0.5787561738977022,0.9503947725474362,Not Significant,7.1436384804675095,7.3467159351554905,0.022095961104512972
GENE_2755,GENE_2755,0.20400215865396998,0.5780216121796735,0.9503947725474362,Not Significant,7.197989984399661,6.993987825745691,0.022095961104512972
GENE_731,GENE_731,-0.19729887143065383,0.5788487580615986,0.9503947725474362,Not Significant,6.847673284717568,7.044972156148222,0.022095961104512972
GENE_4528,GENE_4528,0.2105184594166607,0.5782991755411528,0.9503947725474362,Not Significant,6.992274796877703,6.781756337461042,0.022095961104512972
GENE_77,GENE_77,0.20558463295141127,0.581920801392137,0.9503947725474362,Not Significant,7.093033990343814,6.887449357392403,0.022095961104512972
GENE_762,GENE_762,0.20411429927435343,0.5817886280709978,0.9503947725474362,Not Significant,6.924332602456925,6.7202183031825715,0.022095961104512972
GENE_779,GENE_779,-0.20104224382403668,0.5795015705372338,0.9503947725474362,Not Significant,6.530835700189986,6.731877944014022,0.022095961104512972
GENE_2584,GENE_2584,0.21459958779186916,0.5807205731635627,0.9503947725474362,Not Significant,7.0505391625274605,6.835939574735591,0.022095961104512972
GENE_1532,GENE_1532,-0.22387036724523135,0.5814891661187154,0.9503947725474362,Not Significant,7.1041522379118245,7.328022605157056,0.022095961104512972
GENE_2329,GENE_2329,-0.2010542358899201,0.5815170460482751,0.9503947725474362,Not Significant,6.895388369219966,7.096442605109886,0.022095961104512972
GENE_3655,GENE_3655,0.2188480597639435,0.5802749536576892,0.9503947725474362,Not Significant,7.033927475272817,6.815079415508873,0.022095961104512972
GENE_826,GENE_826,-0.20124674260857134,0.5780082066524438,0.9503947725474362,Not Significant,7.079509534835507,7.280756277444079,0.022095961104512972
GENE_2003,GENE_2003,0.2225130602715213,0.5817166528340949,0.9503947725474362,Not Significant,6.959268458016309,6.736755397744788,0.022095961104512972
GENE_1669,GENE_1669,0.2107409297683427,0.5813533481503732,0.9503947725474362,Not Significant,7.081755981298411,6.871015051530068,0.022095961104512972
GENE_4377,GENE_4377,0.19399522180502693,0.5830597485627869,0.9514279353447472,Not Significant,6.849120461701118,6.655125239896091,0.02162410119448287
GENE_84,GENE_84,-0.20578040387869834,0.5828207949801536,0.9514279353447472,Not Significant,6.946150478079753,7.151930881958451,0.02162410119448287
GENE_2824,GENE_2824,-0.20140048521800047,0.5833445085126576,0.9514794544229893,Not Significant,7.103865499479,7.305265984697001,0.02160058512478967
GENE_1720,GENE_1720,-0.20627222842276893,0.5888322704898814,0.9522865189874447,Not Significant,6.747667266137996,6.953939494560765,0.0212323637018047
GENE_3189,GENE_3189,0.1942586005063065,0.5889073629927678,0.9522865189874447,Not Significant,7.041655322166095,6.847396721659789,0.0212323637018047
GENE_4219,GENE_4219,0.2190367357933063,0.587354102557977,0.9522865189874447,Not Significant,6.7912446771630375,6.572207941369731,0.0212323637018047
GENE_2246,GENE_2246,0.20191564435536957,0.5875653123484798,0.9522865189874447,Not Significant,6.995888401187866,6.793972756832496,0.0212323637018047
GENE_3701,GENE_3701,-0.20812441120404923,0.5888680890568228,0.9522865189874447,Not Significant,7.143695491673455,7.351819902877504,0.0212323637018047
GENE_1743,GENE_1743,0.1928835884416067,0.5855263033232285,0.9522865189874447,Not Significant,7.268319397724915,7.0754358092833085,0.0212323637018047
GENE_1416,GENE_1416,-0.21983830201990973,0.5851658635357713,0.9522865189874447,Not Significant,6.916346687263211,7.13618498928312,0.0212323637018047
GENE_2700,GENE_2700,-0.20715811121140515,0.5864166946295466,0.9522865189874447,Not Significant,6.994569814649007,7.201727925860412,0.0212323637018047
GENE_942,GENE_942,-0.19880371216080128,0.5862319323595715,0.9522865189874447,Not Significant,6.808654126993684,7.007457839154485,0.0212323637018047
GENE_620,GENE_620,0.19812157571576172,0.5858120171590974,0.9522865189874447,Not Significant,7.314808661356271,7.11668708564051,0.0212323637018047
GENE_4119,GENE_4119,0.20788630564364308,0.5874250798099022,0.9522865189874447,Not Significant,7.199828312489741,6.991942006846098,0.0212323637018047
GENE_182,GENE_182,0.19739699830993285,0.5876989598153396,0.9522865189874447,Not Significant,7.128422061860446,6.931025063550513,0.0212323637018047
GENE_1274,GENE_1274,-0.1952124915744573,0.5877608266811434,0.9522865189874447,Not Significant,7.056262994232942,7.251475485807399,0.0212323637018047
GENE_3911,GENE_3911,0.20261982295960568,0.5845687397621883,0.9522865189874447,Not Significant,7.010854003743946,6.80823418078434,0.0212323637018047
GENE_214,GENE_214,-0.2033748524681176,0.5873134473197752,0.9522865189874447,Not Significant,6.523442896936484,6.726817749404602,0.0212323637018047
GENE_2890,GENE_2890,-0.1955135379102817,0.5843787719003946,0.9522865189874447,Not Significant,7.143756393830924,7.339269931741206,0.0212323637018047
GENE_2200,GENE_2200,0.20291310177728583,0.58842918298726,0.9522865189874447,Not Significant,7.0461247242589975,6.843211622481712,0.0212323637018047
GENE_3958,GENE_3958,-0.19071260702808868,0.5882658399946976,0.9522865189874447,Not Significant,6.681959455538103,6.872672062566192,0.0212323637018047
GENE_1169,GENE_1169,-0.19440459847129876,0.5868034787523101,0.9522865189874447,Not Significant,6.971374347057477,7.165778945528776,0.0212323637018047
GENE_2807,GENE_2807,0.2184749219916471,0.5865075898409904,0.9522865189874447,Not Significant,6.769278183267151,6.550803261275504,0.0212323637018047
GENE_688,GENE_688,0.1940137348663864,0.5898881180808667,0.9530522561254932,Not Significant,7.067864357665528,6.873850622799141,0.020883286219216375
GENE_3389,GENE_3389,-0.19707490086629953,0.5898381323350553,0.9530522561254932,Not Significant,6.747953420867674,6.945028321733973,0.020883286219216375
GENE_4589,GENE_4589,0.1912829105669962,0.5913826370294141,0.9538265879641794,Not Significant,7.218279510223941,7.026996599656945,0.02053057575286467
GENE_2473,GENE_2473,-0.19713762115034417,0.5911601849096922,0.9538265879641794,Not Significant,6.65681228888873,6.853949910039074,0.02053057575286467
GENE_417,GENE_417,-0.20114092465200262,0.5911525210182021,0.9538265879641794,Not Significant,7.039022429159278,7.240163353811281,0.02053057575286467
GENE_2742,GENE_2742,-0.19107353773697167,0.591359619482969,0.9538265879641794,Not Significant,7.147080598148275,7.3381541358852465,0.02053057575286467
GENE_1143,GENE_1143,0.20092611720976628,0.5924547799600373,0.9541601056263815,Not Significant,7.282718340303844,7.0817922230940775,0.020378745677452202
GENE_4849,GENE_4849,-0.18955470534103203,0.5926162315624138,0.9541601056263815,Not Significant,7.131363456326015,7.320918161667047,0.020378745677452202
GENE_301,GENE_301,-0.20130885732666837,0.5931443563864869,0.9541601056263815,Not Significant,6.978756135953825,7.180064993280493,0.020378745677452202
GENE_4839,GENE_4839,-0.21615581445059195,0.5918434309332071,0.9541601056263815,Not Significant,6.836759476756144,7.052915291206736,0.020378745677452202
GENE_524,GENE_524,0.2010334218341816,0.5933667288049105,0.9541601056263815,Not Significant,7.144222492032366,6.943189070198184,0.020378745677452202
GENE_331,GENE_331,-0.21106424220140863,0.5928717277342491,0.9541601056263815,Not Significant,6.981244056753505,7.192308298954914,0.020378745677452202
GENE_1369,GENE_1369,-0.21550312783040226,0.5928673830107035,0.9541601056263815,Not Significant,6.729802036441584,6.9453051642719865,0.020378745677452202
GENE_693,GENE_693,0.19439535622616244,0.5944080000077646,0.954609087191957,Not Significant,7.020614351722231,6.826218995496069,0.0201744357789736
GENE_4070,GENE_4070,-0.2089944737974383,0.5941902560250594,0.954609087191957,Not Significant,6.9502540212180355,7.159248495015474,0.0201744357789736
GENE_2823,GENE_2823,0.2006635625272546,0.5941917165431166,0.954609087191957,Not Significant,7.1229098258199635,6.922246263292709,0.0201744357789736
GENE_2913,GENE_2913,0.21411215173171705,0.5949219609744076,0.9550087716810723,Not Significant,6.806980586654001,6.592868434922284,0.019992639436995297
GENE_4030,GENE_4030,0.20133366038704725,0.5951651259385501,0.9550087716810723,Not Significant,7.542721205398565,7.341387545011518,0.019992639436995297
GENE_4699,GENE_4699,-0.19430980215332916,0.5964786657493215,0.9567079922688647,Not Significant,6.707066527475804,6.901376329629133,0.019220597957763486
GENE_692,GENE_692,0.19716768706690324,0.5974160301785736,0.9576421982979477,Not Significant,6.836647561595695,6.639479874528792,0.01879672508685659
GENE_2831,GENE_2831,0.18809647152776066,0.5982427985257348,0.9576421982979477,Not Significant,7.16976753383149,6.98167106230373,0.01879672508685659
GENE_2325,GENE_2325,-0.19869017725845595,0.5986426525286311,0.9576421982979477,Not Significant,7.254884351567872,7.453574528826328,0.01879672508685659
GENE_2489,GENE_2489,0.1970545525687042,0.5993545637032393,0.9576421982979477,Not Significant,6.928315145681819,6.731260593113115,0.01879672508685659
GENE_1588,GENE_1588,0.18809401363389977,0.5978737351734829,0.9576421982979477,Not Significant,7.021470400832609,6.833376387198709,0.01879672508685659
GENE_3888,GENE_3888,0.2117066941055752,0.5988969843776412,0.9576421982979477,Not Significant,7.291037158195144,7.079330464089569,0.01879672508685659
GENE_4556,GENE_4556,0.18818383580321552,0.5981077544354124,0.9576421982979477,Not Significant,7.047395751017627,6.859211915214411,0.01879672508685659
GENE_3916,GENE_3916,0.21186031302941544,0.598357364600468,0.9576421982979477,Not Significant,6.834179886526852,6.622319573497436,0.01879672508685659
GENE_3928,GENE_3928,0.19646073789543728,0.5993030867914825,0.9576421982979477,Not Significant,6.988676728913985,6.792215991018548,0.01879672508685659
GENE_1831,GENE_1831,-0.20384476591838663,0.599885609580216,0.9580833492573105,Not Significant,6.9973559801292575,7.201200746047644,0.018596707468499257
GENE_2029,GENE_2029,0.20192818560989867,0.6003770966190343,0.9584609724274982,Not Significant,6.8355853286496675,6.633657143039769,0.01842556646297385
GENE_3154,GENE_3154,-0.20059690023886034,0.6009674170259547,0.9589959886129672,Not Significant,7.08776736948628,7.2883642697251405,0.01818320943715359
GENE_653,GENE_653,-0.1872396059995447,0.6022039099095763,0.9592249568965272,Not Significant,7.096459366068619,7.283698972068164,0.018079530387265175
GENE_4913,GENE_4913,-0.18742694676551253,0.601684761518051,0.9592249568965272,Not Significant,6.7978061109710834,6.985233057736596,0.018079530387265175
GENE_4884,GENE_4884,-0.18685483069037812,0.6019683151137862,0.9592249568965272,Not Significant,6.84211290030898,7.028967730999358,0.018079530387265175
GENE_829,GENE_829,0.18970888453378354,0.6014435728794396,0.9592249568965272,Not Significant,7.110821179611466,6.921112295077682,0.018079530387265175
GENE_4635,GENE_4635,0.21965625730454885,0.602387146960033,0.9592249568965272,Not Significant,6.869288395670608,6.6496321383660595,0.018079530387265175
GENE_62,GENE_62,0.18877624389629233,0.6065280992724759,0.9600766592647191,Not Significant,6.888247699378897,6.6994714554826045,0.01769408845370499
GENE_1414,GENE_1414,0.20242156202433392,0.6107584016269815,0.9600766592647191,Not Significant,7.091957290316673,6.889535728292339,0.01769408845370499
GENE_4596,GENE_4596,0.19295933630710937,0.606409779621918,0.9600766592647191,Not Significant,7.100301132474453,6.907341796167343,0.01769408845370499
GENE_387,GENE_387,-0.1939151061947504,0.6126158748602376,0.9600766592647191,Not Significant,6.914231448627728,7.108146554822478,0.01769408845370499
GENE_4273,GENE_4273,0.19938461365726212,0.6092426977855453,0.9600766592647191,Not Significant,7.106674355403878,6.907289741746616,0.01769408845370499
GENE_934,GENE_934,0.18509993649151113,0.6048003294513562,0.9600766592647191,Not Significant,7.28873174339502,7.1036318069035085,0.01769408845370499
GENE_3594,GENE_3594,0.20806868323939032,0.6075620709836348,0.9600766592647191,Not Significant,6.9985327816785174,6.790464098439127,0.01769408845370499
GENE_406,GENE_406,-0.19269296522963053,0.6088364484886193,0.9600766592647191,Not Significant,6.8765275558630234,7.069220521092654,0.01769408845370499
GENE_3580,GENE_3580,-0.188362554735515,0.61288021265597,0.9600766592647191,Not Significant,6.872911507083943,7.061274061819458,0.01769408845370499
GENE_358,GENE_358,-0.1789524590261804,0.6135100808058581,0.9600766592647191,Not Significant,6.753756020379795,6.932708479405975,0.01769408845370499
GENE_1812,GENE_1812,0.18838571455085162,0.6092228529008225,0.9600766592647191,Not Significant,7.168958560975578,6.980572846424726,0.01769408845370499
GENE_4743,GENE_4743,0.19612824736523127,0.6117512805719805,0.9600766592647191,Not Significant,6.927953068552703,6.731824821187471,0.01769408845370499
GENE_2213,GENE_2213,0.18260473436198854,0.6090270073015671,0.9600766592647191,Not Significant,7.234557952176469,7.05195321781448,0.01769408845370499
GENE_120,GENE_120,-0.19023609094257488,0.6037732342591726,0.9600766592647191,Not Significant,6.820874494654839,7.011110585597414,0.01769408845370499
GENE_1531,GENE_1531,0.1923184050754827,0.6036061035973207,0.9600766592647191,Not Significant,7.029432921472118,6.837114516396635,0.01769408845370499
GENE_2790,GENE_2790,0.17982547450788378,0.6120355080349632,0.9600766592647191,Not Significant,6.468382588317843,6.28855711380996,0.01769408845370499
GENE_2176,GENE_2176,-0.19407657161667835,0.6058200540754641,0.9600766592647191,Not Significant,6.857330231334321,7.051406802950999,0.01769408845370499
GENE_200,GENE_200,0.1943323090861382,0.6051291148043392,0.9600766592647191,Not Significant,6.890851936716419,6.6965196276302805,0.01769408845370499
GENE_1852,GENE_1852,-0.20612282674965776,0.6114999868770719,0.9600766592647191,Not Significant,6.540897095146204,6.747019921895862,0.01769408845370499
GENE_2983,GENE_2983,0.19096617574676955,0.6113372943798426,0.9600766592647191,Not Significant,7.1301144413503,6.939148265603531,0.01769408845370499
GENE_1217,GENE_1217,-0.20983537359858406,0.6043843967156397,0.9600766592647191,Not Significant,7.158324631115507,7.368160004714091,0.01769408845370499
GENE_2588,GENE_2588,-0.1911087754978995,0.6097927397405185,0.9600766592647191,Not Significant,6.502448043674538,6.6935568191724375,0.01769408845370499
GENE_2123,GENE_2123,-0.1829741834847507,0.6071204149370893,0.9600766592647191,Not Significant,7.243153481627863,7.426127665112614,0.01769408845370499
GENE_3539,GENE_3539,0.19218682762627903,0.6111554931656159,0.9600766592647191,Not Significant,7.086918176200304,6.894731348574025,0.01769408845370499
GENE_4710,GENE_4710,-0.1836782142257496,0.6139074540215859,0.9600766592647191,Not Significant,6.7611409846394555,6.944819198865205,0.01769408845370499
GENE_3113,GENE_3113,-0.19093045250858687,0.6086673832162257,0.9600766592647191,Not Significant,7.35162725831066,7.5425577108192465,0.01769408845370499
GENE_3099,GENE_3099,-0.1975596674321407,0.6082917368264977,0.9600766592647191,Not Significant,6.770578980293495,6.9681386477256355,0.01769408845370499
GENE_3938,GENE_3938,-0.18231687250016915,0.6135394693309243,0.9600766592647191,Not Significant,6.722784308092155,6.905101180592324,0.01769408845370499
GENE_3930,GENE_3930,0.2191604170104844,0.6056738512143325,0.9600766592647191,Not Significant,6.763646239071666,6.544485822061182,0.01769408845370499
GENE_2071,GENE_2071,-0.19455397284954845,0.6133511995382903,0.9600766592647191,Not Significant,6.924594774144839,7.119148746994387,0.01769408845370499
GENE_1306,GENE_1306,0.18735644452639733,0.6116835411132555,0.9600766592647191,Not Significant,7.077707154710991,6.8903507101845936,0.01769408845370499
GENE_3547,GENE_3547,-0.18345569166899,0.6103670243556927,0.9600766592647191,Not Significant,7.059184265823443,7.242639957492433,0.01769408845370499
GENE_1375,GENE_1375,0.19801230721308283,0.6069003958448279,0.9600766592647191,Not Significant,6.921109042973453,6.72309673576037,0.01769408845370499
GENE_2024,GENE_2024,-0.1883173011627477,0.6114236048948463,0.9600766592647191,Not Significant,6.75791823440509,6.946235535567838,0.01769408845370499
GENE_2045,GENE_2045,-0.19520409706763875,0.6117179957027461,0.9600766592647191,Not Significant,6.9643553436898,7.159559440757438,0.01769408845370499
GENE_1358,GENE_1358,-0.19772334177460316,0.6059196579487723,0.9600766592647191,Not Significant,6.629293846543334,6.827017188317937,0.01769408845370499
GENE_696,GENE_696,-0.1837360536316357,0.6064461946185481,0.9600766592647191,Not Significant,7.1357257725943075,7.319461826225943,0.01769408845370499
GENE_4494,GENE_4494,-0.20630172334317898,0.6113263796422472,0.9600766592647191,Not Significant,7.051744471467438,7.258046194810617,0.01769408845370499
GENE_4894,GENE_4894,-0.18990751727814636,0.607916559791792,0.9600766592647191,Not Significant,6.883425669353051,7.0733331866311975,0.01769408845370499
GENE_1671,GENE_1671,-0.1905153282359473,0.6052243174232235,0.9600766592647191,Not Significant,7.260652153303763,7.45116748153971,0.01769408845370499
GENE_2931,GENE_2931,-0.19320149033847134,0.6136871566638533,0.9600766592647191,Not Significant,7.007980733657744,7.2011822239962155,0.01769408845370499
GENE_4912,GENE_4912,-0.19120080004442475,0.6126644434228428,0.9600766592647191,Not Significant,6.697503800549697,6.888704600594122,0.01769408845370499
GENE_4810,GENE_4810,-0.18779220418314768,0.6034883862264044,0.9600766592647191,Not Significant,6.725334364090514,6.913126568273662,0.01769408845370499
GENE_1013,GENE_1013,-0.18801220182553546,0.614876142450555,0.9611915737642203,Not Significant,6.968912712150728,7.156924913976264,0.017190045071365328
GENE_984,GENE_984,-0.18462703514500056,0.6192084766359721,0.9611990247900636,Not Significant,6.522163509860026,6.706790545005027,0.017186678492886714
GENE_1051,GENE_1051,0.1800252723873097,0.6184071991856934,0.9611990247900636,Not Significant,7.13045268907724,6.95042741668993,0.017186678492886714
GENE_3264,GENE_3264,-0.19518431914658496,0.6177787720988877,0.9611990247900636,Not Significant,6.76241192306267,6.957596242209255,0.017186678492886714
GENE_2414,GENE_2414,-0.18809837587593137,0.6189196274829111,0.9611990247900636,Not Significant,6.785405237322277,6.973503613198209,0.017186678492886714
GENE_1339,GENE_1339,0.17902679744298133,0.6176154577679022,0.9611990247900636,Not Significant,7.176467821777707,6.997441024334726,0.017186678492886714
GENE_2028,GENE_2028,0.19220876587968494,0.6184090386374075,0.9611990247900636,Not Significant,7.313748024350726,7.121539258471041,0.017186678492886714
GENE_2022,GENE_2022,0.19392689831096366,0.6176182065506227,0.9611990247900636,Not Significant,6.94069234296302,6.746765444652056,0.017186678492886714
GENE_669,GENE_669,-0.18544884874989176,0.6166993980481162,0.9611990247900636,Not Significant,6.847999740281588,7.0334485890314795,0.017186678492886714
GENE_2993,GENE_2993,-0.1873581592708531,0.616416443773763,0.9611990247900636,Not Significant,7.18274032264314,7.370098481913993,0.017186678492886714
GENE_1843,GENE_1843,0.1802161510918081,0.6179381570519278,0.9611990247900636,Not Significant,7.229935287819868,7.04971913672806,0.017186678492886714
GENE_2124,GENE_2124,-0.18034360317602438,0.6186468344023978,0.9611990247900636,Not Significant,6.861837623503264,7.042181226679288,0.017186678492886714
GENE_1871,GENE_1871,0.20369512614132734,0.6158339132208982,0.9611990247900636,Not Significant,7.047368076848708,6.843672950707381,0.017186678492886714
GENE_3593,GENE_3593,0.1866447151495123,0.6192290683918956,0.9611990247900636,Not Significant,6.938783902144143,6.752139186994631,0.017186678492886714
GENE_2932,GENE_2932,-0.1893385107383967,0.6183434785220868,0.9611990247900636,Not Significant,6.773742337035226,6.963080847773623,0.017186678492886714
GENE_885,GENE_885,0.17998083130373743,0.6181579365185333,0.9611990247900636,Not Significant,6.958215038279595,6.778234206975857,0.017186678492886714
GENE_2822,GENE_2822,0.18210386952275837,0.6183405287194094,0.9611990247900636,Not Significant,7.089230771299021,6.907126901776262,0.017186678492886714
GENE_1131,GENE_1131,-0.1774526903891882,0.618368613762287,0.9611990247900636,Not Significant,6.966429272663379,7.143881963052567,0.017186678492886714
GENE_2165,GENE_2165,0.19777904865593232,0.6202646023295767,0.9616148414003916,Not Significant,7.044798564769377,6.847019516113445,0.016998842462223968
GENE_1599,GENE_1599,-0.17500499124739122,0.6201083865060427,0.9616148414003916,Not Significant,7.029490134455219,7.204495125702611,0.016998842462223968
GENE_4028,GENE_4028,-0.1961939963160475,0.620159805879458,0.9616148414003916,Not Significant,6.379734880223787,6.575928876539835,0.016998842462223968
GENE_4366,GENE_4366,0.17930951185850397,0.6218780761530622,0.9630080850704635,Not Significant,7.053491208147336,6.874181696288832,0.016370066679465216
GENE_3796,GENE_3796,0.18705550770858181,0.622957066207104,0.9630080850704635,Not Significant,7.192513003762861,7.005457496054279,0.016370066679465216
GENE_3284,GENE_3284,-0.17826627357328206,0.6221652559930048,0.9630080850704635,Not Significant,6.869885126572476,7.048151400145758,0.016370066679465216
GENE_2294,GENE_2294,0.21332878648825293,0.6226524083598448,0.9630080850704635,Not Significant,7.180129474759866,6.966800688271613,0.016370066679465216
GENE_2789,GENE_2789,-0.1824071793141222,0.6228070560436105,0.9630080850704635,Not Significant,7.050034765207244,7.232441944521367,0.016370066679465216
GENE_3527,GENE_3527,-0.1793308825657025,0.6228564087741864,0.9630080850704635,Not Significant,7.3491660034496284,7.528496886015331,0.016370066679465216
GENE_2689,GENE_2689,-0.1880290741661108,0.6222470766095297,0.9630080850704635,Not Significant,6.909647526382855,7.097676600548966,0.016370066679465216
GENE_2805,GENE_2805,-0.19961886246953942,0.6232726680845715,0.9630997889234456,Not Significant,6.757987398366068,6.9576062608356075,0.01632871232139711
GENE_568,GENE_568,0.17664275207150126,0.6237873450953899,0.9634989078785348,Not Significant,7.157305504877756,6.980662752806254,0.016148773278995006
GENE_1499,GENE_1499,0.20779615734027423,0.6284723338365428,0.9648896571143386,Not Significant,6.90680450867596,6.699008351335686,0.015522348880403089
GENE_560,GENE_560,-0.18854198167074365,0.6263094826642498,0.9648896571143386,Not Significant,7.160520529834795,7.349062511505538,0.015522348880403089
GENE_4440,GENE_4440,0.17825513649889668,0.627287309932576,0.9648896571143386,Not Significant,7.050252324492703,6.871997187993807,0.015522348880403089
GENE_4058,GENE_4058,-0.17591865290701048,0.6277648290917934,0.9648896571143386,Not Significant,6.898889548647333,7.074808201554344,0.015522348880403089
GENE_1766,GENE_1766,0.1878682282691857,0.6292392779673004,0.9648896571143386,Not Significant,7.363859000506499,7.175990772237314,0.015522348880403089
GENE_3325,GENE_3325,0.17600734411219943,0.6286273813066683,0.9648896571143386,Not Significant,7.086665917478672,6.910658573366472,0.015522348880403089
GENE_4630,GENE_4630,-0.1760264275710517,0.6266056251810089,0.9648896571143386,Not Significant,6.949527992641977,7.125554420213029,0.015522348880403089
GENE_449,GENE_449,0.205141737185909,0.6253734666080547,0.9648896571143386,Not Significant,6.782672817227632,6.577531080041723,0.015522348880403089
GENE_3794,GENE_3794,0.18038610671737665,0.6295661094317079,0.9648896571143386,Not Significant,6.856027637811123,6.6756415310937465,0.015522348880403089
GENE_3882,GENE_3882,0.17732198091677187,0.6294638299129691,0.9648896571143386,Not Significant,6.975031054887746,6.7977090739709745,0.015522348880403089
GENE_3382,GENE_3382,-0.1772119663629379,0.6285994245607582,0.9648896571143386,Not Significant,6.557870616704599,6.735082583067537,0.015522348880403089
GENE_2069,GENE_2069,0.17071815261717482,0.6290269334578618,0.9648896571143386,Not Significant,6.853558476243303,6.682840323626128,0.015522348880403089
GENE_2465,GENE_2465,0.1955579336049924,0.6291071715867489,0.9648896571143386,Not Significant,7.010209077012067,6.814651143407074,0.015522348880403089
GENE_1742,GENE_1742,-0.19110062210113732,0.6256200154360811,0.9648896571143386,Not Significant,6.91689844304027,7.107999065141407,0.015522348880403089
GENE_1970,GENE_1970,0.17311344263346573,0.6288121586268625,0.9648896571143386,Not Significant,6.791062971213546,6.6179495285800805,0.015522348880403089
GENE_4252,GENE_4252,0.19089153815394244,0.6294910909700602,0.9648896571143386,Not Significant,7.283341298225162,7.0924497600712195,0.015522348880403089
GENE_4394,GENE_4394,-0.1763398461034038,0.6283592851607113,0.9648896571143386,Not Significant,7.1486872281353895,7.325027074238793,0.015522348880403089
GENE_4735,GENE_4735,0.17991776239907864,0.6270451490873317,0.9648896571143386,Not Significant,6.668734246304426,6.488816483905348,0.015522348880403089
GENE_4270,GENE_4270,0.17460659519277666,0.6251847969196372,0.9648896571143386,Not Significant,7.488003647107884,7.313397051915107,0.015522348880403089
GENE_723,GENE_723,0.17551302931974266,0.6300273021044311,0.9652028541820025,Not Significant,7.177081332749735,7.001568303429992,0.015381402517850536
GENE_4930,GENE_4930,-0.18378199895194935,0.6304003430333722,0.9653808024121486,Not Significant,7.049375346249794,7.233157345201743,0.015301341822866589
GENE_4190,GENE_4190,-0.20546292519397547,0.6320011278871498,0.9655044956019582,Not Significant,6.763920816639478,6.969383741833454,0.015245699708949179
GENE_213,GENE_213,-0.17729084310328247,0.6320221388185826,0.9655044956019582,Not Significant,6.9308595187969955,7.108150361900278,0.015245699708949179
GENE_3510,GENE_3510,0.17248363278455958,0.6313651818023532,0.9655044956019582,Not Significant,7.327273703403284,7.154790070618724,0.015245699708949179
GENE_3897,GENE_3897,-0.1803867478808625,0.6320226341620057,0.9655044956019582,Not Significant,7.006954698460327,7.18734144634119,0.015245699708949179
GENE_1804,GENE_1804,-0.17246550532277194,0.6316669818792451,0.9655044956019582,Not Significant,6.748369865500225,6.920835370822997,0.015245699708949179
GENE_1411,GENE_1411,0.1738949435772561,0.6314316422845587,0.9655044956019582,Not Significant,7.08951577110774,6.915620827530484,0.015245699708949179
GENE_3034,GENE_3034,-0.1840623972240243,0.6327321577683909,0.9655736893236202,Not Significant,6.501570741520313,6.685633138744337,0.015214576731383992
GENE_4941,GENE_4941,0.17237136120575602,0.6330834394119942,0.9655736893236202,Not Significant,7.312800492333523,7.140429131127767,0.015214576731383992
GENE_2107,GENE_2107,-0.16839591193610381,0.6330956813447047,0.9655736893236202,Not Significant,6.8952364275552185,7.063632339491322,0.015214576731383992
GENE_4490,GENE_4490,-0.1870323680075643,0.6329372930875496,0.9655736893236202,Not Significant,6.908252837578589,7.095285205586153,0.015214576731383992
GENE_2147,GENE_2147,0.17087492605567167,0.6340032492053841,0.9660595050823976,Not Significant,7.519429811508483,7.3485548854528115,0.01499612210105529
GENE_416,GENE_416,-0.1984633349905618,0.6346995524343906,0.9660595050823976,Not Significant,6.829653748726045,7.028117083716607,0.01499612210105529
GENE_2467,GENE_2467,0.17274532334705928,0.6346478093091564,0.9660595050823976,Not Significant,7.363841390200554,7.191096066853495,0.01499612210105529
GENE_3788,GENE_3788,0.1778951270553515,0.6346465840620308,0.9660595050823976,Not Significant,7.177571847996517,6.999676720941165,0.01499612210105529
GENE_623,GENE_623,-0.17679470366409245,0.6339394652762783,0.9660595050823976,Not Significant,6.896263428812633,7.073058132476725,0.01499612210105529
GENE_3219,GENE_3219,0.1775184153663929,0.6356552735954785,0.9667310878882266,Not Significant,7.020508680859813,6.8429902654934205,0.014694315252955602
GENE_2344,GENE_2344,0.1824024777818014,0.6354520710063503,0.9667310878882266,Not Significant,7.228905747498026,7.046503269716225,0.014694315252955602
GENE_2186,GENE_2186,-0.1788499365464995,0.6361503846902742,0.9670926964668489,Not Significant,6.859628852408817,7.038478788955317,0.014531896512007779
GENE_3373,GENE_3373,-0.18416687068683046,0.6364932024898423,0.967222585910565,Not Significant,6.630908914900257,6.815075785587087,0.014473570685538764
GENE_3376,GENE_3376,0.16965498347165742,0.6368142433709405,0.967319291264347,Not Significant,7.044778820385741,6.875123836914083,0.014430150998378148
GENE_2193,GENE_2193,-0.17098371215455277,0.6560785628627378,0.9676132543988537,Not Significant,7.017443096534423,7.188426808688976,0.014298191289015046
GENE_1847,GENE_1847,0.17465278018154162,0.6373231638655911,0.9676132543988537,Not Significant,6.880891271760695,6.706238491579153,0.014298191289015046
GENE_3825,GENE_3825,-0.172205903830716,0.6489413091335955,0.9676132543988537,Not Significant,6.582944217092913,6.755150120923629,0.014298191289015046
GENE_614,GENE_614,-0.17092487898765896,0.6488611926108948,0.9676132543988537,Not Significant,6.757409419272947,6.928334298260606,0.014298191289015046
GENE_3820,GENE_3820,-0.17444131203998392,0.6538481024766102,0.9676132543988537,Not Significant,6.636321651869045,6.810762963909029,0.014298191289015046
GENE_1437,GENE_1437,-0.15921710201997286,0.6563918567123441,0.9676132543988537,Not Significant,6.904255817624788,7.063472919644761,0.014298191289015046
GENE_1433,GENE_1433,0.1777138667485847,0.65483780448036,0.9676132543988537,Not Significant,7.161015471118146,6.9833016043695615,0.014298191289015046
GENE_593,GENE_593,0.16150708844822415,0.6517412534119973,0.9676132543988537,Not Significant,7.02729665878428,6.865789570336056,0.014298191289015046
GENE_313,GENE_313,0.173018602403479,0.6386685310458372,0.9676132543988537,Not Significant,7.238047446952125,7.065028844548646,0.014298191289015046
GENE_2627,GENE_2627,-0.1651818981894415,0.6552101189153463,0.9676132543988537,Not Significant,6.807988581724851,6.973170479914293,0.014298191289015046
GENE_1851,GENE_1851,-0.1721097894136845,0.6447263269290098,0.9676132543988537,Not Significant,7.023816565555502,7.1959263549691865,0.014298191289015046
GENE_2614,GENE_2614,0.17191326781083305,0.637843674296099,0.9676132543988537,Not Significant,7.274163811797974,7.102250543987141,0.014298191289015046
GENE_3960,GENE_3960,-0.16744890364382403,0.6404107758075884,0.9676132543988537,Not Significant,6.794868327985856,6.96231723162968,0.014298191289015046
GENE_2609,GENE_2609,-0.16625559689027547,0.6412267801333014,0.9676132543988537,Not Significant,6.8670601646981595,7.033315761588435,0.014298191289015046
GENE_3566,GENE_3566,-0.1867353771850997,0.6567734734043836,0.9676132543988537,Not Significant,6.974177954038117,7.160913331223217,0.014298191289015046
GENE_4435,GENE_4435,-0.19093360820899008,0.6470061231183276,0.9676132543988537,Not Significant,7.107521179718612,7.298454787927602,0.014298191289015046
GENE_3145,GENE_3145,0.170194651018293,0.6568915222720054,0.9676132543988537,Not Significant,6.929927959824614,6.759733308806321,0.014298191289015046
GENE_3819,GENE_3819,-0.169254239439117,0.6477643522985432,0.9676132543988537,Not Significant,6.782816943486534,6.952071182925651,0.014298191289015046
GENE_1496,GENE_1496,0.16113146357375197,0.6492925353688422,0.9676132543988537,Not Significant,6.700713065121843,6.539581601548091,0.014298191289015046
GENE_1478,GENE_1478,0.16281679875878652,0.6586556621742377,0.9676132543988537,Not Significant,6.97515326739457,6.812336468635784,0.014298191289015046
GENE_4680,GENE_4680,0.1727452308361821,0.6420820953431049,0.9676132543988537,Not Significant,7.14016975588122,6.967424525045038,0.014298191289015046
GENE_1789,GENE_1789,-0.15926117999219436,0.6579889394325351,0.9676132543988537,Not Significant,7.153035160415268,7.312296340407462,0.014298191289015046
GENE_3703,GENE_3703,-0.1616528059901885,0.6465800405127944,0.9676132543988537,Not Significant,6.595710153297694,6.7573629592878826,0.014298191289015046
GENE_2488,GENE_2488,0.1769739956913554,0.6435050885401347,0.9676132543988537,Not Significant,7.0155319785291,6.838557982837744,0.014298191289015046
GENE_823,GENE_823,-0.17728897984584346,0.6455071006179987,0.9676132543988537,Not Significant,6.800069312074381,6.977358291920225,0.014298191289015046
GENE_2366,GENE_2366,0.17054732916207715,0.647447597553252,0.9676132543988537,Not Significant,7.334091172488604,7.163543843326527,0.014298191289015046
GENE_4418,GENE_4418,-0.17910579172794172,0.6385619870372111,0.9676132543988537,Not Significant,6.9594413698348125,7.138547161562754,0.014298191289015046
GENE_1842,GENE_1842,-0.16892560746547058,0.6493609362450754,0.9676132543988537,Not Significant,6.92695213317802,7.09587774064349,0.014298191289015046
GENE_770,GENE_770,0.16880328732536487,0.6480439504851968,0.9676132543988537,Not Significant,7.3714223172294355,7.202619029904071,0.014298191289015046
GENE_4609,GENE_4609,0.17018732267736691,0.6443625625635823,0.9676132543988537,Not Significant,6.645862628235707,6.47567530555834,0.014298191289015046
GENE_2734,GENE_2734,-0.18702819927409475,0.6454961916455788,0.9676132543988537,Not Significant,7.396576643769126,7.58360484304322,0.014298191289015046
GENE_2728,GENE_2728,-0.1672321247948858,0.6576493954127757,0.9676132543988537,Not Significant,6.8202444234336745,6.98747654822856,0.014298191289015046
GENE_678,GENE_678,-0.17944764140304859,0.6492607521710533,0.9676132543988537,Not Significant,7.568985083879054,7.748432725282103,0.014298191289015046
GENE_3908,GENE_3908,-0.1613490746831916,0.6588631062199097,0.9676132543988537,Not Significant,6.983185089156249,7.144534163839441,0.014298191289015046
GENE_4177,GENE_4177,0.17775504885261117,0.6460334593130755,0.9676132543988537,Not Significant,7.093729904732263,6.915974855879652,0.014298191289015046
GENE_2498,GENE_2498,0.1675652189938477,0.647182135421595,0.9676132543988537,Not Significant,7.019792722031598,6.85222750303775,0.014298191289015046
GENE_3902,GENE_3902,-0.1737492381959891,0.6433403426165685,0.9676132543988537,Not Significant,6.75560211500172,6.929351353197709,0.014298191289015046
GENE_3440,GENE_3440,0.17402905306709648,0.6414366928223838,0.9676132543988537,Not Significant,6.531413346968091,6.357384293900995,0.014298191289015046
GENE_4477,GENE_4477,-0.1649267983933438,0.6437128578449871,0.9676132543988537,Not Significant,6.947268978500815,7.112195776894159,0.014298191289015046
GENE_1241,GENE_1241,-0.17999908982912682,0.6451071170891266,0.9676132543988537,Not Significant,6.8940182380617365,7.074017327890863,0.014298191289015046
GENE_1344,GENE_1344,0.174000491881122,0.6509860677454099,0.9676132543988537,Not Significant,6.959351490840892,6.78535099895977,0.014298191289015046
GENE_3900,GENE_3900,0.1828730232079323,0.6456398182164372,0.9676132543988537,Not Significant,6.965281066545307,6.782408043337375,0.014298191289015046
GENE_713,GENE_713,0.16588682300757984,0.6552639275641556,0.9676132543988537,Not Significant,6.844993273381246,6.679106450373666,0.014298191289015046
GENE_381,GENE_381,0.16304132688274642,0.6561323424313953,0.9676132543988537,Not Significant,7.187031637106767,7.02399031022402,0.014298191289015046
GENE_464,GENE_464,0.17250909606761056,0.6495844248590131,0.9676132543988537,Not Significant,6.7092261707536105,6.536717074686,0.014298191289015046
GENE_71,GENE_71,-0.1695250294764854,0.6591511259342909,0.9676132543988537,Not Significant,7.140113155419485,7.30963818489597,0.014298191289015046
GENE_238,GENE_238,-0.1641133149201437,0.641669319995441,0.9676132543988537,Not Significant,6.6913780161520355,6.855491331072179,0.014298191289015046
GENE_4866,GENE_4866,0.17440385007751047,0.6537399112182324,0.9676132543988537,Not Significant,7.00244034899761,6.8280364989201,0.014298191289015046
GENE_3648,GENE_3648,-0.16533337736497167,0.6567490477942396,0.9676132543988537,Not Significant,6.838159588132369,7.00349296549734,0.014298191289015046
GENE_4897,GENE_4897,0.1769953549413028,0.6451759526470966,0.9676132543988537,Not Significant,7.010854083310517,6.833858728369214,0.014298191289015046
GENE_3465,GENE_3465,0.19290858276910594,0.6434191111738202,0.9676132543988537,Not Significant,7.154749249565113,6.961840666796007,0.014298191289015046
GENE_1719,GENE_1719,0.16248406791276526,0.6476773181273227,0.9676132543988537,Not Significant,7.074361038098292,6.911876970185527,0.014298191289015046
GENE_1681,GENE_1681,-0.193121630339248,0.6425090745574719,0.9676132543988537,Not Significant,7.014842285208529,7.207963915547777,0.014298191289015046
GENE_3642,GENE_3642,0.16184523774886816,0.648191066650147,0.9676132543988537,Not Significant,7.3376571134473725,7.175811875698504,0.014298191289015046
GENE_1676,GENE_1676,0.18162254315050852,0.6491224298882422,0.9676132543988537,Not Significant,6.857021064320452,6.675398521169943,0.014298191289015046
GENE_966,GENE_966,-0.16189375623892577,0.6572414862081604,0.9676132543988537,Not Significant,6.918629088234196,7.080522844473122,0.014298191289015046
GENE_3236,GENE_3236,0.18549502978250754,0.6556714757594753,0.9676132543988537,Not Significant,6.726084155615464,6.540589125832956,0.014298191289015046
GENE_3242,GENE_3242,-0.15794034374215293,0.6556223197796865,0.9676132543988537,Not Significant,6.846309321083109,7.004249664825262,0.014298191289015046
GENE_3278,GENE_3278,0.16489033781075513,0.653965259448378,0.9676132543988537,Not Significant,6.8199333573041505,6.655043019493395,0.014298191289015046
GENE_2317,GENE_2317,-0.17107044778500402,0.6539651566111845,0.9676132543988537,Not Significant,6.794284529706437,6.965354977491441,0.014298191289015046
GENE_1068,GENE_1068,0.1710010540926783,0.6454262319558798,0.9676132543988537,Not Significant,7.234955282994275,7.063954228901597,0.014298191289015046
GENE_925,GENE_925,-0.15802197519831207,0.6590720448484396,0.9676132543988537,Not Significant,7.039678347131919,7.197700322330231,0.014298191289015046
GENE_858,GENE_858,0.16402091338041203,0.6532719141167082,0.9676132543988537,Not Significant,7.13033132743017,6.966310414049758,0.014298191289015046
GENE_3174,GENE_3174,-0.16506046515202133,0.6559229980576876,0.9676132543988537,Not Significant,6.579135708635761,6.744196173787782,0.014298191289015046
GENE_1809,GENE_1809,-0.17114241499090976,0.6562064645257475,0.9676132543988537,Not Significant,6.818754265957647,6.989896680948557,0.014298191289015046
GENE_3169,GENE_3169,-0.18882617507650146,0.6530854161153218,0.9676132543988537,Not Significant,6.77089547413898,6.959721649215481,0.014298191289015046
GENE_4943,GENE_4943,0.16694804600381552,0.6552800068485679,0.9676132543988537,Not Significant,6.9873361703619805,6.820388124358165,0.014298191289015046
GENE_2519,GENE_2519,0.1822826408043845,0.6582618579581491,0.9676132543988537,Not Significant,6.852525631283684,6.6702429904792995,0.014298191289015046
GENE_4336,GENE_4336,0.1651925242815917,0.6412331067313112,0.9676132543988537,Not Significant,7.096165724759516,6.930973200477924,0.014298191289015046
GENE_3724,GENE_3724,0.17623258802484187,0.6451342895180122,0.9676132543988537,Not Significant,6.944511924628099,6.768279336603257,0.014298191289015046
GENE_4363,GENE_4363,-0.16221604625460095,0.6492191026797323,0.9676132543988537,Not Significant,6.956755804401166,7.118971850655767,0.014298191289015046
GENE_476,GENE_476,-0.17348952069357182,0.6502626171452186,0.9676132543988537,Not Significant,6.994903476707163,7.168392997400735,0.014298191289015046
GENE_3603,GENE_3603,0.16515977987079644,0.6469333366765182,0.9676132543988537,Not Significant,7.045250234114188,6.880090454243391,0.014298191289015046
GENE_1159,GENE_1159,0.19101434578353604,0.6582146243168182,0.9676132543988537,Not Significant,7.154280725606262,6.963266379822726,0.014298191289015046
GENE_4824,GENE_4824,0.17297532278305727,0.6399015632006518,0.9676132543988537,Not Significant,6.531871940522096,6.358896617739039,0.014298191289015046
GENE_4391,GENE_4391,0.16184524964802183,0.6520632196108574,0.9676132543988537,Not Significant,7.290748562974714,7.128903313326692,0.014298191289015046
GENE_85,GENE_85,0.16705968054188958,0.6575469562604973,0.9676132543988537,Not Significant,7.338983548132328,7.171923867590438,0.014298191289015046
GENE_3156,GENE_3156,-0.17042247590227877,0.6384125339840129,0.9676132543988537,Not Significant,6.965147943152795,7.135570419055074,0.014298191289015046
GENE_4338,GENE_4338,-0.1660002197173105,0.6465824267463439,0.9676132543988537,Not Significant,6.851591345498611,7.0175915652159215,0.014298191289015046
GENE_2336,GENE_2336,0.16702313917797085,0.6579879788453488,0.9676132543988537,Not Significant,6.849297170292216,6.682274031114245,0.014298191289015046
GENE_2500,GENE_2500,-0.16702670022669963,0.651097597459034,0.9676132543988537,Not Significant,6.69301111417035,6.8600378143970495,0.014298191289015046
GENE_2574,GENE_2574,-0.16794189318805763,0.6510518254427365,0.9676132543988537,Not Significant,6.861308823605032,7.02925071679309,0.014298191289015046
GENE_180,GENE_180,0.17146660998953056,0.6402044580708188,0.9676132543988537,Not Significant,6.773466231868693,6.601999621879163,0.014298191289015046
GENE_117,GENE_117,-0.1668656113239093,0.6537156914390402,0.9676132543988537,Not Significant,6.917031300782309,7.083896912106218,0.014298191289015046
GENE_3977,GENE_3977,0.18972612482514783,0.6428247853251386,0.9676132543988537,Not Significant,7.19886409008588,7.009137965260732,0.014298191289015046
GENE_40,GENE_40,-0.16265411192983859,0.6457395656336545,0.9676132543988537,Not Significant,6.91460518320299,7.077259295132828,0.014298191289015046
GENE_4109,GENE_4109,-0.16373956170707604,0.6612948080217256,0.9679645891805707,Not Significant,7.108799393120861,7.272538954827937,0.014140530093230798
GENE_4957,GENE_4957,0.1558700261354451,0.6617117942049358,0.9679645891805707,Not Significant,7.040898303593836,6.885028277458391,0.014140530093230798
GENE_4090,GENE_4090,0.16041432754943763,0.6611547530452252,0.9679645891805707,Not Significant,7.227471800350592,7.067057472801154,0.014140530093230798
GENE_1273,GENE_1273,0.15805407717385922,0.6598347140591496,0.9679645891805707,Not Significant,6.859624200274401,6.701570123100542,0.014140530093230798
GENE_15,GENE_15,0.15938242811847303,0.6614684727726585,0.9679645891805707,Not Significant,6.994959184308269,6.835576756189796,0.014140530093230798
GENE_3952,GENE_3952,-0.17578224272429388,0.6607285482980987,0.9679645891805707,Not Significant,6.960440792873629,7.136223035597923,0.014140530093230798
GENE_1467,GENE_1467,-0.15541836616693505,0.660443770852201,0.9679645891805707,Not Significant,6.76581939845183,6.921237764618765,0.014140530093230798
GENE_3743,GENE_3743,-0.16539748325441384,0.6616973792173549,0.9679645891805707,Not Significant,6.960920832862937,7.1263183161173504,0.014140530093230798
GENE_3530,GENE_3530,0.18080194046133702,0.6618928958062698,0.9679645891805707,Not Significant,7.132963531571454,6.952161591110117,0.014140530093230798
GENE_2151,GENE_2151,-0.1834559997408558,0.6619662038834664,0.9679645891805707,Not Significant,6.693168393059554,6.87662439280041,0.014140530093230798
GENE_217,GENE_217,-0.15879255339471943,0.662564519670163,0.9680861061121588,Not Significant,6.827011669827828,6.985804223222547,0.014086012788447247
GENE_4826,GENE_4826,-0.17716197211526996,0.6623319372678451,0.9680861061121588,Not Significant,7.133561250377142,7.310723222492412,0.014086012788447247
GENE_1291,GENE_1291,-0.17237103860534653,0.6638885749944526,0.9681923875551489,Not Significant,6.937593196806598,7.109964235411945,0.014038336336514717
GENE_3012,GENE_3012,-0.1583508782254448,0.6636716152037789,0.9681923875551489,Not Significant,6.625245562917682,6.783596441143127,0.014038336336514717
GENE_4463,GENE_4463,0.16151038263753748,0.6639254344677006,0.9681923875551489,Not Significant,7.1951919107946605,7.033681528157123,0.014038336336514717
GENE_2778,GENE_2778,0.15590675138167676,0.6633431380697741,0.9681923875551489,Not Significant,7.146646196114407,6.99073944473273,0.014038336336514717
GENE_783,GENE_783,-0.17630691780558916,0.6638972840477136,0.9681923875551489,Not Significant,6.81603560693267,6.992342524738259,0.014038336336514717
GENE_2707,GENE_2707,0.15289542403388534,0.664799749654719,0.9689383915013884,Not Significant,6.86398334287009,6.7110879188362045,0.013703836036535815
GENE_2178,GENE_2178,-0.17835386405414422,0.6649526640984781,0.9689383915013884,Not Significant,7.021991656452835,7.200345520506979,0.013703836036535815
GENE_3378,GENE_3378,0.16324161699492024,0.6653605386629435,0.9691569396493573,Not Significant,7.080599559974185,6.917357942979264,0.013605890126889522
GENE_2804,GENE_2804,0.18043328511509937,0.6656262705565688,0.9691683551924003,Not Significant,6.943094527176354,6.762661242061254,0.013600774672466329
GENE_4276,GENE_4276,-0.15255811872435032,0.6663993766109686,0.9693720887810972,Not Significant,7.167271927855077,7.319830046579427,0.013509489113838735
GENE_3009,GENE_3009,-0.1609348511490234,0.666823582586239,0.9693720887810972,Not Significant,6.823138580185694,6.984073431334718,0.013509489113838735
GENE_1913,GENE_1913,0.19125617815401874,0.6680877354824486,0.9693720887810972,Not Significant,7.165255730994051,6.9739995528400325,0.013509489113838735
GENE_3463,GENE_3463,-0.17720819246242225,0.6675954903542726,0.9693720887810972,Not Significant,6.738210642215874,6.915418834678296,0.013509489113838735
GENE_3959,GENE_3959,0.1520997991445574,0.6674029634018545,0.9693720887810972,Not Significant,6.920390151143298,6.768290351998741,0.013509489113838735
GENE_950,GENE_950,-0.16009318785399795,0.6680610067223482,0.9693720887810972,Not Significant,7.059885156811526,7.219978344665524,0.013509489113838735
GENE_2503,GENE_2503,-0.1656027120248602,0.6666538911470417,0.9693720887810972,Not Significant,7.036202276723551,7.201804988748411,0.013509489113838735
GENE_2348,GENE_2348,-0.16104550506910886,0.6668888588563794,0.9693720887810972,Not Significant,7.010653937714837,7.171699442783946,0.013509489113838735
GENE_1150,GENE_1150,-0.15264354570681338,0.6673373317418767,0.9693720887810972,Not Significant,6.987359689392981,7.140003235099794,0.013509489113838735
GENE_4939,GENE_4939,0.15605377274572874,0.6692436780398654,0.9696038177434413,Not Significant,7.143547978437669,6.987494205691941,0.013405683171966309
GENE_2454,GENE_2454,0.16277372246246902,0.6690512014241515,0.9696038177434413,Not Significant,7.1715603215361945,7.0087865990737255,0.013405683171966309
GENE_1221,GENE_1221,0.15495174248896593,0.6700349180863187,0.9696038177434413,Not Significant,6.905065925027374,6.750114182538408,0.013405683171966309
GENE_642,GENE_642,-0.15258227041041472,0.6694045836963546,0.9696038177434413,Not Significant,6.834133126025176,6.98671539643559,0.013405683171966309
GENE_670,GENE_670,-0.1837871847086463,0.6700225158765218,0.9696038177434413,Not Significant,7.134070453919196,7.317857638627842,0.013405683171966309
GENE_2394,GENE_2394,0.15531511655541141,0.6700535164129103,0.9696038177434413,Not Significant,6.81806810085025,6.662752984294839,0.013405683171966309
GENE_1788,GENE_1788,0.17120237759820434,0.668892156009438,0.9696038177434413,Not Significant,6.772980205236873,6.601777827638669,0.013405683171966309
GENE_3876,GENE_3876,0.15320372310878838,0.6703681165919805,0.9696856744236577,Not Significant,6.768871360660342,6.615667637551554,0.013369020358405346
GENE_2855,GENE_2855,-0.15205718918701816,0.6707809492509095,0.9699095064582215,Not Significant,7.100264710951034,7.252321900138052,0.013268783959723892
GENE_1549,GENE_1549,-0.18053600072503695,0.6711044348674783,0.9699958187421607,Not Significant,6.92014936375419,7.100685364479227,0.013230137796766309
GENE_3799,GENE_3799,-0.15390942437106148,0.6724150673185919,0.9699958187421607,Not Significant,6.854220715206435,7.008130139577497,0.013230137796766309
GENE_4050,GENE_4050,0.15166610219035892,0.6717787001743792,0.9699958187421607,Not Significant,6.8559974138786135,6.704331311688255,0.013230137796766309
GENE_4319,GENE_4319,-0.1623632005241351,0.6724409142320744,0.9699958187421607,Not Significant,6.8324065923456105,6.994769792869746,0.013230137796766309
GENE_2521,GENE_2521,0.15558234297137385,0.6726983817241041,0.9699958187421607,Not Significant,7.290569860252585,7.134987517281211,0.013230137796766309
GENE_2113,GENE_2113,-0.1572370763787081,0.6717388227521138,0.9699958187421607,Not Significant,7.054689353307916,7.211926429686624,0.013230137796766309
GENE_2412,GENE_2412,0.1560529416398948,0.6729055613253893,0.9699958187421607,Not Significant,6.903157327777639,6.747104386137744,0.013230137796766309
GENE_2007,GENE_2007,0.16134531567419774,0.6726538213629343,0.9699958187421607,Not Significant,6.841727084144024,6.680381768469826,0.013230137796766309
GENE_4214,GENE_4214,0.16314917981417576,0.6740256965597214,0.97011271513515,Not Significant,7.1708315789548145,7.007682399140639,0.013177803138571061
GENE_4870,GENE_4870,-0.15084923644681236,0.6739981217209936,0.97011271513515,Not Significant,6.934346170266608,7.08519540671342,0.013177803138571061
GENE_3056,GENE_3056,0.15158776122567286,0.6742839673111024,0.97011271513515,Not Significant,7.570630965844986,7.419043204619313,0.013177803138571061
GENE_1270,GENE_1270,0.15580663671144634,0.6736260573664001,0.97011271513515,Not Significant,7.38852342103053,7.232716784319083,0.013177803138571061
GENE_748,GENE_748,-0.1513166672453119,0.6740910165704487,0.97011271513515,Not Significant,6.915864883154546,7.067181550399858,0.013177803138571061
GENE_4620,GENE_4620,0.17100149411660404,0.674535530773855,0.97011271513515,Not Significant,7.131789019169199,6.960787525052595,0.013177803138571061
GENE_1378,GENE_1378,-0.15833736443530722,0.6749595418739547,0.9703511699932371,Not Significant,6.9536781831697985,7.112015547605106,0.013071066156383215
GENE_4665,GENE_4665,-0.1527865043182004,0.675787955019403,0.9705838612534411,Not Significant,6.977742239362407,7.130528743680608,0.012966934354802053
GENE_1858,GENE_1858,0.15233278091892277,0.6758962120543521,0.9705838612534411,Not Significant,7.067731306570847,6.915398525651924,0.012966934354802053
GENE_1755,GENE_1755,-0.15769124173483196,0.6755759214265695,0.9705838612534411,Not Significant,6.6323200819285075,6.7900113236633395,0.012966934354802053
GENE_3104,GENE_3104,-0.1512775581952841,0.6762529724932584,0.9707252370625153,Not Significant,7.055525611247638,7.206803169442922,0.0129036793750388
GENE_3265,GENE_3265,0.13872650213232696,0.7121198002542823,0.971429797510522,Not Significant,7.150766306604019,7.012039804471692,0.012588579166546043
GENE_1087,GENE_1087,0.1487974150203062,0.7023485279276104,0.971429797510522,Not Significant,7.086838510509867,6.93804109548956,0.012588579166546043
GENE_92,GENE_92,-0.13150352382597763,0.732220875913573,0.971429797510522,Not Significant,6.743241565352203,6.87474508917818,0.012588579166546043
GENE_3297,GENE_3297,0.14393133993635576,0.6989612456308124,0.971429797510522,Not Significant,6.794782647534546,6.65085130759819,0.012588579166546043
GENE_3300,GENE_3300,-0.14721553496996975,0.7087755649702883,0.971429797510522,Not Significant,6.906596276098415,7.0538118110683845,0.012588579166546043
GENE_2436,GENE_2436,-0.14919027235878612,0.7118742415866878,0.971429797510522,Not Significant,6.976415953524037,7.125606225882823,0.012588579166546043
GENE_247,GENE_247,0.13141792135587593,0.7321725304917123,0.971429797510522,Not Significant,7.278535138277921,7.147117216922045,0.012588579166546043
GENE_4149,GENE_4149,-0.1447070659665881,0.6922387029365648,0.971429797510522,Not Significant,6.920849513307388,7.065556579273976,0.012588579166546043
GENE_4152,GENE_4152,0.15250545073297506,0.7045041118332714,0.971429797510522,Not Significant,6.663787634423873,6.511282183690898,0.012588579166546043
GENE_4158,GENE_4158,0.1343469787044249,0.7326532858235909,0.971429797510522,Not Significant,6.580435801922147,6.446088823217722,0.012588579166546043
GENE_1830,GENE_1830,-0.14838236102863966,0.6889667723988183,0.971429797510522,Not Significant,6.767725732563491,6.916108093592131,0.012588579166546043
GENE_4720,GENE_4720,0.14581539279298195,0.6818308988740925,0.971429797510522,Not Significant,7.11091613894936,6.965100746156378,0.012588579166546043
GENE_2816,GENE_2816,0.14789484603432523,0.7251672336446178,0.971429797510522,Not Significant,6.877887129841351,6.729992283807026,0.012588579166546043
GENE_2814,GENE_2814,0.1290584276311897,0.73438308117703,0.971429797510522,Not Significant,6.979633077332841,6.8505746497016515,0.012588579166546043
GENE_3761,GENE_3761,-0.14504898526906906,0.6917042955163958,0.971429797510522,Not Significant,7.154192445244091,7.29924143051316,0.012588579166546043
GENE_4722,GENE_4722,-0.12847018828576484,0.7165541971964688,0.971429797510522,Not Significant,7.040916793694962,7.169386981980727,0.012588579166546043
GENE_1113,GENE_1113,0.1670885306735661,0.6831096674013318,0.971429797510522,Not Significant,6.9864750740324295,6.819386543358863,0.012588579166546043
GENE_2796,GENE_2796,-0.1292300998551239,0.7147498333730835,0.971429797510522,Not Significant,6.735806881073438,6.865036980928562,0.012588579166546043
GENE_3322,GENE_3322,0.13805683581002626,0.711268787384391,0.971429797510522,Not Significant,6.773756266738994,6.635699430928968,0.012588579166546043
GENE_91,GENE_91,0.13617405797558746,0.729840070238998,0.971429797510522,Not Significant,7.218988570241854,7.082814512266267,0.012588579166546043
GENE_2389,GENE_2389,0.13729364614115003,0.714196798199754,0.971429797510522,Not Significant,6.732393980932946,6.595100334791796,0.012588579166546043
GENE_2476,GENE_2476,0.14815653610124357,0.6846724814033496,0.971429797510522,Not Significant,7.054625014700665,6.906468478599422,0.012588579166546043
GENE_4165,GENE_4165,0.12458182830204478,0.7304686539014016,0.971429797510522,Not Significant,7.070960911734927,6.946379083432882,0.012588579166546043
GENE_2397,GENE_2397,0.13123385056510184,0.724171586788139,0.971429797510522,Not Significant,6.88899326458745,6.757759414022348,0.012588579166546043
GENE_4734,GENE_4734,-0.14270775141068537,0.729690846010542,0.971429797510522,Not Significant,6.358172402617853,6.500880154028539,0.012588579166546043
GENE_884,GENE_884,-0.13114106709891438,0.7208130719008904,0.971429797510522,Not Significant,6.623259371211374,6.754400438310288,0.012588579166546043
GENE_4712,GENE_4712,0.12966071313400018,0.7319821346247871,0.971429797510522,Not Significant,7.247651445436115,7.117990732302115,0.012588579166546043
GENE_1106,GENE_1106,0.15400044493222165,0.7102655803951985,0.971429797510522,Not Significant,7.003547532186271,6.84954708725405,0.012588579166546043
GENE_2371,GENE_2371,0.15011302878865695,0.7141568423087241,0.971429797510522,Not Significant,7.376244423277237,7.22613139448858,0.012588579166546043
GENE_4095,GENE_4095,0.13166109777220392,0.719745431362555,0.971429797510522,Not Significant,7.121640685101313,6.989979587329109,0.012588579166546043
GENE_886,GENE_886,0.1652655239465659,0.6928075866994516,0.971429797510522,Not Significant,7.257551571132625,7.092286047186059,0.012588579166546043
GENE_3730,GENE_3730,-0.14441969366011875,0.7111327909330828,0.971429797510522,Not Significant,7.179168928082287,7.323588621742406,0.012588579166546043
GENE_336,GENE_336,0.15449110491585127,0.6916337650835348,0.971429797510522,Not Significant,7.192133572614253,7.037642467698402,0.012588579166546043
GENE_4802,GENE_4802,-0.14632837499546092,0.706870865759987,0.971429797510522,Not Significant,6.615063347713107,6.761391722708568,0.012588579166546043
GENE_1145,GENE_1145,-0.1477660378976653,0.6805070254174679,0.971429797510522,Not Significant,6.548780837319141,6.696546875216806,0.012588579166546043
GENE_1166,GENE_1166,0.14023998055113562,0.705037533426546,0.971429797510522,Not Significant,6.853919761764022,6.713679781212886,0.012588579166546043
GENE_4184,GENE_4184,0.135276607575598,0.7192156908701158,0.971429797510522,Not Significant,6.971976161778648,6.83669955420305,0.012588579166546043
GENE_4185,GENE_4185,0.1280219328928549,0.7346470155734177,0.971429797510522,Not Significant,6.9079042599042255,6.779882327011371,0.012588579166546043
GENE_857,GENE_857,0.14056564274851002,0.7206390916323728,0.971429797510522,Not Significant,6.942577004457386,6.8020113617088755,0.012588579166546043
GENE_3187,GENE_3187,0.13741131941088813,0.7225316381759265,0.971429797510522,Not Significant,6.981966621493385,6.8445553020824965,0.012588579166546043
GENE_2835,GENE_2835,-0.13839433704914672,0.7064626242205082,0.971429797510522,Not Significant,7.085870393914018,7.2242647309631645,0.012588579166546043
GENE_3192,GENE_3192,0.13966366748512815,0.709188277285661,0.971429797510522,Not Significant,7.045615772619713,6.905952105134585,0.012588579166546043
GENE_4808,GENE_4808,0.1490881351778155,0.7151408790428125,0.971429797510522,Not Significant,6.902704279750176,6.75361614457236,0.012588579166546043
GENE_4767,GENE_4767,-0.14198805143444293,0.6956179853274392,0.971429797510522,Not Significant,6.864525224340264,7.006513275774707,0.012588579166546043
GENE_3695,GENE_3695,0.15291400959127266,0.6813065517568507,0.971429797510522,Not Significant,6.965932218359583,6.813018208768311,0.012588579166546043
GENE_2832,GENE_2832,-0.15400919690739912,0.6825900223688348,0.971429797510522,Not Significant,6.6253424533443965,6.779351650251796,0.012588579166546043
GENE_4787,GENE_4787,-0.1573182259242092,0.6775652730988977,0.971429797510522,Not Significant,6.828438049949587,6.985756275873796,0.012588579166546043
GENE_4756,GENE_4756,0.13027329940653498,0.7316582570361488,0.971429797510522,Not Significant,7.000735064847657,6.870461765441122,0.012588579166546043
GENE_4679,GENE_4679,-0.1372558080795132,0.7295871474651423,0.971429797510522,Not Significant,7.057489784258368,7.194745592337881,0.012588579166546043
GENE_3168,GENE_3168,-0.13083550673339328,0.7269989564626435,0.971429797510522,Not Significant,6.734553081380058,6.8653885881134515,0.012588579166546043
GENE_3684,GENE_3684,-0.13735077925089278,0.7148869680583467,0.971429797510522,Not Significant,6.689447568470135,6.826798347721028,0.012588579166546043
GENE_3687,GENE_3687,-0.13189981761346647,0.7306522160367346,0.971429797510522,Not Significant,6.847793415949818,6.979693233563284,0.012588579166546043
GENE_846,GENE_846,-0.1402281823441589,0.7006441102967943,0.971429797510522,Not Significant,7.239475148633535,7.379703330977694,0.012588579166546043
GENE_2350,GENE_2350,-0.13947784565480603,0.7070138321339406,0.971429797510522,Not Significant,6.68924418379919,6.828722029453996,0.012588579166546043
GENE_2499,GENE_2499,-0.14395013740726093,0.7313910023911109,0.971429797510522,Not Significant,6.717540612354357,6.861490749761618,0.012588579166546043
GENE_822,GENE_822,-0.13449337156965324,0.7308642855726095,0.971429797510522,Not Significant,6.975892269405816,7.110385640975469,0.012588579166546043
GENE_3809,GENE_3809,-0.14798954129080233,0.6790936324827278,0.971429797510522,Not Significant,6.687220712711862,6.835210254002664,0.012588579166546043
GENE_1923,GENE_1923,0.14617490807277722,0.6809925819885205,0.971429797510522,Not Significant,7.084535143067041,6.9383602349942635,0.012588579166546043
GENE_2753,GENE_2753,0.14238287514909764,0.6863928153854565,0.971429797510522,Not Significant,7.169643599469775,7.027260724320677,0.012588579166546043
GENE_3173,GENE_3173,-0.14047771815700294,0.6991857662688106,0.971429797510522,Not Significant,6.762855085563028,6.903332803720031,0.012588579166546043
GENE_4834,GENE_4834,-0.17719305181643286,0.6787235991233694,0.971429797510522,Not Significant,6.82740796625013,7.0046010180665625,0.012588579166546043
GENE_1741,GENE_1741,-0.1425396199671507,0.7020613518588185,0.971429797510522,Not Significant,7.025785522551099,7.16832514251825,0.012588579166546043
GENE_1727,GENE_1727,0.14495050500635465,0.6942296854965077,0.971429797510522,Not Significant,6.969276239499379,6.824325734493025,0.012588579166546043
GENE_3783,GENE_3783,-0.1258146953931476,0.7299609415557831,0.971429797510522,Not Significant,6.814343632014202,6.9401583274073495,0.012588579166546043
GENE_1975,GENE_1975,-0.15787184884709582,0.6930814738754217,0.971429797510522,Not Significant,6.981949704866369,7.139821553713465,0.012588579166546043
GENE_4572,GENE_4572,-0.15351883877380068,0.7033898976263444,0.971429797510522,Not Significant,6.850632942782272,7.0041517815560725,0.012588579166546043
GENE_1645,GENE_1645,-0.14126299485182336,0.690436937145156,0.971429797510522,Not Significant,7.196276950878024,7.337539945729848,0.012588579166546043
GENE_4889,GENE_4889,-0.12474980299707639,0.7262587500399956,0.971429797510522,Not Significant,6.8692095954116565,6.993959398408733,0.012588579166546043
GENE_229,GENE_229,-0.1548934351566853,0.6866736075387967,0.971429797510522,Not Significant,7.222346491475577,7.377239926632262,0.012588579166546043
GENE_3332,GENE_3332,0.14573226706401776,0.7135695697845065,0.971429797510522,Not Significant,6.871137561630546,6.725405294566528,0.012588579166546043
GENE_2511,GENE_2511,0.14523025498013276,0.6909033828463575,0.971429797510522,Not Significant,7.192496814493513,7.04726655951338,0.012588579166546043
GENE_4226,GENE_4226,-0.15203333017274367,0.6793049023938076,0.971429797510522,Not Significant,6.77069759500898,6.922730925181724,0.012588579166546043
GENE_4230,GENE_4230,-0.1443793874972652,0.7050774140422812,0.971429797510522,Not Significant,6.80544332991683,6.949822717414095,0.012588579166546043
GENE_4233,GENE_4233,-0.14599103184572648,0.6955983518319047,0.971429797510522,Not Significant,6.882039656692991,7.028030688538718,0.012588579166546043
GENE_832,GENE_832,-0.1514447102171106,0.6953559849412456,0.971429797510522,Not Significant,7.11835066700127,7.26979537721838,0.012588579166546043
GENE_1928,GENE_1928,0.1473324353792247,0.6922489317126271,0.971429797510522,Not Significant,7.34605312295234,7.198720687573116,0.012588579166546043
GENE_1943,GENE_1943,0.14634785693295527,0.6996568075396837,0.971429797510522,Not Significant,7.248065767027518,7.101717910094563,0.012588579166546043
GENE_4627,GENE_4627,-0.16324997126344964,0.6994012692238895,0.971429797510522,Not Significant,7.084915956278181,7.24816592754163,0.012588579166546043
GENE_3669,GENE_3669,-0.13712407559925843,0.7206968414827813,0.971429797510522,Not Significant,6.800062469678963,6.937186545278221,0.012588579166546043
GENE_4828,GENE_4828,-0.12331530678045954,0.7303820612177753,0.971429797510522,Not Significant,7.055316033281211,7.178631340061671,0.012588579166546043
GENE_2712,GENE_2712,-0.14479896026047978,0.7264491600864893,0.971429797510522,Not Significant,6.979970156887404,7.124769117147884,0.012588579166546043
GENE_2868,GENE_2868,-0.14454896609499723,0.7156638907867349,0.971429797510522,Not Significant,7.234581728885342,7.379130694980339,0.012588579166546043
GENE_817,GENE_817,-0.13467050674552983,0.7057641807937651,0.971429797510522,Not Significant,7.079523240484733,7.214193747230262,0.012588579166546043
GENE_849,GENE_849,0.153292769654513,0.6948127136252407,0.971429797510522,Not Significant,7.022351853720533,6.86905908406602,0.012588579166546043
GENE_1170,GENE_1170,0.14755832258721835,0.6876691434544427,0.971429797510522,Not Significant,7.124837853139044,6.977279530551826,0.012588579166546043
GENE_121,GENE_121,0.1480005365688699,0.7141072227081103,0.971429797510522,Not Significant,7.272555587481242,7.124555050912372,0.012588579166546043
GENE_777,GENE_777,0.13844103149866083,0.7004060915618171,0.971429797510522,Not Significant,6.862180042472169,6.7237390109735085,0.012588579166546043
GENE_4918,GENE_4918,-0.14814437664175717,0.6991176827974162,0.971429797510522,Not Significant,6.982171798329785,7.130316174971542,0.012588579166546043
GENE_2708,GENE_2708,-0.13729026160209834,0.7346083463053283,0.971429797510522,Not Significant,6.727797321158589,6.865087582760688,0.012588579166546043
GENE_1632,GENE_1632,-0.1386337948495715,0.6999570280956277,0.971429797510522,Not Significant,7.351834374149134,7.490468168998706,0.012588579166546043
GENE_383,GENE_383,0.1385231557533606,0.7237784124726601,0.971429797510522,Not Significant,7.409745515710827,7.271222359957466,0.012588579166546043
GENE_4605,GENE_4605,-0.14641954119295608,0.6863371826014111,0.971429797510522,Not Significant,7.324995051099779,7.471414592292735,0.012588579166546043
GENE_3372,GENE_3372,0.13116638769357536,0.7150191325915319,0.971429797510522,Not Significant,7.333880402827537,7.202714015133962,0.012588579166546043
GENE_1661,GENE_1661,0.15944157856469054,0.6792535914258243,0.971429797510522,Not Significant,6.997264381435256,6.837822802870566,0.012588579166546043
GENE_1658,GENE_1658,-0.14819038749938152,0.7051806347041456,0.971429797510522,Not Significant,7.029303109785343,7.177493497284725,0.012588579166546043
GENE_1655,GENE_1655,0.16948875631781934,0.6796740145874547,0.971429797510522,Not Significant,7.284016482192952,7.114527725875132,0.012588579166546043
GENE_2541,GENE_2541,-0.12921792501811158,0.728173465277197,0.971429797510522,Not Significant,6.73942825871284,6.868646183730951,0.012588579166546043
GENE_4544,GENE_4544,0.14117841323267566,0.7033565896268932,0.971429797510522,Not Significant,7.155239583732773,7.0140611705000975,0.012588579166546043
GENE_386,GENE_386,-0.15035731909444738,0.6785054976136285,0.971429797510522,Not Significant,7.12851990081466,7.278877219909107,0.012588579166546043
GENE_456,GENE_456,0.13189132523156388,0.7129559268187515,0.971429797510522,Not Significant,7.547914821174434,7.41602349594287,0.012588579166546043
GENE_752,GENE_752,0.13752262762497836,0.7134003445601371,0.971429797510522,Not Significant,7.125213505876682,6.987690878251704,0.012588579166546043
GENE_2300,GENE_2300,-0.12813707084480797,0.716138335502565,0.971429797510522,Not Significant,7.077881838293257,7.206018909138065,0.012588579166546043
GENE_4264,GENE_4264,-0.15570632345095436,0.6874915512308966,0.971429797510522,Not Significant,6.736232216186072,6.891938539637026,0.012588579166546043
GENE_4267,GENE_4267,0.15958062909078308,0.682227903564056,0.971429797510522,Not Significant,7.227355109894839,7.067774480804056,0.012588579166546043
GENE_4271,GENE_4271,0.14864694778281162,0.7306213774086754,0.971429797510522,Not Significant,6.997675404790757,6.849028457007945,0.012588579166546043
GENE_3128,GENE_3128,-0.1486313289551422,0.6987314957944435,0.971429797510522,Not Significant,7.1398171110311255,7.288448439986268,0.012588579166546043
GENE_1245,GENE_1245,-0.13589353519548286,0.7019334558213343,0.971429797510522,Not Significant,7.013686996467233,7.149580531662716,0.012588579166546043
GENE_1248,GENE_1248,-0.13660708855102488,0.7104517325744409,0.971429797510522,Not Significant,6.874075837651533,7.010682926202558,0.012588579166546043
GENE_3632,GENE_3632,0.1416554084352093,0.6958399779342127,0.971429797510522,Not Significant,6.812339110815541,6.670683702380332,0.012588579166546043
GENE_2703,GENE_2703,-0.13930887769402833,0.7185920647079109,0.971429797510522,Not Significant,7.095729032595998,7.235037910290027,0.012588579166546043
GENE_4592,GENE_4592,-0.13346685039919226,0.7094364361583105,0.971429797510522,Not Significant,6.67425910083829,6.807725951237482,0.012588579166546043
GENE_4594,GENE_4594,-0.16737932517780862,0.6882359640575614,0.971429797510522,Not Significant,6.750994817888968,6.918374143066776,0.012588579166546043
GENE_3831,GENE_3831,-0.15913464738047978,0.7053758043555896,0.971429797510522,Not Significant,6.768078455532152,6.927213102912631,0.012588579166546043
GENE_3588,GENE_3588,0.14615471343403996,0.6869780783947645,0.971429797510522,Not Significant,7.235985860492437,7.089831147058397,0.012588579166546043
GENE_4289,GENE_4289,-0.13039627228123507,0.7318851871690024,0.971429797510522,Not Significant,7.175949580171203,7.306345852452438,0.012588579166546043
GENE_2536,GENE_2536,0.1476334315918839,0.72908297681802,0.971429797510522,Not Significant,7.06048908309699,6.912855651505106,0.012588579166546043
GENE_4280,GENE_4280,0.1538896009508699,0.7106617472048999,0.971429797510522,Not Significant,7.04483798070273,6.89094837975186,0.012588579166546043
GENE_3425,GENE_3425,-0.16541099090244593,0.6772459512941127,0.971429797510522,Not Significant,6.847171673095163,7.012582663997609,0.012588579166546043
GENE_3421,GENE_3421,-0.14003801364716484,0.6910232926305313,0.971429797510522,Not Significant,6.7320103365478055,6.87204835019497,0.012588579166546043
GENE_1300,GENE_1300,0.1284330723352749,0.7195373470861633,0.971429797510522,Not Significant,7.072627949860749,6.944194877525474,0.012588579166546043
GENE_4311,GENE_4311,0.12597832032509704,0.7259649509602559,0.971429797510522,Not Significant,6.912017688314973,6.786039367989876,0.012588579166546043
GENE_4310,GENE_4310,0.14261154112902208,0.7033098966328895,0.971429797510522,Not Significant,7.0490292618370765,6.906417720708054,0.012588579166546043
GENE_4038,GENE_4038,-0.15324703169203957,0.7108388493942518,0.971429797510522,Not Significant,7.186121322386025,7.339368354078065,0.012588579166546043
GENE_2245,GENE_2245,-0.15155390729370488,0.6882413338484316,0.971429797510522,Not Significant,7.1566231859553655,7.30817709324907,0.012588579166546043
GENE_161,GENE_161,-0.15187454218624552,0.6904985356511544,0.971429797510522,Not Significant,6.61770874533228,6.769583287518525,0.012588579166546043
GENE_4958,GENE_4958,0.1397622522664559,0.7148694445850001,0.971429797510522,Not Significant,6.891271945643045,6.7515096933765895,0.012588579166546043
GENE_1542,GENE_1542,0.15422762988778338,0.6879794727904824,0.971429797510522,Not Significant,6.7670997002173285,6.612872070329545,0.012588579166546043
GENE_3589,GENE_3589,-0.1596217935924482,0.6954293757154623,0.971429797510522,Not Significant,7.06832501245776,7.227946806050208,0.012588579166546043
GENE_967,GENE_967,0.1535586341011772,0.7145571827974767,0.971429797510522,Not Significant,7.360717020212389,7.207158386111212,0.012588579166546043
GENE_3255,GENE_3255,0.12570818146631435,0.729033835598681,0.971429797510522,Not Significant,6.966104204015072,6.840396022548758,0.012588579166546043
GENE_1420,GENE_1420,-0.14867546087146621,0.6895674548032329,0.971429797510522,Not Significant,6.931408643898142,7.080084104769608,0.012588579166546043
GENE_3022,GENE_3022,0.15547109743438448,0.6848389257371887,0.971429797510522,Not Significant,6.878116868244872,6.722645770810487,0.012588579166546043
GENE_2133,GENE_2133,0.14367911249018928,0.7298977808863114,0.971429797510522,Not Significant,7.166366412528772,7.022687300038583,0.012588579166546043
GENE_3024,GENE_3024,-0.12018528771547743,0.7337965475570929,0.971429797510522,Not Significant,7.019477323236995,7.139662610952472,0.012588579166546043
GENE_988,GENE_988,0.12499876955189748,0.7305443488342751,0.971429797510522,Not Significant,7.038939830174513,6.913941060622616,0.012588579166546043
GENE_1464,GENE_1464,0.16834161263934622,0.6836154024714277,0.971429797510522,Not Significant,6.991807118303706,6.82346550566436,0.012588579166546043
GENE_1362,GENE_1362,-0.12100492841919852,0.7314884486146664,0.971429797510522,Not Significant,7.111004690663091,7.232009619082289,0.012588579166546043
GENE_148,GENE_148,-0.13108183736568435,0.7223714427035416,0.971429797510522,Not Significant,6.815131435198639,6.946213272564323,0.012588579166546043
GENE_549,GENE_549,0.12747328176429296,0.7260055980280133,0.971429797510522,Not Significant,7.256059614374621,7.128586332610328,0.012588579166546043
GENE_13,GENE_13,0.12894364046385665,0.7345741596848002,0.971429797510522,Not Significant,7.071210464690005,6.942266824226149,0.012588579166546043
GENE_2976,GENE_2976,0.142713964487724,0.7062668185750871,0.971429797510522,Not Significant,6.82968854155977,6.686974577072046,0.012588579166546043
GENE_296,GENE_296,0.15372270489165452,0.6963551531150853,0.971429797510522,Not Significant,6.9854254273736744,6.83170272248202,0.012588579166546043
GENE_2057,GENE_2057,-0.14983110136541988,0.6815679673881119,0.971429797510522,Not Significant,7.070783285517042,7.2206143868824615,0.012588579166546043
GENE_2048,GENE_2048,0.13273424478943685,0.7265854289415461,0.971429797510522,Not Significant,7.269088578104672,7.136354333315235,0.012588579166546043
GENE_256,GENE_256,-0.14972749894609017,0.7159606996573002,0.971429797510522,Not Significant,6.742661927318235,6.892389426264325,0.012588579166546043
GENE_2560,GENE_2560,0.14225417770926274,0.7049388014386598,0.971429797510522,Not Significant,6.964236230585908,6.8219820528766455,0.012588579166546043
GENE_1502,GENE_1502,-0.15601146995497395,0.69461743260272,0.971429797510522,Not Significant,6.860531733257011,7.0165432032119845,0.012588579166546043
GENE_2996,GENE_2996,-0.14756128576241956,0.7032602971145071,0.971429797510522,Not Significant,6.978664608802114,7.126225894564533,0.012588579166546043
GENE_715,GENE_715,0.13548360087185607,0.7058867053420641,0.971429797510522,Not Significant,6.8247722557346595,6.689288654862803,0.012588579166546043
GENE_223,GENE_223,-0.14602092992178406,0.7057780185872606,0.971429797510522,Not Significant,6.765481040317427,6.911501970239211,0.012588579166546043
GENE_4320,GENE_4320,-0.12968481375106933,0.7258587760622452,0.971429797510522,Not Significant,7.076680535220221,7.20636534897129,0.012588579166546043
GENE_2237,GENE_2237,0.17392678506425518,0.6825662075170824,0.971429797510522,Not Significant,6.939979073370862,6.766052288306607,0.012588579166546043
GENE_526,GENE_526,0.15199873053464596,0.6894695449622865,0.971429797510522,Not Significant,7.171692521051442,7.019693790516796,0.012588579166546043
GENE_576,GENE_576,0.12735193572818648,0.7252228999843272,0.971429797510522,Not Significant,7.247532009517032,7.120180073788846,0.012588579166546043
GENE_1341,GENE_1341,-0.13068370348423564,0.720159159517697,0.971429797510522,Not Significant,6.560020929016225,6.69070463250046,0.012588579166546043
GENE_510,GENE_510,-0.15228978774220447,0.6779453798928147,0.971429797510522,Not Significant,7.26038681134969,7.412676599091895,0.012588579166546043
GENE_1529,GENE_1529,-0.14214902523876738,0.6903206302519276,0.971429797510522,Not Significant,6.679703833434894,6.821852858673662,0.012588579166546043
GENE_3901,GENE_3901,0.1406841369310312,0.6924743430371773,0.971429797510522,Not Significant,7.0278248129617245,6.887140676030693,0.012588579166546043
GENE_4493,GENE_4493,-0.13995854768213256,0.700668976958935,0.971429797510522,Not Significant,6.961372301925915,7.101330849608048,0.012588579166546043
GENE_267,GENE_267,0.13245376714365964,0.7231870055724637,0.971429797510522,Not Significant,6.890091434328969,6.75763766718531,0.012588579166546043
GENE_2580,GENE_2580,0.14743374744467808,0.689913314396098,0.971429797510522,Not Significant,7.209917092811417,7.062483345366739,0.012588579166546043
GENE_2665,GENE_2665,0.16290341330276803,0.6956012388960374,0.971429797510522,Not Significant,7.209806241552916,7.046902828250148,0.012588579166546043
GENE_298,GENE_298,-0.14836146066450784,0.684425759578913,0.971429797510522,Not Significant,7.158899527687036,7.307260988351544,0.012588579166546043
GENE_2988,GENE_2988,-0.1512249042697693,0.7157670001165135,0.971429797510522,Not Significant,7.188335195270316,7.339560099540085,0.012588579166546043
GENE_1357,GENE_1357,-0.12504987247224708,0.7230451522428802,0.971429797510522,Not Significant,6.598726844463743,6.72377671693599,0.012588579166546043
GENE_1359,GENE_1359,0.15217277112531402,0.7030768248376752,0.971429797510522,Not Significant,7.355117006578634,7.20294423545332,0.012588579166546043
GENE_4016,GENE_4016,-0.1425788698989079,0.704906300530347,0.971429797510522,Not Significant,6.935665032757917,7.0782439026568245,0.012588579166546043
GENE_4019,GENE_4019,-0.13582263120282434,0.707544881173697,0.971429797510522,Not Significant,6.798486801001578,6.934309432204403,0.012588579166546043
GENE_4364,GENE_4364,-0.14103339866053055,0.7315834236978432,0.971429797510522,Not Significant,7.146827483674902,7.2878608823354325,0.012588579166546043
GENE_434,GENE_434,0.1482392069421019,0.6782557545902703,0.971429797510522,Not Significant,6.706921008325215,6.558681801383113,0.012588579166546043
GENE_1491,GENE_1491,-0.15222370303358002,0.6943004688719425,0.971429797510522,Not Significant,6.901078955465269,7.053302658498849,0.012588579166546043
GENE_1492,GENE_1492,0.14937391773026043,0.6996568255092221,0.971429797510522,Not Significant,7.023201749481464,6.873827831751203,0.012588579166546043
GENE_3002,GENE_3002,-0.14509332731243774,0.695940923670902,0.971429797510522,Not Significant,6.666177558858771,6.811270886171209,0.012588579166546043
GENE_209,GENE_209,-0.12661027478758147,0.7281442362042793,0.971429797510522,Not Significant,6.781218080854058,6.907828355641639,0.012588579166546043
GENE_2092,GENE_2092,0.14264376152872416,0.6902651328119701,0.971429797510522,Not Significant,7.048898336549402,6.906254575020678,0.012588579166546043
GENE_2097,GENE_2097,0.12670424924938928,0.7307475047468627,0.971429797510522,Not Significant,7.241438052214836,7.114733802965446,0.012588579166546043
GENE_673,GENE_673,-0.126607742160199,0.7283775095964159,0.971429797510522,Not Significant,6.778694489176746,6.905302231336945,0.012588579166546043
GENE_2183,GENE_2183,0.13505744793584462,0.7208342606294691,0.971429797510522,Not Significant,7.088841278305919,6.9537838303700745,0.012588579166546043
GENE_2192,GENE_2192,0.12296606672489041,0.732775375098442,0.971429797510522,Not Significant,6.976093026391848,6.853126959666958,0.012588579166546043
GENE_3059,GENE_3059,-0.14345887241652644,0.6908044939687508,0.971429797510522,Not Significant,7.086607993195647,7.230066865612174,0.012588579166546043
GENE_677,GENE_677,-0.13154759940234406,0.7277059335311893,0.971429797510522,Not Significant,6.725365746741752,6.856913346144096,0.012588579166546043
GENE_675,GENE_675,-0.13763160935622043,0.7124325737337907,0.971429797510522,Not Significant,7.331998211314445,7.469629820670665,0.012588579166546043
GENE_67,GENE_67,0.14048766433870696,0.695899641606381,0.971429797510522,Not Significant,7.00884252292151,6.868354858582803,0.012588579166546043
GENE_2575,GENE_2575,0.13799725735813073,0.7005214922012165,0.971429797510522,Not Significant,7.078532240527322,6.940534983169191,0.012588579166546043
GENE_683,GENE_683,-0.13185606609564093,0.7183948434731156,0.971429797510522,Not Significant,7.025935607986278,7.157791674081919,0.012588579166546043
GENE_1452,GENE_1452,-0.1591151917831075,0.6806579026474622,0.971429797510522,Not Significant,6.721409260728711,6.8805244525118185,0.012588579166546043
GENE_145,GENE_145,-0.12867923987502117,0.7173040063454728,0.971429797510522,Not Significant,6.636114056969154,6.764793296844175,0.012588579166546043
GENE_1449,GENE_1449,0.12624691081225503,0.7305150161132413,0.971429797510522,Not Significant,6.960059391415621,6.833812480603366,0.012588579166546043
GENE_3515,GENE_3515,-0.1392758496680484,0.7221004808131445,0.971429797510522,Not Significant,6.867288126411787,7.0065639760798355,0.012588579166546043
GENE_21,GENE_21,-0.1455615713312426,0.6840548620583923,0.971429797510522,Not Significant,7.052178543715274,7.197740115046517,0.012588579166546043
GENE_625,GENE_625,0.13889493551127874,0.7268471598001616,0.971429797510522,Not Significant,7.041634440835625,6.902739505324346,0.012588579166546043
GENE_144,GENE_144,-0.13377361353891537,0.7330939143661052,0.971429797510522,Not Significant,6.969324814967422,7.103098428506337,0.012588579166546043
GENE_100,GENE_100,-0.14456762727575168,0.6909598244190055,0.971429797510522,Not Significant,6.798490277370516,6.943057904646268,0.012588579166546043
GENE_1004,GENE_1004,0.12292966701129249,0.7321416034602097,0.971429797510522,Not Significant,7.040473475305354,6.917543808294061,0.012588579166546043
GENE_3275,GENE_3275,-0.14402781915734497,0.6946316942390607,0.971429797510522,Not Significant,6.761044867192067,6.905072686349412,0.012588579166546043
GENE_106,GENE_106,0.1357777110984042,0.721228275888466,0.971429797510522,Not Significant,7.051662508582552,6.915884797484148,0.012588579166546043
GENE_3292,GENE_3292,-0.12215262793608517,0.7333533012941669,0.971429797510522,Not Significant,7.011138870027311,7.133291497963397,0.012588579166546043
GENE_1075,GENE_1075,0.14983386339977844,0.7140525624217245,0.971429797510522,Not Significant,7.141124466912576,6.991290603512797,0.012588579166546043
GENE_1033,GENE_1033,-0.16316156416474747,0.7097093830725993,0.971429797510522,Not Significant,6.902667376705291,7.0658289408700385,0.012588579166546043
VEGFA,VEGFA,-0.1362608012369817,0.6920447116109542,0.971429797510522,Not Significant,6.842177636778824,6.9784384380158055,0.012588579166546043
GENE_3291,GENE_3291,-0.15147075049757763,0.6920350419314161,0.971429797510522,Not Significant,6.979535465989799,7.131006216487377,0.012588579166546043
GENE_2418,GENE_2418,-0.14403770202194632,0.6961338900263869,0.971429797510522,Not Significant,7.25990906499116,7.403946767013107,0.012588579166546043
GENE_1025,GENE_1025,0.14530221192418669,0.7113815701584004,0.971429797510522,Not Significant,7.282479764674231,7.137177552750044,0.012588579166546043
GENE_667,GENE_667,0.13022257448342867,0.7195028791072454,0.971429797510522,Not Significant,6.929446896895674,6.799224322412245,0.012588579166546043
GENE_3978,GENE_3978,0.12423002664003047,0.7317715751580326,0.971429797510522,Not Significant,7.138727432900649,7.0144974062606185,0.012588579166546043
GENE_4381,GENE_4381,-0.14034943965583224,0.7016834438718669,0.971429797510522,Not Significant,7.003560060512908,7.14390950016874,0.012588579166546043
GENE_1372,GENE_1372,-0.1262443795339152,0.7312937424991529,0.971429797510522,Not Significant,7.011447294481063,7.137691674014978,0.012588579166546043
GENE_650,GENE_650,0.14137841840226528,0.7094058244280187,0.971429797510522,Not Significant,7.387929571521015,7.24655115311875,0.012588579166546043
GENE_3937,GENE_3937,-0.14515548707340464,0.6951224681999248,0.971429797510522,Not Significant,6.754522516976393,6.899678004049798,0.012588579166546043
GENE_216,GENE_216,0.12033507580028413,0.7346091946815142,0.971429797510522,Not Significant,6.802745175672205,6.6824100998719205,0.012588579166546043
GENE_4401,GENE_4401,-0.12753417704205017,0.733676963904597,0.971429797510522,Not Significant,7.117419605149516,7.244953782191566,0.012588579166546043
GENE_2586,GENE_2586,0.12856249403672937,0.726864161994918,0.971429797510522,Not Significant,6.878367123793089,6.749804629756359,0.012588579166546043
GENE_3488,GENE_3488,0.13540811585543633,0.7303177071381853,0.971429797510522,Not Significant,6.8041012789146285,6.668693163059192,0.012588579166546043
GENE_2589,GENE_2589,0.17026683277419608,0.6933060911890631,0.971429797510522,Not Significant,6.8707908315146815,6.700523998740485,0.012588579166546043
GENE_3491,GENE_3491,-0.12787053162980921,0.7328575750567078,0.971429797510522,Not Significant,6.714900647633315,6.842771179263124,0.012588579166546043
GENE_1395,GENE_1395,0.15228338975570033,0.7027173783006333,0.971429797510522,Not Significant,7.0126129419806205,6.86032955222492,0.012588579166546043
GENE_3508,GENE_3508,0.1481191113281497,0.6960230258192591,0.971429797510522,Not Significant,7.11822827177206,6.9701091604439105,0.012588579166546043
GENE_4439,GENE_4439,-0.1403801446185211,0.6994578543117016,0.971429797510522,Not Significant,6.700814254672928,6.8411943992914495,0.012588579166546043
GENE_2141,GENE_2141,0.14825237397599267,0.6881838542488004,0.971429797510522,Not Significant,7.091410689653425,6.943158315677432,0.012588579166546043
GENE_3969,GENE_3969,0.1293428881072547,0.7288338057088007,0.971429797510522,Not Significant,7.161214717147343,7.031871829040088,0.012588579166546043
GENE_599,GENE_599,0.12959323767257747,0.7140336968722661,0.971429797510522,Not Significant,6.985700639704918,6.8561074020323405,0.012588579166546043
GENE_3940,GENE_3940,-0.1364929668133099,0.7096483890581424,0.971429797510522,Not Significant,6.4781423898368455,6.6146353566501555,0.012588579166546043
GENE_613,GENE_613,-0.12873034536754968,0.7159938969915475,0.971429797510522,Not Significant,6.965196229799707,7.093926575167257,0.012588579166546043
GENE_604,GENE_604,0.14493982490769763,0.7087999262928102,0.971429797510522,Not Significant,6.755460516416135,6.610520691508437,0.012588579166546043
GENE_4869,GENE_4869,0.12278442699549519,0.7350361642723481,0.9715623976603988,Not Significant,7.43334149516082,7.310557068165325,0.012529302023155012
GENE_2551,GENE_2551,0.12563537132270675,0.7352643584210149,0.9715623976603988,Not Significant,6.986678420912748,6.861043049590041,0.012529302023155012
GENE_2706,GENE_2706,-0.12417079259711805,0.7356164164168688,0.9716859377485388,Not Significant,7.054569322049093,7.178740114646211,0.01247408234004223
GENE_4867,GENE_4867,-0.11871195048710437,0.7374478094963419,0.9729935196029069,Not Significant,6.970261400320486,7.08897335080759,0.011890052239428538
GENE_4506,GENE_4506,0.12379115092098747,0.7372269731400843,0.9729935196029069,Not Significant,7.157291527739767,7.03350037681878,0.011890052239428538
GENE_4527,GENE_4527,0.12236200358966354,0.737214285219386,0.9729935196029069,Not Significant,7.269683403448545,7.147321399858882,0.011890052239428538
GENE_302,GENE_302,0.13457279791041898,0.737641973748984,0.9729935196029069,Not Significant,7.123526451143571,6.988953653233152,0.011890052239428538
GENE_255,GENE_255,0.14689942622872998,0.7380797976461703,0.9732294314225641,Not Significant,7.172070374245785,7.025170948017055,0.011784766047072525
GENE_1861,GENE_1861,-0.12467604020449219,0.7385826208408317,0.9735508555313384,Not Significant,6.713728491533819,6.838404531738311,0.011641357241266134
GENE_1454,GENE_1454,-0.12088622864568954,0.739162447047537,0.9739735189357097,Not Significant,7.176739653475548,7.297625882121237,0.011452850859000113
GENE_2035,GENE_2035,0.1235999927139746,0.7395764328969365,0.9741774394765816,Not Significant,7.005661271397071,6.882061278683096,0.011361932272236154
GENE_867,GENE_867,-0.1210738888438323,0.7400941600077926,0.9745178182583338,Not Significant,7.429201149574242,7.550275038418074,0.011210215755671
GENE_3767,GENE_3767,0.12923694445975542,0.7417576581420635,0.9745361619415136,Not Significant,6.980089473943402,6.850852529483647,0.011202040958601323
GENE_4929,GENE_4929,0.12744775803028752,0.7406857280393983,0.9745361619415136,Not Significant,6.9068066291458345,6.779358871115547,0.011202040958601323
GENE_1835,GENE_1835,0.13045947015971837,0.7415931501270812,0.9745361619415136,Not Significant,6.768734338367297,6.638274868207579,0.011202040958601323
GENE_912,GENE_912,-0.12520651053393284,0.7411248826731487,0.9745361619415136,Not Significant,6.9879892749613735,7.113195785495306,0.011202040958601323
GENE_3261,GENE_3261,0.11748563506022691,0.7420853158993274,0.9745361619415136,Not Significant,6.864759944771001,6.747274309710774,0.011202040958601323
GENE_3460,GENE_3460,0.13466743895248712,0.7421826757521586,0.9745361619415136,Not Significant,7.030065222324595,6.895397783372108,0.011202040958601323
GENE_1038,GENE_1038,-0.12498030958587503,0.7407485826895039,0.9745361619415136,Not Significant,6.924702672028541,7.049682981614416,0.011202040958601323
GENE_3225,GENE_3225,-0.11757756282296228,0.741954943150413,0.9745361619415136,Not Significant,7.146846487539372,7.264424050362334,0.011202040958601323
GENE_169,GENE_169,-0.12785057701885005,0.7431517690880453,0.9750112165839705,Not Significant,7.022560322318411,7.1504108993372615,0.010990388124535773
GENE_4515,GENE_4515,0.12114158252545337,0.7433994703235594,0.9750112165839705,Not Significant,7.033006413059687,6.911864830534234,0.010990388124535773
GENE_1328,GENE_1328,-0.11808005916295805,0.7433624890298904,0.9750112165839705,Not Significant,7.318128093343737,7.436208152506695,0.010990388124535773
GENE_2036,GENE_2036,-0.12816973868788573,0.7435822636321606,0.9750112165839705,Not Significant,6.76367500336035,6.891844742048236,0.010990388124535773
GENE_4434,GENE_4434,-0.12475406845200077,0.7439982137947286,0.9752163541822777,Not Significant,6.826407774858374,6.951161843310374,0.01089902429742172
GENE_3243,GENE_3243,-0.11992864998225805,0.7446177976420902,0.9755402058763639,Not Significant,6.9048788471400115,7.02480749712227,0.010754826904606558
GENE_1386,GENE_1386,0.11781216975969588,0.7447644626554785,0.9755402058763639,Not Significant,6.749290114090688,6.631477944330992,0.010754826904606558
GENE_1016,GENE_1016,-0.12221648274519925,0.7459886179956524,0.9761229897032249,Not Significant,7.149436969519811,7.27165345226501,0.010495458578919871
GENE_2277,GENE_2277,0.1432904463315836,0.745535288841331,0.9761229897032249,Not Significant,7.17221803434869,7.0289275880171065,0.010495458578919871
GENE_4951,GENE_4951,-0.12023953013566846,0.7458225914616501,0.9761229897032249,Not Significant,6.791844037829574,6.912083567965243,0.010495458578919871
GENE_1622,GENE_1622,0.12553201283704674,0.7463369654810411,0.9762388848860956,Not Significant,6.904293906154923,6.778761893317876,0.010443897811303858
GENE_259,GENE_259,-0.11733690160638499,0.7521819088094747,0.9777688567078862,Not Significant,6.813838742946818,6.931175644553203,0.009763799732555251
GENE_2078,GENE_2078,-0.13850487946235823,0.7505886167426942,0.9777688567078862,Not Significant,6.948495795130211,7.087000674592569,0.009763799732555251
GENE_1323,GENE_1323,0.11210217671836364,0.7511929154221703,0.9777688567078862,Not Significant,6.80416501204245,6.692062835324086,0.009763799732555251
GENE_1602,GENE_1602,0.1134597174760188,0.7498134008278524,0.9777688567078862,Not Significant,6.971117513741264,6.857657796265245,0.009763799732555251
GENE_3114,GENE_3114,-0.12102051210298548,0.7503312628016241,0.9777688567078862,Not Significant,6.900616708272817,7.021637220375802,0.009763799732555251
GENE_4350,GENE_4350,0.11741941818452517,0.7483700497565328,0.9777688567078862,Not Significant,6.919483023865181,6.802063605680656,0.009763799732555251
GENE_4208,GENE_4208,0.1133035554306625,0.7481493785808815,0.9777688567078862,Not Significant,6.942516570493718,6.829213015063056,0.009763799732555251
GENE_4675,GENE_4675,-0.1237275266726865,0.7502270569474931,0.9777688567078862,Not Significant,7.148179737621751,7.271907264294438,0.009763799732555251
GENE_985,GENE_985,-0.11931717105768236,0.7503384482094986,0.9777688567078862,Not Significant,6.9780307611467345,7.097347932204417,0.009763799732555251
GENE_1618,GENE_1618,-0.1160491611521115,0.7521098361325883,0.9777688567078862,Not Significant,6.767013105407466,6.883062266559578,0.009763799732555251
GENE_1633,GENE_1633,0.11231532971415703,0.751596797864945,0.9777688567078862,Not Significant,6.858121776170659,6.745806446456502,0.009763799732555251
GENE_809,GENE_809,0.11599556803889044,0.7491475533544434,0.9777688567078862,Not Significant,7.060696706523404,6.944701138484514,0.009763799732555251
GENE_803,GENE_803,-0.1178427739639547,0.7493472202809975,0.9777688567078862,Not Significant,7.0190576201379615,7.136900394101916,0.009763799732555251
GENE_2264,GENE_2264,-0.11900676739097005,0.7521899320762371,0.9777688567078862,Not Significant,7.013745756716475,7.132752524107445,0.009763799732555251
GENE_3643,GENE_3643,-0.11545404083081223,0.7508169391054166,0.9777688567078862,Not Significant,6.682134816215977,6.797588857046789,0.009763799732555251
GENE_824,GENE_824,-0.11571690668832346,0.7508576210449506,0.9777688567078862,Not Significant,7.135022003261808,7.250738909950131,0.009763799732555251
GENE_1736,GENE_1736,-0.11369772832267255,0.7514614855828995,0.9777688567078862,Not Significant,6.768577938717806,6.882275667040479,0.009763799732555251
GENE_2784,GENE_2784,0.11725893227495554,0.7486841395061807,0.9777688567078862,Not Significant,6.980237172731747,6.862978240456791,0.009763799732555251
GENE_4801,GENE_4801,-0.11593919242766493,0.7563201626930779,0.9784606852258241,Not Significant,6.545850437547372,6.661789629975037,0.009456619707052794
GENE_505,GENE_505,0.11481713070488109,0.7577797845611796,0.9784606852258241,Not Significant,7.127265195043395,7.012448064338514,0.009456619707052794
GENE_4009,GENE_4009,-0.11039905837174491,0.7605627356230845,0.9784606852258241,Not Significant,6.783303705127951,6.893702763499696,0.009456619707052794
GENE_2378,GENE_2378,-0.1073353894365745,0.7623640818686109,0.9784606852258241,Not Significant,6.711996055438879,6.819331444875454,0.009456619707052794
GENE_3696,GENE_3696,-0.11805285872583582,0.762206112105017,0.9784606852258241,Not Significant,6.831357449533582,6.949410308259417,0.009456619707052794
GENE_1399,GENE_1399,0.10933737457346648,0.7578075201328788,0.9784606852258241,Not Significant,7.155775033613717,7.046437659040251,0.009456619707052794
AXIN2,AXIN2,-0.09938999542160509,0.7640574449838132,0.9784606852258241,Not Significant,6.97306180663947,7.072451802061075,0.009456619707052794
GENE_2070,GENE_2070,-0.11742803018284764,0.764665969021988,0.9784606852258241,Not Significant,6.509292492076456,6.626720522259304,0.009456619707052794
GENE_684,GENE_684,-0.10660333348655548,0.7642143061258948,0.9784606852258241,Not Significant,7.019264826209428,7.125868159695983,0.009456619707052794
GENE_2545,GENE_2545,0.11212271401274343,0.7643695088329473,0.9784606852258241,Not Significant,7.12531373159476,7.013191017582017,0.009456619707052794
GENE_2696,GENE_2696,0.11023455980880659,0.7654801528908789,0.9784606852258241,Not Significant,6.8872987630016675,6.777064203192861,0.009456619707052794
GENE_3183,GENE_3183,0.11712360142636147,0.7609747194246724,0.9784606852258241,Not Significant,7.110885908005892,6.993762306579531,0.009456619707052794
GENE_3662,GENE_3662,0.1195795282086829,0.7654142732384074,0.9784606852258241,Not Significant,7.582637214869809,7.463057686661126,0.009456619707052794
GENE_4332,GENE_4332,-0.11310201025658806,0.7588916013964627,0.9784606852258241,Not Significant,6.90856630681815,7.021668317074738,0.009456619707052794
GENE_2049,GENE_2049,-0.10974151631736717,0.7625933212100868,0.9784606852258241,Not Significant,7.083922410937899,7.193663927255266,0.009456619707052794
GENE_27,GENE_27,0.11012932460326574,0.7645297897216702,0.9784606852258241,Not Significant,7.096385523855845,6.986256199252579,0.009456619707052794
GENE_3855,GENE_3855,0.10984496360408169,0.764427833203132,0.9784606852258241,Not Significant,7.395774209008587,7.285929245404505,0.009456619707052794
GENE_2504,GENE_2504,-0.11223427159925414,0.7568015852153996,0.9784606852258241,Not Significant,6.558666178109898,6.670900449709152,0.009456619707052794
GENE_2017,GENE_2017,-0.12199692238199411,0.7590390848060767,0.9784606852258241,Not Significant,7.080167336551615,7.2021642589336095,0.009456619707052794
GENE_1535,GENE_1535,0.11211686597124704,0.7535562638561312,0.9784606852258241,Not Significant,6.950671185207068,6.838554319235821,0.009456619707052794
GENE_1569,GENE_1569,-0.11200619706408688,0.7536671388006914,0.9784606852258241,Not Significant,6.6036261629278625,6.715632359991949,0.009456619707052794
GENE_2862,GENE_2862,-0.11579296090999236,0.7652337112349198,0.9784606852258241,Not Significant,6.9063936244758795,7.022186585385872,0.009456619707052794
GENE_483,GENE_483,-0.11409713055347392,0.7583087297385391,0.9784606852258241,Not Significant,7.133637202309077,7.247734332862551,0.009456619707052794
GENE_2912,GENE_2912,-0.10835109166874002,0.763057059307193,0.9784606852258241,Not Significant,7.040216890542285,7.148567982211025,0.009456619707052794
GENE_3842,GENE_3842,-0.1118525013938152,0.7581398114636568,0.9784606852258241,Not Significant,6.76868278346355,6.880535284857365,0.009456619707052794
GENE_3619,GENE_3619,0.12099412262881604,0.7543155758386063,0.9784606852258241,Not Significant,7.059235612310514,6.938241489681698,0.009456619707052794
GENE_1200,GENE_1200,0.11072509495410188,0.7575239765857095,0.9784606852258241,Not Significant,7.207274809721221,7.096549714767119,0.009456619707052794
GENE_4872,GENE_4872,0.10818598659411283,0.7623795123037916,0.9784606852258241,Not Significant,6.813221712699559,6.7050357261054465,0.009456619707052794
GENE_3636,GENE_3636,-0.10887059474552352,0.7609595616524176,0.9784606852258241,Not Significant,7.186778105216376,7.2956486999619,0.009456619707052794
GENE_2888,GENE_2888,-0.12591831492786731,0.7609116491073208,0.9784606852258241,Not Significant,6.919781247659819,7.045699562587687,0.009456619707052794
GENE_4637,GENE_4637,-0.11589169073554384,0.7596337821666875,0.9784606852258241,Not Significant,6.857757419540961,6.973649110276505,0.009456619707052794
GENE_4500,GENE_4500,-0.10970196179143077,0.7614291763630355,0.9784606852258241,Not Significant,7.22073467154134,7.330436633332771,0.009456619707052794
GENE_558,GENE_558,-0.109217553105184,0.7622145496831179,0.9784606852258241,Not Significant,6.844634089353833,6.953851642459017,0.009456619707052794
GENE_3071,GENE_3071,0.11889187698831538,0.7627248038923369,0.9784606852258241,Not Significant,7.183113985569796,7.064222108581481,0.009456619707052794
GENE_3995,GENE_3995,-0.11699235479887538,0.7592598155494957,0.9784606852258241,Not Significant,6.757057758012589,6.874050112811465,0.009456619707052794
GENE_4476,GENE_4476,-0.10914213154005203,0.7587914668996503,0.9784606852258241,Not Significant,6.7932556844597,6.902397815999752,0.009456619707052794
GENE_2110,GENE_2110,0.11877942645744799,0.7587971521518742,0.9784606852258241,Not Significant,7.196310071716066,7.077530645258618,0.009456619707052794
GENE_115,GENE_115,0.11689426197534925,0.7553286315583085,0.9784606852258241,Not Significant,7.223735146446222,7.106840884470873,0.009456619707052794
GENE_1342,GENE_1342,-0.1220326644505354,0.7537924647164476,0.9784606852258241,Not Significant,6.836766835091317,6.958799499541852,0.009456619707052794
GENE_1060,GENE_1060,0.11373570459058424,0.7549230668199487,0.9784606852258241,Not Significant,6.991107885771812,6.877372181181228,0.009456619707052794
GENE_4143,GENE_4143,-0.10830152174537311,0.7583196453250671,0.9784606852258241,Not Significant,6.833009303381484,6.941310825126857,0.009456619707052794
GENE_3347,GENE_3347,0.11702685444691774,0.7539361490089297,0.9784606852258241,Not Significant,6.645878449540152,6.528851595093235,0.009456619707052794
GENE_2136,GENE_2136,0.10729493767362808,0.7647599560170266,0.9784606852258241,Not Significant,7.16402863777695,7.056733700103322,0.009456619707052794
GENE_4904,GENE_4904,0.12015160676844605,0.7650250161913565,0.9784606852258241,Not Significant,6.912886251531664,6.792734644763218,0.009456619707052794
GENE_2385,GENE_2385,-0.11046759536721407,0.758572780537627,0.9784606852258241,Not Significant,6.628070482110559,6.738538077477773,0.009456619707052794
GENE_371,GENE_371,-0.11468302662238727,0.7600854377314412,0.9784606852258241,Not Significant,7.228530108892542,7.3432131355149295,0.009456619707052794
GENE_4198,GENE_4198,0.12189212803246807,0.7568596733379079,0.9784606852258241,Not Significant,7.202395082220925,7.080502954188457,0.009456619707052794
GENE_4626,GENE_4626,-0.1191303287621075,0.76373518059487,0.9784606852258241,Not Significant,7.045536419578037,7.164666748340144,0.009456619707052794
GENE_1944,GENE_1944,-0.11068051203536111,0.759484699716917,0.9784606852258241,Not Significant,7.087604768094422,7.198285280129783,0.009456619707052794
GENE_175,GENE_175,0.10628090663947098,0.7661796551001389,0.9788402848483092,Not Significant,7.101192590002432,6.994911683362961,0.009288165262932704
GENE_2952,GENE_2952,0.11591347125028495,0.7662980622734769,0.9788402848483092,Not Significant,6.993872622095495,6.87795915084521,0.009288165262932704
GENE_43,GENE_43,0.11168004217366079,0.7898344172593733,0.9788566764600227,Not Significant,7.17752231973495,7.0658422775612895,0.009280892649594131
GENE_874,GENE_874,0.10478463707373287,0.7781461612391501,0.9788566764600227,Not Significant,7.062343480682615,6.957558843608882,0.009280892649594131
GENE_3675,GENE_3675,0.10375205019220246,0.7938251554612106,0.9788566764600227,Not Significant,7.254998344762131,7.151246294569929,0.009280892649594131
GENE_3673,GENE_3673,-0.09524734581178773,0.7944375660665982,0.9788566764600227,Not Significant,6.794362824386096,6.889610170197884,0.009280892649594131
GENE_3986,GENE_3986,0.10480869656090697,0.7687004626510169,0.9788566764600227,Not Significant,7.167564593803902,7.062755897242995,0.009280892649594131
GENE_635,GENE_635,-0.09892740391730293,0.7853532996211275,0.9788566764600227,Not Significant,6.8985220128176525,6.9974494167349555,0.009280892649594131
GENE_1383,GENE_1383,0.10692304183325785,0.7868796528363334,0.9788566764600227,Not Significant,7.149481182057401,7.042558140224143,0.009280892649594131
GENE_3725,GENE_3725,-0.0930786835673576,0.791417402251414,0.9788566764600227,Not Significant,6.8609264376633075,6.954005121230665,0.009280892649594131
GENE_1793,GENE_1793,-0.1027847311314618,0.7735162087966414,0.9788566764600227,Not Significant,6.855402037731451,6.958186768862912,0.009280892649594131
GENE_1810,GENE_1810,0.09721559764577492,0.790900074998253,0.9788566764600227,Not Significant,7.209022878292101,7.111807280646326,0.009280892649594131
GENE_2763,GENE_2763,-0.10202879324103886,0.7891137858868333,0.9788566764600227,Not Significant,7.003570897290548,7.105599690531587,0.009280892649594131
GENE_2761,GENE_2761,0.11464608251035635,0.7670812112750998,0.9788566764600227,Not Significant,7.239883165647715,7.125237083137359,0.009280892649594131
GENE_1876,GENE_1876,-0.10526916218813565,0.7943989539237457,0.9788566764600227,Not Significant,6.793669386888723,6.898938549076859,0.009280892649594131
GENE_2760,GENE_2760,0.10331425745735423,0.7817130074990819,0.9788566764600227,Not Significant,6.843939657177951,6.740625399720597,0.009280892649594131
GENE_4684,GENE_4684,-0.10345146192035681,0.784139126238378,0.9788566764600227,Not Significant,6.957764387036281,7.061215848956638,0.009280892649594131
GENE_468,GENE_468,0.11186429859305846,0.7788685601285198,0.9788566764600227,Not Significant,7.282082345218755,7.170218046625696,0.009280892649594131
GENE_1116,GENE_1116,0.09992698593217675,0.7789646137499249,0.9788566764600227,Not Significant,7.00082967002306,6.900902684090883,0.009280892649594131
GENE_1507,GENE_1507,-0.10625757020189841,0.7743497834149613,0.9788566764600227,Not Significant,7.096803107439162,7.20306067764106,0.009280892649594131
GENE_87,GENE_87,-0.09615275703142245,0.7922346234958296,0.9788566764600227,Not Significant,7.222352039247311,7.3185047962787335,0.009280892649594131
GENE_4345,GENE_4345,0.09034470441402043,0.7986095183678632,0.9788566764600227,Not Significant,7.1083374609944014,7.017992756580381,0.009280892649594131
GENE_3625,GENE_3625,-0.10073946070988171,0.7767071123711767,0.9788566764600227,Not Significant,6.900628058801599,7.001367519511481,0.009280892649594131
GENE_2247,GENE_2247,-0.09827494413522331,0.7893231676072462,0.9788566764600227,Not Significant,6.9724371514285925,7.070712095563816,0.009280892649594131
GENE_3098,GENE_3098,-0.10569253646051546,0.7721771731154289,0.9788566764600227,Not Significant,6.66003072178685,6.765723258247365,0.009280892649594131
GENE_3426,GENE_3426,0.10044680964972041,0.7880114995415481,0.9788566764600227,Not Significant,7.203120925426935,7.102674115777215,0.009280892649594131
GENE_553,GENE_553,0.09838068014623236,0.7864009074242837,0.9788566764600227,Not Significant,7.069930504779406,6.971549824633174,0.009280892649594131
GENE_695,GENE_695,-0.10415791249137385,0.788075257960139,0.9788566764600227,Not Significant,6.8384719766348265,6.9426298891262,0.009280892649594131
GENE_3449,GENE_3449,-0.09914704326933954,0.7865354363802027,0.9788566764600227,Not Significant,7.0192044095182,7.11835145278754,0.009280892649594131
GENE_2998,GENE_2998,0.09988222450436357,0.7775085216651303,0.9788566764600227,Not Significant,7.1992616097748705,7.099379385270507,0.009280892649594131
GENE_4501,GENE_4501,0.10527528626261695,0.7714630612792899,0.9788566764600227,Not Significant,6.852711372459448,6.747436086196831,0.009280892649594131
GENE_3063,GENE_3063,0.09739660165625974,0.7865438784887633,0.9788566764600227,Not Significant,7.312150632404595,7.2147540307483355,0.009280892649594131
GENE_4382,GENE_4382,0.1052045380220683,0.7716660904941948,0.9788566764600227,Not Significant,7.227325155508718,7.12212061748665,0.009280892649594131
GENE_4004,GENE_4004,-0.10115627312176656,0.7821445001448144,0.9788566764600227,Not Significant,6.705939264662665,6.8070955377844315,0.009280892649594131
GENE_1423,GENE_1423,0.096478929349189,0.7958954316729363,0.9788566764600227,Not Significant,7.15028336812621,7.053804438777021,0.009280892649594131
GENE_2116,GENE_2116,0.10270815692951984,0.7804658433890169,0.9788566764600227,Not Significant,7.118377196257932,7.0156690393284125,0.009280892649594131
GENE_3472,GENE_3472,-0.10146654853299797,0.7942924996853712,0.9788566764600227,Not Significant,7.00098343937624,7.102449987909238,0.009280892649594131
GENE_1122,GENE_1122,0.10595234003587972,0.7885353072813768,0.9788566764600227,Not Significant,7.295408097588976,7.189455757553096,0.009280892649594131
GENE_3006,GENE_3006,0.10280712784817148,0.7796570747060604,0.9788566764600227,Not Significant,7.309920460980724,7.207113333132552,0.009280892649594131
GENE_305,GENE_305,-0.10449302040979713,0.7955224091171742,0.9788566764600227,Not Significant,7.204677877121152,7.309170897530949,0.009280892649594131
GENE_1874,GENE_1874,-0.09245633988210322,0.7970294757164328,0.9788566764600227,Not Significant,6.9220794118663616,7.014535751748465,0.009280892649594131
GENE_3726,GENE_3726,-0.09970708243205717,0.7890004360724032,0.9788566764600227,Not Significant,6.855505650568395,6.955212733000452,0.009280892649594131
GENE_4403,GENE_4403,-0.09296469828855258,0.7974934885108597,0.9788566764600227,Not Significant,6.936169672354984,7.029134370643536,0.009280892649594131
GENE_2827,GENE_2827,0.09854265345352431,0.7916868390245869,0.9788566764600227,Not Significant,6.97989787687714,6.881355223423616,0.009280892649594131
GENE_962,GENE_962,-0.0921047147491274,0.7956852572741087,0.9788566764600227,Not Significant,6.943657172571364,7.035761887320492,0.009280892649594131
GENE_3238,GENE_3238,-0.10119984651738978,0.7779686853459047,0.9788566764600227,Not Significant,6.733795236722671,6.834995083240061,0.009280892649594131
GENE_1077,GENE_1077,-0.10635731186408837,0.7894807901612556,0.9788566764600227,Not Significant,6.951874136042545,7.058231447906634,0.009280892649594131
GENE_3245,GENE_3245,-0.0928905579111916,0.793265375285249,0.9788566764600227,Not Significant,7.017636947111807,7.110527505022999,0.009280892649594131
GENE_3507,GENE_3507,0.10665741577563814,0.7696957777254059,0.9788566764600227,Not Significant,7.283158398947118,7.17650098317148,0.009280892649594131
GENE_2622,GENE_2622,0.10191274955163099,0.7850999694735992,0.9788566764600227,Not Significant,7.084494724884776,6.982581975333145,0.009280892649594131
GENE_4467,GENE_4467,0.110257310703326,0.7792105910272574,0.9788566764600227,Not Significant,6.839611412627075,6.729354101923749,0.009280892649594131
GENE_4471,GENE_4471,-0.10148721094113444,0.7887711629980523,0.9788566764600227,Not Significant,7.207005660774352,7.308492871715487,0.009280892649594131
GENE_1408,GENE_1408,0.11032360351285231,0.772333841846937,0.9788566764600227,Not Significant,7.166716439680237,7.056392836167385,0.009280892649594131
GENE_3045,GENE_3045,0.10067112093917174,0.7819598017273883,0.9788566764600227,Not Significant,7.146913096912639,7.046241975973468,0.009280892649594131
GENE_1102,GENE_1102,0.09691630948227203,0.7877061748560784,0.9788566764600227,Not Significant,7.100085936056195,7.003169626573923,0.009280892649594131
GENE_1100,GENE_1100,0.10105122642167608,0.7984614920522105,0.9788566764600227,Not Significant,7.214961333767977,7.113910107346301,0.009280892649594131
GENE_3111,GENE_3111,-0.10111218045996306,0.7744355131764709,0.9788566764600227,Not Significant,6.961056696346857,7.06216887680682,0.009280892649594131
GENE_1284,GENE_1284,-0.11008356538710373,0.7798947291659689,0.9788566764600227,Not Significant,6.856431169896182,6.966514735283286,0.009280892649594131
GENE_2354,GENE_2354,0.10011591790058905,0.7784820667899871,0.9788566764600227,Not Significant,7.160156715765305,7.060040797864716,0.009280892649594131
GENE_4940,GENE_4940,0.09887546227815935,0.7927849138865805,0.9788566764600227,Not Significant,6.995699962931025,6.8968245006528655,0.009280892649594131
GENE_3629,GENE_3629,0.11344061777138403,0.7726559713531771,0.9788566764600227,Not Significant,7.236995248085019,7.123554630313635,0.009280892649594131
GENE_3107,GENE_3107,-0.10459580846876104,0.7845945976121623,0.9788566764600227,Not Significant,7.078024116085538,7.182619924554299,0.009280892649594131
GENE_2343,GENE_2343,0.1093380270742319,0.7790810934060703,0.9788566764600227,Not Significant,7.080626068819599,6.9712880417453675,0.009280892649594131
GENE_3590,GENE_3590,-0.09459813215402502,0.7950982705015979,0.9788566764600227,Not Significant,6.685789237424931,6.780387369578956,0.009280892649594131
GENE_1584,GENE_1584,-0.10575090706873969,0.7876681566096957,0.9788566764600227,Not Significant,7.123992341662374,7.229743248731114,0.009280892649594131
GENE_3881,GENE_3881,-0.10469084321484523,0.785359328036223,0.9788566764600227,Not Significant,7.020573541603524,7.12526438481837,0.009280892649594131
GENE_4064,GENE_4064,0.10513932227821687,0.7957724313269429,0.9788566764600227,Not Significant,6.794273622270932,6.689134299992715,0.009280892649594131
GENE_2507,GENE_2507,0.09933883634747431,0.7905968348993736,0.9788566764600227,Not Significant,6.953172487580086,6.853833651232612,0.009280892649594131
GENE_1902,GENE_1902,0.1078288261671494,0.7666735918225247,0.9788566764600227,Not Significant,7.146217877764124,7.038389051596974,0.009280892649594131
GENE_4579,GENE_4579,0.11861826038158263,0.7714789866477786,0.9788566764600227,Not Significant,7.0633110960682295,6.944692835686647,0.009280892649594131
GENE_480,GENE_480,-0.10037799841797312,0.7866417895413139,0.9788566764600227,Not Significant,6.5446182506530715,6.644996249071045,0.009280892649594131
GENE_3556,GENE_3556,0.1068919283718408,0.7692499054683334,0.9788566764600227,Not Significant,7.242767320239817,7.135875391867976,0.009280892649594131
GENE_1522,GENE_1522,0.09129075945342802,0.7980171960110323,0.9788566764600227,Not Significant,6.877685218488751,6.786394459035323,0.009280892649594131
GENE_69,GENE_69,-0.09697994428272061,0.7861137223602521,0.9788566764600227,Not Significant,6.830122794567572,6.927102738850293,0.009280892649594131
GENE_3568,GENE_3568,0.1049469753310337,0.7675984769205577,0.9788566764600227,Not Significant,7.038457485950046,6.933510510619012,0.009280892649594131
GENE_297,GENE_297,0.09435804504112877,0.7951019255845099,0.9788566764600227,Not Significant,7.291863389182221,7.197505344141092,0.009280892649594131
GENE_722,GENE_722,0.09615054009819435,0.7896966377535624,0.9788566764600227,Not Significant,6.797022791488243,6.700872251390049,0.009280892649594131
GENE_2552,GENE_2552,0.11142375421790351,0.7680932821870149,0.9788566764600227,Not Significant,7.18553628967015,7.0741125354522465,0.009280892649594131
GENE_2030,GENE_2030,0.09568781349269972,0.7968407643187171,0.9788566764600227,Not Significant,6.844510226566553,6.748822413073853,0.009280892649594131
GENE_4513,GENE_4513,0.11344414449876972,0.781374012187212,0.9788566764600227,Not Significant,6.962915932288937,6.849471787790168,0.009280892649594131
GENE_3909,GENE_3909,0.1045457937610772,0.7687627817467846,0.9788566764600227,Not Significant,6.886672867083759,6.782127073322682,0.009280892649594131
GENE_1297,GENE_1297,-0.0956028045927173,0.792200050750215,0.9788566764600227,Not Significant,7.078215738836466,7.173818543429183,0.009280892649594131
GENE_3360,GENE_3360,-0.10819585078338001,0.7711891849721152,0.9788566764600227,Not Significant,6.919282666379362,7.027478517162742,0.009280892649594131
GENE_3366,GENE_3366,-0.09363728835069551,0.7947403797133418,0.9788566764600227,Not Significant,7.132477505416761,7.226114793767456,0.009280892649594131
GENE_4261,GENE_4261,0.11217425569972672,0.7770031173267169,0.9788566764600227,Not Significant,7.220652326605351,7.108478070905624,0.009280892649594131
GENE_2267,GENE_2267,0.10880844468437978,0.7856734686484655,0.9788566764600227,Not Significant,7.120093052381624,7.011284607697244,0.009280892649594131
GENE_2428,GENE_2428,-0.10549748225582789,0.7899258259912257,0.9788566764600227,Not Significant,7.170243427794021,7.275740910049849,0.009280892649594131
GENE_4865,GENE_4865,0.10311963239384436,0.797577977007347,0.9788566764600227,Not Significant,7.049192362665638,6.946072730271793,0.009280892649594131
GENE_3821,GENE_3821,-0.10264506145753316,0.7856619044653239,0.9788566764600227,Not Significant,6.6982032627454355,6.800848324202969,0.009280892649594131
GENE_1652,GENE_1652,0.10931657700104846,0.7714440676614179,0.9788566764600227,Not Significant,7.126674093496846,7.017357516495798,0.009280892649594131
GENE_4588,GENE_4588,0.10576007548679822,0.7709154734014685,0.9788566764600227,Not Significant,6.922935096461793,6.817175020974995,0.009280892649594131
GENE_2718,GENE_2718,0.10586756874227365,0.7688682392636692,0.9788566764600227,Not Significant,7.107510911126766,7.001643342384492,0.009280892649594131
GENE_2901,GENE_2901,0.09726650317088303,0.788041693288466,0.9788566764600227,Not Significant,6.861585699035607,6.764319195864724,0.009280892649594131
GENE_2886,GENE_2886,0.0999967011586449,0.7892106540739251,0.9788566764600227,Not Significant,6.927213380144106,6.827216678985461,0.009280892649594131
GENE_1982,GENE_1982,-0.1021188926589538,0.7737618445709032,0.9788566764600227,Not Significant,6.905186083770417,7.007304976429371,0.009280892649594131
GENE_1983,GENE_1983,-0.09849451637116591,0.7938701757688651,0.9788566764600227,Not Significant,6.759411449898733,6.857905966269899,0.009280892649594131
GENE_1987,GENE_1987,-0.10033764084511443,0.7846465441632507,0.9788566764600227,Not Significant,6.7753594896093325,6.875697130454447,0.009280892649594131
GENE_164,GENE_164,-0.10324613128713445,0.7804623903234396,0.9788566764600227,Not Significant,6.985275151068322,7.088521282355456,0.009280892649594131
GENE_3683,GENE_3683,-0.09029491363963427,0.798333391589712,0.9788566764600227,Not Significant,7.287586681622182,7.377881595261816,0.009280892649594131
GENE_4076,GENE_4076,-0.10103749872155099,0.7891596662952233,0.9788566764600227,Not Significant,6.774342231486511,6.875379730208062,0.009280892649594131
GENE_2528,GENE_2528,0.10445217074452895,0.776157934065212,0.9788566764600227,Not Significant,7.051801770113111,6.947349599368582,0.009280892649594131
GENE_1237,GENE_1237,-0.11147850146712113,0.7755056358465857,0.9788566764600227,Not Significant,6.680226859155894,6.791705360623015,0.009280892649594131
GENE_3474,GENE_3474,-0.10121259503589197,0.7741568807189837,0.9788566764600227,Not Significant,6.662595372341022,6.763807967376914,0.009280892649594131
GENE_4877,GENE_4877,0.10771642624881395,0.7813534049914339,0.9788566764600227,Not Significant,7.078726024581374,6.97100959833256,0.009280892649594131
GENE_4814,GENE_4814,0.09637329249236881,0.7963317337978595,0.9788566764600227,Not Significant,7.22409819861328,7.127724906120911,0.009280892649594131
GENE_3672,GENE_3672,0.0947037159923827,0.7936220946722138,0.9788566764600227,Not Significant,7.3315027354884075,7.236799019496025,0.009280892649594131
GENE_122,GENE_122,-0.09690606808831692,0.7946422377431451,0.9788566764600227,Not Significant,7.2030117785060686,7.2999178465943855,0.009280892649594131
GENE_1053,GENE_1053,0.10894416216653546,0.7806958791601032,0.9788566764600227,Not Significant,6.77220066025895,6.663256498092415,0.009280892649594131
GENE_4234,GENE_4234,-0.10571014423359237,0.7974881444596047,0.9788566764600227,Not Significant,7.009062413283231,7.114772557516823,0.009280892649594131
GENE_827,GENE_827,-0.10719378868997609,0.7748014743942904,0.9788566764600227,Not Significant,6.960937282041282,7.068131070731258,0.009280892649594131
GENE_630,GENE_630,0.10368813809778477,0.7854703166160386,0.9788566764600227,Not Significant,6.847481124263506,6.7437929861657215,0.009280892649594131
GENE_3286,GENE_3286,0.10107115695980085,0.788368715482527,0.9788566764600227,Not Significant,7.323334448856419,7.222263291896618,0.009280892649594131
GENE_2138,GENE_2138,-0.09589527593300673,0.7917229722734678,0.9788566764600227,Not Significant,7.088958252714368,7.184853528647375,0.009280892649594131
GENE_3953,GENE_3953,0.11146623560952218,0.7698980208944594,0.9788566764600227,Not Significant,7.07804941143533,6.966583175825808,0.009280892649594131
GENE_4285,GENE_4285,-0.1089302546795139,0.7701034975514459,0.9788566764600227,Not Significant,7.270341166488205,7.379271421167719,0.009280892649594131
GENE_4278,GENE_4278,0.09737726894790644,0.7930516159369579,0.9788566764600227,Not Significant,6.693893869764453,6.596516600816547,0.009280892649594131
GENE_745,GENE_745,0.10143080953166983,0.775946530295053,0.9788566764600227,Not Significant,7.0401880687022595,6.93875725917059,0.009280892649594131
GENE_744,GENE_744,0.09935188451882926,0.7799909299312593,0.9788566764600227,Not Significant,6.940983285060932,6.841631400542103,0.009280892649594131
GENE_4110,GENE_4110,-0.0938079882958407,0.7973341128315319,0.9788566764600227,Not Significant,7.160084589724104,7.253892578019944,0.009280892649594131
GENE_4103,GENE_4103,-0.11661120706000805,0.7716584267612934,0.9788566764600227,Not Significant,6.904237319890622,7.02084852695063,0.009280892649594131
GENE_616,GENE_616,-0.10997057488158024,0.7920161288674157,0.9788566764600227,Not Significant,6.573170120118391,6.683140694999971,0.009280892649594131
GENE_1107,GENE_1107,0.10204388003260956,0.7873597846694742,0.9788566764600227,Not Significant,6.9938954308667975,6.891851550834188,0.009280892649594131
GENE_472,GENE_472,-0.11367166377098492,0.7744028451264895,0.9788566764600227,Not Significant,7.101190467909339,7.214862131680324,0.009280892649594131
GENE_4717,GENE_4717,0.10406572258122804,0.7698508183062878,0.9788566764600227,Not Significant,6.97908440865626,6.875018686075032,0.009280892649594131
GENE_1841,GENE_1841,0.0997828121928297,0.7819913062885212,0.9788566764600227,Not Significant,7.466528191988406,7.366745379795576,0.009280892649594131
GENE_3320,GENE_3320,0.1100643380901749,0.7675352093629095,0.9788566764600227,Not Significant,7.213066613698015,7.10300227560784,0.009280892649594131
GENE_4256,GENE_4256,-0.09295507671042635,0.7989075128212929,0.9789026518364587,Not Significant,6.72869183311145,6.821646909821876,0.009260494991920207
GENE_3989,GENE_3989,-0.09985693578451205,0.7997860876108281,0.9793405399939694,Not Significant,6.907030156405601,7.006887092190113,0.009066267416447709
GENE_3146,GENE_3146,0.09753032059945799,0.7997481827271479,0.9793405399939694,Not Significant,7.108686021273854,7.011155700674396,0.009066267416447709
GENE_4639,GENE_4639,0.09158107382523184,0.8001887144501698,0.9795143937797192,Not Significant,7.1180504677740375,7.026469393948806,0.008989177746655882
GENE_4237,GENE_4237,-0.09025205976891204,0.8013559359897237,0.9797626770923998,Not Significant,7.317941766319679,7.408193826088591,0.008879108502416664
GENE_3020,GENE_3020,0.09467756006266015,0.8014633403642566,0.9797626770923998,Not Significant,7.225952873992673,7.131275313930013,0.008879108502416664
GENE_81,GENE_81,0.09168512767037029,0.8074308171780634,0.9797626770923998,Not Significant,7.135930467450647,7.044245339780277,0.008879108502416664
GENE_3355,GENE_3355,-0.09017599186620906,0.804780616189481,0.9797626770923998,Not Significant,7.030744632761232,7.120920624627441,0.008879108502416664
GENE_4608,GENE_4608,-0.09052551680769838,0.8056747802361016,0.9797626770923998,Not Significant,6.881927374839184,6.972452891646882,0.008879108502416664
GENE_2911,GENE_2911,-0.0903342586218896,0.8043261086380116,0.9797626770923998,Not Significant,6.821546822159951,6.911881080781841,0.008879108502416664
GENE_3396,GENE_3396,-0.08841508582062296,0.8037383110515062,0.9797626770923998,Not Significant,6.834560433776269,6.922975519596892,0.008879108502416664
GENE_4900,GENE_4900,-0.0929670472013715,0.8069608849530582,0.9797626770923998,Not Significant,7.041110352490972,7.134077399692344,0.008879108502416664
GENE_2745,GENE_2745,0.09211611730433944,0.8072484195038637,0.9797626770923998,Not Significant,6.849418553596982,6.757302436292642,0.008879108502416664
GENE_221,GENE_221,0.10112916666269811,0.8052299715114982,0.9797626770923998,Not Significant,6.977880974756979,6.876751808094281,0.008879108502416664
GENE_527,GENE_527,-0.0887479592769349,0.8059282475744838,0.9797626770923998,Not Significant,6.995718158731512,7.0844661180084465,0.008879108502416664
GENE_1332,GENE_1332,0.10019098275372507,0.8033075776513167,0.9797626770923998,Not Significant,7.222237531467718,7.122046548713993,0.008879108502416664
GENE_2231,GENE_2231,0.0914571310740726,0.8061017993798566,0.9797626770923998,Not Significant,7.365489877284444,7.274032746210372,0.008879108502416664
GENE_4968,GENE_4968,0.08888635280818757,0.8053000373115865,0.9797626770923998,Not Significant,6.965357245585858,6.876470892777671,0.008879108502416664
GENE_373,GENE_373,-0.08879006708176185,0.8020966763475422,0.9797626770923998,Not Significant,7.124204154313006,7.2129942213947675,0.008879108502416664
GENE_4468,GENE_4468,0.096416794610791,0.8068189624654764,0.9797626770923998,Not Significant,7.037175762865175,6.940758968254384,0.008879108502416664
GENE_4002,GENE_4002,-0.09113089107814432,0.8027013471058977,0.9797626770923998,Not Significant,6.713422714118304,6.804553605196448,0.008879108502416664
GENE_4005,GENE_4005,0.09855640633264873,0.8045415186720832,0.9797626770923998,Not Significant,7.13004741964318,7.031491013310531,0.008879108502416664
GENE_3970,GENE_3970,0.10178406430825593,0.8072093825111415,0.9797626770923998,Not Significant,7.262352614621645,7.160568550313389,0.008879108502416664
GENE_63,GENE_63,-0.0895919346570917,0.8007587027737081,0.9797626770923998,Not Significant,6.995230119664964,7.084822054322056,0.008879108502416664
GENE_4455,GENE_4455,-0.0954995665579359,0.8040843577269607,0.9797626770923998,Not Significant,6.736865691212613,6.832365257770549,0.008879108502416664
GENE_2669,GENE_2669,-0.10177165772477892,0.8051955339481808,0.9797626770923998,Not Significant,7.057911757354093,7.159683415078872,0.008879108502416664
GENE_700,GENE_700,-0.09516075486779396,0.8038933407714082,0.9797626770923998,Not Significant,7.017504147383944,7.112664902251738,0.008879108502416664
GENE_2182,GENE_2182,-0.09460372778461323,0.804728072646778,0.9797626770923998,Not Significant,6.944458272847479,7.039062000632092,0.008879108502416664
GENE_1791,GENE_1791,0.09988694880302962,0.8031052011290261,0.9797626770923998,Not Significant,7.056379084132553,6.9564921353295235,0.008879108502416664
GENE_204,GENE_204,0.10020527373968147,0.8064808134458125,0.9797626770923998,Not Significant,7.1819022026375565,7.081696928897875,0.008879108502416664
GENE_2040,GENE_2040,0.09378046768610382,0.8055130839444892,0.9797626770923998,Not Significant,6.943476672771749,6.849696205085645,0.008879108502416664
GENE_1969,GENE_1969,-0.08913649132729962,0.8086095745091021,0.9808763011637204,Not Significant,6.985884388791064,7.075020880118363,0.008385758276839758
GENE_2514,GENE_2514,-0.08491371456816132,0.8093590196361358,0.981048730118911,Not Significant,6.935401824737087,7.0203155393052485,0.008309420044992544
GENE_3281,GENE_3281,-0.08586183414069115,0.8111950722605157,0.981048730118911,Not Significant,6.8158456016447255,6.901707435785417,0.008309420044992544
GENE_3134,GENE_3134,-0.0931792235768949,0.8100078955633846,0.981048730118911,Not Significant,7.003504310363992,7.096683533940887,0.008309420044992544
GENE_235,GENE_235,0.08734906137333365,0.811362281322399,0.981048730118911,Not Significant,6.973153174701708,6.8858041133283745,0.008309420044992544
GENE_3228,GENE_3228,0.09070903006995934,0.8102351556790608,0.981048730118911,Not Significant,7.045887915683974,6.955178885614015,0.008309420044992544
GENE_3217,GENE_3217,-0.09277672693646277,0.8109350194066202,0.981048730118911,Not Significant,7.081619609332967,7.17439633626943,0.008309420044992544
GENE_4348,GENE_4348,-0.09156325509700469,0.809671932729421,0.981048730118911,Not Significant,6.878036607414204,6.969599862511209,0.008309420044992544
GENE_2244,GENE_2244,-0.09135937546346007,0.8105660583996328,0.981048730118911,Not Significant,7.201619138535973,7.292978513999433,0.008309420044992544
GENE_73,GENE_73,0.08559444595395949,0.8096274392607613,0.981048730118911,Not Significant,6.868099944988076,6.782505499034117,0.008309420044992544
GENE_4890,GENE_4890,0.08660504193573981,0.8110420383946236,0.981048730118911,Not Significant,7.0836431020908455,6.997038060155106,0.008309420044992544
GENE_743,GENE_743,0.08904606631246104,0.8122195412448867,0.9814568538065719,Not Significant,7.227841061433123,7.138794995120662,0.008128787827186842
GENE_2764,GENE_2764,-0.08518292491978663,0.8122221435174131,0.9814568538065719,Not Significant,7.259742906326596,7.344925831246383,0.008128787827186842
GENE_935,GENE_935,-0.08550884828724392,0.812838688541974,0.981591653136097,Not Significant,7.143100666803153,7.228609515090397,0.008069143243915491
GENE_269,GENE_269,-0.08450832708845457,0.8134515875093467,0.981591653136097,Not Significant,6.578689554276609,6.663197881365064,0.008069143243915491
GENE_3620,GENE_3620,0.0880562470352464,0.8133582235758113,0.981591653136097,Not Significant,6.867276403535081,6.779220156499835,0.008069143243915491
GENE_3328,GENE_3328,0.09293569354651332,0.8134870433158492,0.981591653136097,Not Significant,6.647503010488378,6.554567316941864,0.008069143243915491
GENE_4807,GENE_4807,0.08570045163158468,0.8139009023874609,0.981591653136097,Not Significant,7.006565062667974,6.920864611036389,0.008069143243915491
GENE_2626,GENE_2626,-0.0904051238719692,0.8138475192641258,0.981591653136097,Not Significant,6.924398720475991,7.01480384434796,0.008069143243915491
GENE_4875,GENE_4875,-0.08502251706237196,0.8144840131285297,0.98166482403368,Not Significant,6.994484653598891,7.079507170661263,0.008036770787804445
GENE_220,GENE_220,0.08567933376168124,0.8143445241227071,0.98166482403368,Not Significant,6.962229283672546,6.876549949910864,0.008036770787804445
GENE_3191,GENE_3191,-0.08226778265459078,0.8167521335101836,0.9819104752404727,Not Significant,6.797148953600106,6.879416736254697,0.007928106796992445
GENE_4015,GENE_4015,-0.08366777684134785,0.8158663044327683,0.9819104752404727,Not Significant,6.909930450756426,6.993598227597774,0.007928106796992445
GENE_3356,GENE_3356,-0.09416584497743141,0.8149505902999586,0.9819104752404727,Not Significant,6.92487568512325,7.019041530100681,0.007928106796992445
GENE_4790,GENE_4790,-0.08809186984583395,0.8175619683415218,0.9819104752404727,Not Significant,6.762327712005032,6.850419581850866,0.007928106796992445
GENE_4861,GENE_4861,-0.0881655085582489,0.8168658972799675,0.9819104752404727,Not Significant,7.009378268932991,7.09754377749124,0.007928106796992445
GENE_3509,GENE_3509,-0.08473901524600169,0.8160175185744626,0.9819104752404727,Not Significant,6.994561969954576,7.079300985200578,0.007928106796992445
GENE_3388,GENE_3388,-0.08722183445860487,0.8175498597311261,0.9819104752404727,Not Significant,6.627259423563422,6.714481258022027,0.007928106796992445
GENE_2481,GENE_2481,0.08794213257008021,0.8156896103041509,0.9819104752404727,Not Significant,6.868576880117969,6.7806347475478885,0.007928106796992445
GENE_2799,GENE_2799,0.08507329357773319,0.8155713963605964,0.9819104752404727,Not Significant,6.880651074298596,6.795577780720863,0.007928106796992445
GENE_4465,GENE_4465,-0.0889448782358171,0.8171283953408621,0.9819104752404727,Not Significant,7.208611480790366,7.297556359026183,0.007928106796992445
GENE_394,GENE_394,0.08314349568456159,0.8173229757695335,0.9819104752404727,Not Significant,7.103403673637194,7.020260177952633,0.007928106796992445
GENE_1834,GENE_1834,0.0870441892962619,0.8185797643072487,0.9824991129511276,Not Significant,7.168461062151957,7.081416872855695,0.007667833054932008
GENE_495,GENE_495,-0.08358548682773659,0.8186379137778309,0.9824991129511276,Not Significant,6.883115173392893,6.96670066022063,0.007667833054932008
GENE_1108,GENE_1108,-0.090705385444247,0.8188364081327651,0.9824991129511276,Not Significant,7.101782354542495,7.192487739986742,0.007667833054932008
GENE_2782,GENE_2782,-0.08889874884941396,0.82330487368587,0.9826735801821425,Not Significant,6.839786816665211,6.928685565514625,0.007590720080416812
GENE_377,GENE_377,0.06766099877861809,0.8637639052668288,0.9826735801821425,Not Significant,6.751695429677017,6.684034430898399,0.007590720080416812
GENE_1856,GENE_1856,-0.07319821725044218,0.8378717881754446,0.9826735801821425,Not Significant,6.7618367213641175,6.83503493861456,0.007590720080416812
GENE_1854,GENE_1854,-0.08464772525142639,0.8198548196898028,0.9826735801821425,Not Significant,7.104474976532715,7.189122701784141,0.007590720080416812
GENE_3741,GENE_3741,-0.06401590596382079,0.8574001137222781,0.9826735801821425,Not Significant,7.320288702781867,7.384304608745688,0.007590720080416812
GENE_4746,GENE_4746,-0.08049553462353387,0.8267413987326868,0.9826735801821425,Not Significant,6.877242404482502,6.957737939106035,0.007590720080416812
GENE_4105,GENE_4105,-0.06148076806279512,0.8642189872757802,0.9826735801821425,Not Significant,7.386355284364114,7.447836052426909,0.007590720080416812
GENE_1088,GENE_1088,0.06900158809935064,0.8538973138470227,0.9826735801821425,Not Significant,7.285522368974535,7.216520780875184,0.007590720080416812
GENE_1071,GENE_1071,-0.08223313521759845,0.8536630566998208,0.9826735801821425,Not Significant,6.52238172960068,6.604614864818278,0.007590720080416812
GENE_1081,GENE_1081,-0.08114150116354679,0.8374878668211138,0.9826735801821425,Not Significant,7.079965339633505,7.161106840797052,0.007590720080416812
GENE_3290,GENE_3290,-0.0834839630967128,0.8250435700551366,0.9826735801821425,Not Significant,6.992031387613943,7.075515350710655,0.007590720080416812
GENE_3215,GENE_3215,0.08470936047802624,0.8202662018772162,0.9826735801821425,Not Significant,7.4124161451470725,7.327706784669046,0.007590720080416812
GENE_3311,GENE_3311,0.08238319455630805,0.8214634727504049,0.9826735801821425,Not Significant,7.04738174478746,6.964998550231152,0.007590720080416812
GENE_320,GENE_320,-0.07955382496966923,0.8342337754953736,0.9826735801821425,Not Significant,7.214506367375405,7.294060192345074,0.007590720080416812
GENE_1104,GENE_1104,-0.08220606180628742,0.828740420233941,0.9826735801821425,Not Significant,6.959422342248481,7.0416284040547685,0.007590720080416812
GENE_908,GENE_908,0.07772219307295458,0.8323920010675654,0.9826735801821425,Not Significant,7.033783302596161,6.9560611095232066,0.007590720080416812
GENE_4800,GENE_4800,-0.08172103555656562,0.8261592258402659,0.9826735801821425,Not Significant,6.658513410163457,6.740234445720023,0.007590720080416812
GENE_1099,GENE_1099,0.08210460492776495,0.8362239139973626,0.9826735801821425,Not Significant,7.262505973968888,7.180401369041123,0.007590720080416812
GENE_241,GENE_241,-0.07987865121298743,0.8382317717754202,0.9826735801821425,Not Significant,6.5000324929375495,6.579911144150537,0.007590720080416812
GENE_3716,GENE_3716,0.06914937645406649,0.8653625928763619,0.9826735801821425,Not Significant,6.803527493955852,6.734378117501786,0.007590720080416812
GENE_2770,GENE_2770,-0.07398969199078298,0.8456584437868384,0.9826735801821425,Not Significant,7.002549815538815,7.076539507529598,0.007590720080416812
GENE_4688,GENE_4688,0.0814607665745033,0.8376272564649095,0.9826735801821425,Not Significant,6.999841080472919,6.918380313898416,0.007590720080416812
GENE_187,GENE_187,0.07602034772080124,0.8290690780006876,0.9826735801821425,Not Significant,7.260728523927404,7.184708176206603,0.007590720080416812
GENE_4713,GENE_4713,-0.06740370600727363,0.8497142447015628,0.9826735801821425,Not Significant,7.262971144178479,7.330374850185753,0.007590720080416812
GENE_249,GENE_249,0.06790494613577636,0.8636901553689513,0.9826735801821425,Not Significant,7.075876554961767,7.007971608825991,0.007590720080416812
GENE_4123,GENE_4123,0.06413095682938597,0.8606989238843104,0.9826735801821425,Not Significant,7.253408350794638,7.189277393965252,0.007590720080416812
GENE_1093,GENE_1093,-0.07675964263600754,0.841060926586797,0.9826735801821425,Not Significant,6.760637005891269,6.837396648527276,0.007590720080416812
GENE_894,GENE_894,-0.07520524704063458,0.8431157172776798,0.9826735801821425,Not Significant,6.741012287664369,6.816217534705004,0.007590720080416812
GENE_4111,GENE_4111,-0.08179291374130226,0.8216902134145553,0.9826735801821425,Not Significant,7.163369169332556,7.245162083073859,0.007590720080416812
GENE_3700,GENE_3700,0.08782364792034159,0.8225927575223021,0.9826735801821425,Not Significant,7.290551406757685,7.2027277588373435,0.007590720080416812
GENE_37,GENE_37,-0.06814823939068759,0.8656081169473934,0.9826735801821425,Not Significant,6.935347431801289,7.003495671191977,0.007590720080416812
GENE_1763,GENE_1763,0.08284124525789327,0.8267446862251752,0.9826735801821425,Not Significant,7.10958313371477,7.026741888456876,0.007590720080416812
GENE_2341,GENE_2341,-0.06661102845853062,0.850338637719082,0.9826735801821425,Not Significant,7.440576707138092,7.507187735596623,0.007590720080416812
GENE_821,GENE_821,0.0592418457805044,0.8678801523748085,0.9826735801821425,Not Significant,6.82743533473994,6.768193488959436,0.007590720080416812
GENE_1181,GENE_1181,-0.07312765886976802,0.8481339879720097,0.9826735801821425,Not Significant,6.826188901840598,6.899316560710366,0.007590720080416812
GENE_3708,GENE_3708,0.06852507747124381,0.8560293509394723,0.9826735801821425,Not Significant,7.039100309041704,6.97057523157046,0.007590720080416812
GENE_4772,GENE_4772,0.06441085753920728,0.8588321717121514,0.9826735801821425,Not Significant,7.00278944868821,6.938378591149003,0.007590720080416812
GENE_2376,GENE_2376,0.071718487795013,0.8517692619077389,0.9826735801821425,Not Significant,7.168935705623647,7.097217217828634,0.007590720080416812
GENE_4195,GENE_4195,0.08299755238939177,0.8402621138288952,0.9826735801821425,Not Significant,7.222057124862659,7.1390595724732675,0.007590720080416812
GENE_4240,GENE_4240,-0.06467762108913444,0.8641415469571302,0.9826735801821425,Not Significant,6.774036058818253,6.8387136799073875,0.007590720080416812
GENE_2353,GENE_2353,-0.06750165767043015,0.8487937330265681,0.9826735801821425,Not Significant,7.292242350152295,7.359744007822725,0.007590720080416812
GENE_1128,GENE_1128,0.07351001125500112,0.8426764549298587,0.9826735801821425,Not Significant,6.86040880778665,6.7868987965316485,0.007590720080416812
GENE_898,GENE_898,0.08083701997634041,0.8407346753214773,0.9826735801821425,Not Significant,7.111203526265563,7.030366506289223,0.007590720080416812
GENE_4088,GENE_4088,-0.0732460457726214,0.8434156713577814,0.9826735801821425,Not Significant,6.837781724931222,6.911027770703844,0.007590720080416812
GENE_844,GENE_844,-0.06494281211756192,0.8578848494120977,0.9826735801821425,Not Significant,6.963744623864004,7.028687435981566,0.007590720080416812
GENE_4707,GENE_4707,-0.07083225718438957,0.8526277620961995,0.9826735801821425,Not Significant,6.770861566200519,6.841693823384909,0.007590720080416812
GENE_1754,GENE_1754,0.08186780965545015,0.8311000848591057,0.9826735801821425,Not Significant,7.0479768543531085,6.966109044697658,0.007590720080416812
GENE_1152,GENE_1152,-0.07895579649704576,0.8268649222716953,0.9826735801821425,Not Significant,6.857603119415645,6.93655891591269,0.007590720080416812
GENE_1171,GENE_1171,-0.07041599844957158,0.8422531308417828,0.9826735801821425,Not Significant,6.802393733291958,6.87280973174153,0.007590720080416812
GENE_4690,GENE_4690,-0.07155606913565915,0.8409843868173302,0.9826735801821425,Not Significant,7.0684455867197045,7.140001655855364,0.007590720080416812
GENE_3784,GENE_3784,-0.07286684519203224,0.8396170539161045,0.9826735801821425,Not Significant,6.587784692262635,6.660651537454667,0.007590720080416812
GENE_1890,GENE_1890,0.06891879160909387,0.8530898925836093,0.9826735801821425,Not Significant,6.899762836528629,6.830844044919536,0.007590720080416812
GENE_189,GENE_189,-0.06584348582535782,0.8582736454720014,0.9826735801821425,Not Significant,6.966480965968263,7.032324451793621,0.007590720080416812
GENE_4245,GENE_4245,0.06479640110750129,0.8665089590658897,0.9826735801821425,Not Significant,7.037198799296723,6.972402398189222,0.007590720080416812
GENE_4651,GENE_4651,0.07038089788545854,0.8461855995192841,0.9826735801821425,Not Significant,7.128384758355826,7.058003860470367,0.007590720080416812
GENE_788,GENE_788,-0.0860029887845295,0.8245876357179429,0.9826735801821425,Not Significant,6.951247127736319,7.037250116520848,0.007590720080416812
GENE_466,GENE_466,0.06121558049877951,0.8677031092025693,0.9826735801821425,Not Significant,6.898816553013207,6.837600972514427,0.007590720080416812
GENE_2747,GENE_2747,0.0846335838412875,0.8218575500140602,0.9826735801821425,Not Significant,7.009828186247321,6.925194602406034,0.007590720080416812
GENE_3780,GENE_3780,0.08334195633877517,0.8404717663306334,0.9826735801821425,Not Significant,6.889935571784154,6.8065936154453786,0.007590720080416812
GENE_3679,GENE_3679,0.0682975306931839,0.8480055375154677,0.9826735801821425,Not Significant,6.90309939716427,6.834801866471086,0.007590720080416812
GENE_1710,GENE_1710,0.07808467574772138,0.8301203926349643,0.9826735801821425,Not Significant,7.12550559935451,7.047420923606788,0.007590720080416812
GENE_423,GENE_423,0.07206910050209636,0.8469849148927814,0.9826735801821425,Not Significant,6.7689754207269965,6.6969063202249,0.007590720080416812
GENE_3350,GENE_3350,-0.0818783228387634,0.8345380898238888,0.9826735801821425,Not Significant,6.993811449500883,7.075689772339646,0.007590720080416812
GENE_818,GENE_818,0.07716037520537622,0.8536714772255098,0.9826735801821425,Not Significant,6.965601688027162,6.888441312821786,0.007590720080416812
GENE_703,GENE_703,-0.07608724604969819,0.8495358500560417,0.9826735801821425,Not Significant,6.7863549853215055,6.862442231371204,0.007590720080416812
GENE_1294,GENE_1294,-0.08477579996856743,0.8209837356228024,0.9826735801821425,Not Significant,6.978603058538936,7.0633788585075035,0.007590720080416812
GENE_1290,GENE_1290,-0.0670893457800883,0.8588424005102916,0.9826735801821425,Not Significant,6.839130017585287,6.906219363365375,0.007590720080416812
GENE_2225,GENE_2225,-0.07129451842519252,0.8514161537451648,0.9826735801821425,Not Significant,7.059424481133863,7.130718999559056,0.007590720080416812
GENE_4661,GENE_4661,-0.06719646188839601,0.8610567607286348,0.9826735801821425,Not Significant,7.025595355371787,7.092791817260183,0.007590720080416812
GENE_3800,GENE_3800,-0.07611966056374886,0.85219886690688,0.9826735801821425,Not Significant,7.20659007108542,7.2827097316491685,0.007590720080416812
GENE_2733,GENE_2733,0.06345044398318578,0.86268854056989,0.9826735801821425,Not Significant,7.1969664519574135,7.133516007974228,0.007590720080416812
GENE_34,GENE_34,-0.06609580214287991,0.863990156409848,0.9826735801821425,Not Significant,6.8013570669127015,6.867452869055581,0.007590720080416812
GENE_3103,GENE_3103,0.07475975265538537,0.8387358478439747,0.9826735801821425,Not Significant,6.89917538837768,6.8244156357222945,0.007590720080416812
GENE_741,GENE_741,0.07410401742663542,0.8450667146577067,0.9826735801821425,Not Significant,7.285459426025517,7.211355408598882,0.007590720080416812
GENE_1912,GENE_1912,0.07209494099857405,0.8394859413390713,0.9826735801821425,Not Significant,7.321077283450209,7.248982342451635,0.007590720080416812
GENE_794,GENE_794,0.061717058444100026,0.8616713583006463,0.9826735801821425,Not Significant,7.16632030575495,7.10460324731085,0.007590720080416812
GENE_4072,GENE_4072,-0.06863421725517238,0.867553755485745,0.9826735801821425,Not Significant,6.858475476711655,6.927109693966828,0.007590720080416812
GENE_4049,GENE_4049,-0.0705760173361547,0.8505680001412655,0.9826735801821425,Not Significant,6.936012485895324,7.0065885032314785,0.007590720080416812
GENE_366,GENE_366,-0.07236238877394907,0.8526423366401755,0.9826735801821425,Not Significant,7.0764958309723305,7.1488582197462796,0.007590720080416812
GENE_4678,GENE_4678,0.06980122025082647,0.8646440800055525,0.9826735801821425,Not Significant,6.9902269963478165,6.92042577609699,0.007590720080416812
GENE_4288,GENE_4288,-0.0692999793650726,0.8582467989977629,0.9826735801821425,Not Significant,6.897518316975001,6.966818296340073,0.007590720080416812
GENE_3392,GENE_3392,-0.06503539756204368,0.8618353270161251,0.9826735801821425,Not Significant,7.170235113749628,7.235270511311672,0.007590720080416812
GENE_3658,GENE_3658,0.06212075600329481,0.8603278586318386,0.9826735801821425,Not Significant,6.930470996367934,6.868350240364639,0.007590720080416812
GENE_3682,GENE_3682,-0.07543691268203379,0.8489858970414366,0.9826735801821425,Not Significant,6.927094297922782,7.002531210604816,0.007590720080416812
GENE_3681,GENE_3681,-0.07507958173642226,0.8346884871544513,0.9826735801821425,Not Significant,6.857670565563806,6.932750147300228,0.007590720080416812
GENE_4812,GENE_4812,0.07709438571597538,0.8453850507159889,0.9826735801821425,Not Significant,7.114131981137325,7.037037595421349,0.007590720080416812
GENE_4809,GENE_4809,0.06964209997768567,0.862092223469027,0.9826735801821425,Not Significant,6.813738667084187,6.744096567106501,0.007590720080416812
GENE_3365,GENE_3365,0.08363994932420571,0.8269993411351932,0.9826735801821425,Not Significant,7.291696630690629,7.208056681366423,0.007590720080416812
GENE_3401,GENE_3401,0.06655022274591627,0.8570940978658453,0.9826735801821425,Not Significant,6.714031878770794,6.647481656024878,0.007590720080416812
GENE_2285,GENE_2285,-0.06899496869238941,0.8471015057114331,0.9826735801821425,Not Significant,6.8902404658541165,6.959235434546506,0.007590720080416812
GENE_767,GENE_767,0.0788782750111503,0.8406373043185643,0.9826735801821425,Not Significant,7.214469226097211,7.135590951086061,0.007590720080416812
GENE_1239,GENE_1239,0.08225390770582575,0.8336253157013117,0.9826735801821425,Not Significant,7.275356359422293,7.1931024517164674,0.007590720080416812
GENE_1941,GENE_1941,0.0859397237912809,0.8199777051420193,0.9826735801821425,Not Significant,7.017895938547369,6.931956214756088,0.007590720080416812
GENE_4621,GENE_4621,0.060240984050252244,0.8656847500791044,0.9826735801821425,Not Significant,7.1440031251010305,7.083762141050778,0.007590720080416812
GENE_2859,GENE_2859,-0.07685609941685634,0.8354218213543992,0.9826735801821425,Not Significant,6.41640744142086,6.493263540837717,0.007590720080416812
GENE_4265,GENE_4265,-0.0712700831773585,0.860886878828087,0.9826735801821425,Not Significant,6.808797207950456,6.880067291127815,0.007590720080416812
GENE_1672,GENE_1672,-0.06848064660975517,0.865463006814473,0.9826735801821425,Not Significant,6.809635867251431,6.878116513861186,0.007590720080416812
GENE_288,GENE_288,-0.07904924889547438,0.8280855778458721,0.9826735801821425,Not Significant,6.822114574116558,6.901163823012032,0.007590720080416812
GENE_3638,GENE_3638,0.07845128301509696,0.8335695773373064,0.9826735801821425,Not Significant,6.795136834416504,6.716685551401407,0.007590720080416812
GENE_2730,GENE_2730,0.08134592051500533,0.8248630116713108,0.9826735801821425,Not Significant,6.937536429900783,6.856190509385778,0.007590720080416812
GENE_2263,GENE_2263,0.07107277218719155,0.8488377148560355,0.9826735801821425,Not Significant,6.975791925089879,6.904719152902688,0.007590720080416812
GENE_4312,GENE_4312,0.07193719223099482,0.842954472108509,0.9826735801821425,Not Significant,7.2530336196685745,7.18109642743758,0.007590720080416812
GENE_2260,GENE_2260,-0.07723046799289701,0.8355902194925608,0.9826735801821425,Not Significant,6.926136636769168,7.003367104762065,0.007590720080416812
GENE_2731,GENE_2731,0.07413181391224466,0.8573791274544105,0.9826735801821425,Not Significant,7.234439057190223,7.160307243277979,0.007590720080416812
GENE_3086,GENE_3086,-0.061292981305908434,0.8623570602494284,0.9826735801821425,Not Significant,6.7869804971247465,6.848273478430655,0.007590720080416812
GENE_2724,GENE_2724,-0.07166865258045974,0.8462372388982784,0.9826735801821425,Not Significant,7.055956875493593,7.127625528074053,0.007590720080416812
GENE_739,GENE_739,0.06943109339940179,0.851484889601431,0.9826735801821425,Not Significant,6.7704827639488245,6.701051670549423,0.007590720080416812
GENE_1267,GENE_1267,-0.06236117031386357,0.8621894309626484,0.9826735801821425,Not Significant,7.132901216550084,7.195262386863948,0.007590720080416812
GENE_4032,GENE_4032,-0.08191025983847489,0.8316028640992478,0.9826735801821425,Not Significant,7.014366547321882,7.096276807160357,0.007590720080416812
GENE_4029,GENE_4029,-0.06268513064741388,0.8629362269735371,0.9826735801821425,Not Significant,6.978034527203005,7.040719657850419,0.007590720080416812
GENE_4061,GENE_4061,0.07898524399452089,0.8441230447701713,0.9826735801821425,Not Significant,7.073908768832755,6.994923524838234,0.007590720080416812
GENE_1314,GENE_1314,0.07688229850001171,0.8319089274405214,0.9826735801821425,Not Significant,7.042041294201128,6.965158995701116,0.007590720080416812
GENE_3080,GENE_3080,0.0754544019878498,0.8310997399094509,0.9826735801821425,Not Significant,7.126905498675032,7.051451096687182,0.007590720080416812
GENE_3042,GENE_3042,-0.06601350400332784,0.8562615882609041,0.9826735801821425,Not Significant,7.022486579770296,7.088500083773623,0.007590720080416812
GENE_3040,GENE_3040,-0.0665057873209296,0.8546339781201118,0.9826735801821425,Not Significant,6.824095674978837,6.890601462299767,0.007590720080416812
GENE_26,GENE_26,0.07293131602119463,0.8405475273610897,0.9826735801821425,Not Significant,6.933035686582716,6.860104370561522,0.007590720080416812
GENE_3974,GENE_3974,0.08318007821625972,0.8350372631527102,0.9826735801821425,Not Significant,7.092049966624969,7.008869888408709,0.007590720080416812
GENE_4385,GENE_4385,0.06956604277096368,0.8586654277200318,0.9826735801821425,Not Significant,6.951758743090832,6.882192700319869,0.007590720080416812
GENE_4007,GENE_4007,-0.0695396911721371,0.8521354644700849,0.9826735801821425,Not Significant,7.172732164245088,7.242271855417225,0.007590720080416812
GENE_4387,GENE_4387,0.07849038484484705,0.8518769721230893,0.9826735801821425,Not Significant,6.928044279436986,6.849553894592139,0.007590720080416812
GENE_654,GENE_654,0.07163490668593386,0.8607161055428607,0.9826735801821425,Not Significant,7.026398035411305,6.9547631287253715,0.007590720080416812
GENE_68,GENE_68,0.06302656573777643,0.8651139526829783,0.9826735801821425,Not Significant,7.227649649428711,7.164623083690935,0.007590720080416812
GENE_3464,GENE_3464,-0.07508451390349968,0.8363283687908467,0.9826735801821425,Not Significant,7.318864033492663,7.393948547396163,0.007590720080416812
GENE_4380,GENE_4380,0.08932728684219171,0.8316411364636919,0.9826735801821425,Not Significant,6.8950810660919375,6.805753779249746,0.007590720080416812
GENE_4580,GENE_4580,-0.07709027632522325,0.8410329559462796,0.9826735801821425,Not Significant,7.2237744525765235,7.300864728901747,0.007590720080416812
GENE_2576,GENE_2576,0.08766963301879205,0.8247061102645473,0.9826735801821425,Not Significant,6.83528638981308,6.7476167567942875,0.007590720080416812
GENE_1352,GENE_1352,0.08160910007042155,0.833470970127053,0.9826735801821425,Not Significant,7.393122465143662,7.311513365073241,0.007590720080416812
GENE_4587,GENE_4587,-0.0763948507411536,0.8516868518361602,0.9826735801821425,Not Significant,6.890376380253688,6.9667712309948415,0.007590720080416812
GENE_960,GENE_960,0.07528797505157758,0.8365046616931702,0.9826735801821425,Not Significant,6.853433985359844,6.778146010308267,0.007590720080416812
GENE_327,GENE_327,-0.07664509459169544,0.8321420071919716,0.9826735801821425,Not Significant,6.915417332934821,6.992062427526516,0.007590720080416812
GENE_974,GENE_974,0.05953397416770567,0.8664844013582828,0.9826735801821425,Not Significant,7.048638309405804,6.989104335238098,0.007590720080416812
GENE_969,GENE_969,0.07450596776496976,0.8342316070973933,0.9826735801821425,Not Significant,6.854183409668741,6.779677441903771,0.007590720080416812
GENE_4141,GENE_4141,0.06271706422299683,0.859857229213769,0.9826735801821425,Not Significant,6.86023371468113,6.7975166504581335,0.007590720080416812
GENE_4142,GENE_4142,0.06208793211776786,0.8647065005202701,0.9826735801821425,Not Significant,6.825377072217952,6.763289140100184,0.007590720080416812
GENE_4124,GENE_4124,-0.06587570546991639,0.8576245272155768,0.9826735801821425,Not Significant,6.713016370621485,6.7788920760914015,0.007590720080416812
GENE_2430,GENE_2430,-0.0691572443820263,0.8560208107493869,0.9826735801821425,Not Significant,6.588086666129027,6.6572439105110535,0.007590720080416812
GENE_388,GENE_388,-0.07669828376891452,0.8274267719624745,0.9826735801821425,Not Significant,7.20817460315046,7.284872886919374,0.007590720080416812
GENE_964,GENE_964,0.07774774183316424,0.8380592961614209,0.9826735801821425,Not Significant,6.946403659433652,6.8686559176004875,0.007590720080416812
GENE_4478,GENE_4478,-0.06876900938326802,0.8500474438569092,0.9826735801821425,Not Significant,6.838008952726182,6.90677796210945,0.007590720080416812
GENE_2659,GENE_2659,-0.06619215245783483,0.8576397030938212,0.9826735801821425,Not Significant,6.9745838193446,7.040775971802435,0.007590720080416812
GENE_3522,GENE_3522,-0.07941510759648907,0.8309466785432013,0.9826735801821425,Not Significant,7.453844120870134,7.533259228466623,0.007590720080416812
GENE_1487,GENE_1487,-0.07044797568486327,0.8508298914462934,0.9826735801821425,Not Significant,7.03854437514423,7.1089923508290935,0.007590720080416812
GENE_3,GENE_3,-0.07553423561838724,0.8493972871988775,0.9826735801821425,Not Significant,7.014909120039207,7.0904433556575945,0.007590720080416812
GENE_3848,GENE_3848,0.08528194543732592,0.8219457806725539,0.9826735801821425,Not Significant,6.952772372683281,6.867490427245955,0.007590720080416812
GENE_3944,GENE_3944,0.09812284765373924,0.8224566014497079,0.9826735801821425,Not Significant,7.023363296725472,6.925240449071733,0.007590720080416812
GENE_4430,GENE_4430,0.07343025426806449,0.8475311253859179,0.9826735801821425,Not Significant,6.963818914025296,6.890388659757232,0.007590720080416812
GENE_611,GENE_611,0.0840907992969413,0.8259951978960192,0.9826735801821425,Not Significant,6.996565462480637,6.912474663183696,0.007590720080416812
GENE_1415,GENE_1415,0.07671702508443268,0.8403805679735573,0.9826735801821425,Not Significant,7.3512992856522725,7.27458226056784,0.007590720080416812
GENE_446,GENE_446,0.08027502994927715,0.8277517290432372,0.9826735801821425,Not Significant,6.839162168746812,6.758887138797535,0.007590720080416812
GENE_4449,GENE_4449,0.0821682236738237,0.8375394195377012,0.9826735801821425,Not Significant,6.91639265867866,6.8342244350048365,0.007590720080416812
GENE_4438,GENE_4438,0.06747157800929582,0.8588822805650443,0.9826735801821425,Not Significant,6.9464917381363245,6.879020160127029,0.007590720080416812
GENE_4436,GENE_4436,-0.07152302715060532,0.8504755595235399,0.9826735801821425,Not Significant,6.942461264746257,7.013984291896862,0.007590720080416812
GENE_629,GENE_629,0.08653780453873239,0.826560552297965,0.9826735801821425,Not Significant,6.965339546750581,6.878801742211849,0.007590720080416812
GENE_3517,GENE_3517,-0.0606316797856552,0.8670041310079698,0.9826735801821425,Not Significant,7.287459873307117,7.348091553092773,0.007590720080416812
GENE_4909,GENE_4909,0.07988119077678224,0.8316705305012803,0.9826735801821425,Not Significant,7.0044632004622684,6.924582009685486,0.007590720080416812
GENE_1619,GENE_1619,0.07674761749447612,0.8443399260105564,0.9826735801821425,Not Significant,6.716571444993392,6.639823827498916,0.007590720080416812
GENE_2926,GENE_2926,0.0808399780587612,0.8349164024583057,0.9826735801821425,Not Significant,7.169576083793526,7.088736105734765,0.007590720080416812
GENE_3844,GENE_3844,-0.07648315077428158,0.833167737794033,0.9826735801821425,Not Significant,6.964957652484727,7.041440803259008,0.007590720080416812
GENE_212,GENE_212,-0.08050350161660802,0.8294811178878304,0.9826735801821425,Not Significant,6.932222843084426,7.012726344701034,0.007590720080416812
GENE_3528,GENE_3528,-0.06438788891822256,0.8673246174795888,0.9826735801821425,Not Significant,7.016871432436356,7.081259321354579,0.007590720080416812
GENE_2694,GENE_2694,0.07550418236640688,0.8498798017679174,0.9826735801821425,Not Significant,7.222794774357372,7.1472905919909655,0.007590720080416812
GENE_2684,GENE_2684,0.06173444664568972,0.864715005833165,0.9826735801821425,Not Significant,7.41298694055018,7.35125249390449,0.007590720080416812
GENE_1504,GENE_1504,0.06703750444145218,0.8537260067580397,0.9826735801821425,Not Significant,6.76959904196929,6.702561537527838,0.007590720080416812
GENE_3536,GENE_3536,0.08378387143149624,0.8242832297297663,0.9826735801821425,Not Significant,6.879047930991027,6.795264059559531,0.007590720080416812
GENE_2950,GENE_2950,0.07334511776917374,0.8493330456140725,0.9826735801821425,Not Significant,7.423950428542552,7.350605310773378,0.007590720080416812
GENE_2949,GENE_2949,-0.08195001742782804,0.8293651447545507,0.9826735801821425,Not Significant,6.913328560181737,6.995278577609565,0.007590720080416812
GENE_3613,GENE_3613,-0.08742255365774554,0.8302600474993267,0.9826735801821425,Not Significant,6.692453269347174,6.77987582300492,0.007590720080416812
GENE_575,GENE_575,0.08470733877392433,0.8259125723735219,0.9826735801821425,Not Significant,7.555535575669201,7.470828236895277,0.007590720080416812
GENE_2085,GENE_2085,0.06839475736406708,0.8555665766957995,0.9826735801821425,Not Significant,6.889121622418478,6.820726865054411,0.007590720080416812
GENE_4481,GENE_4481,0.06554355481368823,0.8560575511588028,0.9826735801821425,Not Significant,7.414568102630551,7.349024547816863,0.007590720080416812
GENE_3548,GENE_3548,0.0650976962629688,0.8561238097895607,0.9826735801821425,Not Significant,6.908935697240183,6.843838000977215,0.007590720080416812
GENE_1550,GENE_1550,-0.07509192390374686,0.8372577327616919,0.9826735801821425,Not Significant,6.925509629386567,7.000601553290314,0.007590720080416812
GENE_2688,GENE_2688,0.08443278958986866,0.8237628742379137,0.9826735801821425,Not Significant,6.786622197301471,6.702189407711602,0.007590720080416812
GENE_2067,GENE_2067,-0.06785127151122428,0.8569940290863337,0.9826735801821425,Not Significant,7.06347479559834,7.131326067109565,0.007590720080416812
GENE_3899,GENE_3899,-0.07016435298908164,0.8513274578626637,0.9826735801821425,Not Significant,7.0373871474616125,7.107551500450694,0.007590720080416812
GENE_208,GENE_208,0.07660503583633904,0.8350118502287618,0.9826735801821425,Not Significant,6.990028854053292,6.913423818216953,0.007590720080416812
GENE_2664,GENE_2664,-0.08048098669038861,0.8209908468159408,0.9826735801821425,Not Significant,7.107130816458059,7.187611803148448,0.007590720080416812
GENE_4935,GENE_4935,-0.06559559944112436,0.8526258656880759,0.9826735801821425,Not Significant,7.091004243587406,7.1565998430285305,0.007590720080416812
GENE_4510,GENE_4510,-0.07501314756349675,0.837357728054562,0.9826735801821425,Not Significant,6.997196972648378,7.072210120211874,0.007590720080416812
GENE_4959,GENE_4959,-0.07895586905186036,0.832353244906954,0.9826735801821425,Not Significant,6.695884929299429,6.774840798351289,0.007590720080416812
GENE_496,GENE_496,-0.08233893106110202,0.8299765152261708,0.9826735801821425,Not Significant,6.978001723910948,7.06034065497205,0.007590720080416812
GENE_4964,GENE_4964,0.07111262232639248,0.8461468162508893,0.9826735801821425,Not Significant,7.132567308321817,7.061454685995424,0.007590720080416812
GENE_498,GENE_498,0.06272470428606258,0.866859549574817,0.9826735801821425,Not Significant,7.231839164065619,7.169114459779556,0.007590720080416812
GENE_2963,GENE_2963,-0.0776442206241228,0.8348415867789073,0.9826735801821425,Not Significant,6.979827888884164,7.057472109508287,0.007590720080416812
GENE_2965,GENE_2965,0.05942170741732067,0.8664611281571527,0.9826735801821425,Not Significant,7.105187498230397,7.045765790813077,0.007590720080416812
GENE_2970,GENE_2970,-0.06310740657662794,0.865604313435149,0.9826735801821425,Not Significant,6.75493931367892,6.818046720255548,0.007590720080416812
GENE_3907,GENE_3907,-0.07226147913454284,0.8495613778314554,0.9826735801821425,Not Significant,6.809019979948167,6.88128145908271,0.007590720080416812
GENE_284,GENE_284,0.058338555063772723,0.8699998068668859,0.9827551642301982,Not Significant,6.993165390729332,6.934826835665559,0.007554665349861966
GENE_1212,GENE_1212,-0.06622835749888889,0.8682228529681063,0.9827551642301982,Not Significant,6.9905611454179075,7.056789502916796,0.007554665349861966
GENE_2485,GENE_2485,0.06005147548595602,0.871353896384962,0.9827551642301982,Not Significant,6.943585084071526,6.88353360858557,0.007554665349861966
GENE_1072,GENE_1072,-0.060835542140496024,0.8712547905770028,0.9827551642301982,Not Significant,6.930401906133609,6.991237448274105,0.007554665349861966
GENE_3188,GENE_3188,-0.059209746440238575,0.8692637720478759,0.9827551642301982,Not Significant,6.915393474788242,6.974603221228481,0.007554665349861966
CTNNB1,CTNNB1,0.06056205993023145,0.8703789408703463,0.9827551642301982,Not Significant,7.177444246589065,7.116882186658834,0.007554665349861966
GENE_1202,GENE_1202,-0.059278570432389266,0.8707772681567992,0.9827551642301982,Not Significant,6.866471118910998,6.925749689343387,0.007554665349861966
GENE_3019,GENE_3019,0.06740116069292412,0.8701831025100298,0.9827551642301982,Not Significant,7.14935681080759,7.081955650114666,0.007554665349861966
GENE_4615,GENE_4615,-0.05738089620000775,0.8716133481583955,0.9827551642301982,Not Significant,6.8866015183211635,6.943982414521171,0.007554665349861966
GENE_3013,GENE_3013,-0.06899899951991895,0.8693400726374271,0.9827551642301982,Not Significant,7.068218695773656,7.137217695293575,0.007554665349861966
GENE_570,GENE_570,0.05873500785160246,0.8704697612069864,0.9827551642301982,Not Significant,6.7346887519202765,6.675953744068674,0.007554665349861966
GENE_647,GENE_647,0.06284993900659241,0.8684925092885261,0.9827551642301982,Not Significant,6.944844884953221,6.881994945946628,0.007554665349861966
GENE_1333,GENE_1333,-0.05822142608596792,0.8710174504364893,0.9827551642301982,Not Significant,7.293652321454227,7.3518737475401945,0.007554665349861966
GENE_4242,GENE_4242,-0.058177325177156014,0.8692997977096176,0.9827551642301982,Not Significant,6.978016824937799,7.036194150114955,0.007554665349861966
GENE_1731,GENE_1731,-0.06472296657126098,0.8718806735632011,0.9827617190313467,Not Significant,6.852501894421326,6.917224860992587,0.007551768693015075
GENE_1700,GENE_1700,0.0625184928768121,0.8736308136296126,0.9827731817523265,Not Significant,7.101820388774882,7.0393018958980695,0.00754670320527714
GENE_1949,GENE_1949,0.05759392869605584,0.8734754457903692,0.9827731817523265,Not Significant,7.0420719836442265,6.984478054948171,0.00754670320527714
GENE_2404,GENE_2404,-0.06541601417144882,0.8737241342726904,0.9827731817523265,Not Significant,7.091835312774939,7.157251326946388,0.00754670320527714
GENE_4697,GENE_4697,-0.05933683580015092,0.8727896491386524,0.9827731817523265,Not Significant,6.849322235666389,6.90865907146654,0.00754670320527714
GENE_3331,GENE_3331,-0.05637667429676352,0.8742444775407204,0.9827731817523265,Not Significant,6.957433676958827,7.01381035125559,0.00754670320527714
GENE_3383,GENE_3383,-0.062481464035279544,0.8741648740603597,0.9827731817523265,Not Significant,7.272980531761524,7.335461995796804,0.00754670320527714
GENE_1667,GENE_1667,0.05751730947373357,0.8734237164041265,0.9827731817523265,Not Significant,6.93764580208395,6.880128492610217,0.00754670320527714
GENE_1521,GENE_1521,-0.05819847393645894,0.8736731741772448,0.9827731817523265,Not Significant,6.901673425371642,6.959871899308101,0.00754670320527714
GENE_503,GENE_503,0.05949463782325548,0.8722148091224969,0.9827731817523265,Not Significant,6.99448366229184,6.934989024468584,0.00754670320527714
GENE_1424,GENE_1424,0.056973110706551644,0.8745122049156745,0.9827801632993733,Not Significant,7.071025441627725,7.0140523309211735,0.007543618020776577
GENE_485,GENE_485,-0.05913217265801407,0.8748341731464191,0.9828480785304164,Not Significant,6.868496731134761,6.927628903792775,0.007513607045696686
GENE_2089,GENE_2089,0.059191807886588954,0.875354373627027,0.9831385941692671,Not Significant,6.910395095195623,6.851203287309034,0.007385254863527998
GENE_1784,GENE_1784,0.055207007544499476,0.8759906460516617,0.9835592613869568,Not Significant,6.835301877860409,6.780094870315909,0.007199467856509857
GENE_1426,GENE_1426,0.05596636667551369,0.8764168519324755,0.9837438857712794,Not Significant,7.104411279740741,7.048444913065227,0.007117953879686024
GENE_2679,GENE_2679,0.06673847764712271,0.8771151468843599,0.9842337181222527,Not Significant,7.455118458776842,7.388379981129719,0.0069017608792600275
GENE_4731,GENE_4731,0.05423757679329633,0.8857483472886755,0.9843427766571311,Not Significant,7.154741428405471,7.100503851612174,0.006853641316645914
GENE_3771,GENE_3771,-0.056284932714072866,0.8798101827882349,0.9843427766571311,Not Significant,7.0633108541329745,7.119595786847047,0.006853641316645914
GENE_4160,GENE_4160,0.05756136242415533,0.8887379873718173,0.9843427766571311,Not Significant,6.970239606447555,6.912678244023399,0.006853641316645914
GENE_1101,GENE_1101,-0.04929254132564331,0.892156793045841,0.9843427766571311,Not Significant,6.998849602504373,7.048142143830017,0.006853641316645914
GENE_3317,GENE_3317,-0.04711660874071022,0.9023639031753765,0.9843427766571311,Not Significant,6.7276166965175825,6.774733305258293,0.006853641316645914
GENE_32,GENE_32,0.056096832080179126,0.8923507645639894,0.9843427766571311,Not Significant,6.927721729035384,6.871624896955205,0.006853641316645914
GENE_907,GENE_907,0.043965716648247444,0.9021031449069357,0.9843427766571311,Not Significant,6.754805208922421,6.710839492274173,0.006853641316645914
GENE_1512,GENE_1512,0.05689269419945031,0.8823542461385416,0.9843427766571311,Not Significant,7.193833542722041,7.136940848522591,0.006853641316645914
GENE_977,GENE_977,-0.04559781932579998,0.9036570388691401,0.9843427766571311,Not Significant,7.199198200185433,7.244796019511233,0.006853641316645914
GENE_2690,GENE_2690,0.04883655746500626,0.890846496445875,0.9843427766571311,Not Significant,7.12258473089898,7.073748173433974,0.006853641316645914
GENE_1063,GENE_1063,0.04990169915034226,0.8902948132413684,0.9843427766571311,Not Significant,6.703020866377765,6.653119167227422,0.006853641316645914
GENE_1018,GENE_1018,-0.048273400757685714,0.8947916375781074,0.9843427766571311,Not Significant,6.708632873659116,6.756906274416802,0.006853641316645914
GENE_2494,GENE_2494,0.044470162749235875,0.9003385025775089,0.9843427766571311,Not Significant,6.851795538614228,6.807325375864992,0.006853641316645914
GENE_233,GENE_233,-0.055402857256558136,0.8923482635118539,0.9843427766571311,Not Significant,6.856332926902912,6.91173578415947,0.006853641316645914
GENE_2322,GENE_2322,0.05650652122258748,0.8869234123794073,0.9843427766571311,Not Significant,7.125841739090205,7.069335217867618,0.006853641316645914
GENE_930,GENE_930,0.057604114020951336,0.8786297310742561,0.9843427766571311,Not Significant,6.893369663469023,6.835765549448071,0.006853641316645914
GENE_39,GENE_39,-0.05158790870186003,0.8850841781455292,0.9843427766571311,Not Significant,7.29209442339943,7.34368233210129,0.006853641316645914
GENE_3904,GENE_3904,0.05573712750969673,0.886035188866068,0.9843427766571311,Not Significant,6.697274804029968,6.641537676520271,0.006853641316645914
GENE_523,GENE_523,0.042913068190697956,0.9033610287744992,0.9843427766571311,Not Significant,6.837666710310312,6.794753642119614,0.006853641316645914
GENE_522,GENE_522,0.05244712188447487,0.8884758145157047,0.9843427766571311,Not Significant,7.271428001386055,7.21898087950158,0.006853641316645914
GENE_2,GENE_2,-0.05520339499838567,0.8853458737668389,0.9843427766571311,Not Significant,7.171155599442942,7.226358994441328,0.006853641316645914
GENE_3003,GENE_3003,0.05349915421210483,0.8796378167964191,0.9843427766571311,Not Significant,7.278801445873906,7.2253022916618015,0.006853641316645914
GENE_2647,GENE_2647,-0.04391142838912021,0.9036675304595801,0.9843427766571311,Not Significant,7.265358700750366,7.309270129139486,0.006853641316645914
GENE_2093,GENE_2093,0.05087462783095997,0.8931714310775316,0.9843427766571311,Not Significant,7.024152512864693,6.973277885033733,0.006853641316645914
GENE_3000,GENE_3000,0.04723815224905881,0.8974835448321935,0.9843427766571311,Not Significant,7.145344719167576,7.098106566918517,0.006853641316645914
GENE_3595,GENE_3595,0.04472988462056726,0.9022129279284397,0.9843427766571311,Not Significant,6.941606126001731,6.896876241381164,0.006853641316645914
GENE_3567,GENE_3567,-0.04550965341835056,0.898406244690088,0.9843427766571311,Not Significant,7.08714946987051,7.13265912328886,0.006853641316645914
GENE_152,GENE_152,0.04478203206202558,0.8991511886258661,0.9843427766571311,Not Significant,6.930241412408123,6.885459380346098,0.006853641316645914
GENE_1498,GENE_1498,0.05183763844120115,0.8896177176912463,0.9843427766571311,Not Significant,7.088776659610366,7.0369390211691645,0.006853641316645914
GENE_1501,GENE_1501,-0.043928528089447916,0.9007971540567847,0.9843427766571311,Not Significant,6.979793672574855,7.023722200664303,0.006853641316645914
GENE_4911,GENE_4911,0.0536850047541817,0.8856565736828095,0.9843427766571311,Not Significant,6.8419559617839925,6.788270957029811,0.006853641316645914
GENE_1614,GENE_1614,-0.05235294629811271,0.8893941182902696,0.9843427766571311,Not Significant,7.058550584320426,7.110903530618539,0.006853641316645914
GENE_3147,GENE_3147,-0.05635943378857888,0.8844621831952149,0.9843427766571311,Not Significant,7.275468605050511,7.33182803883909,0.006853641316645914
GENE_4817,GENE_4817,-0.05013893391749846,0.8891167277058787,0.9843427766571311,Not Significant,7.044378645899682,7.094517579817181,0.006853641316645914
GENE_4447,GENE_4447,-0.04766072319661152,0.896803695213856,0.9843427766571311,Not Significant,7.105207323986537,7.152868047183149,0.006853641316645914
GENE_3623,GENE_3623,-0.05424115138777097,0.8837605720570236,0.9843427766571311,Not Significant,7.09063355260608,7.144874703993851,0.006853641316645914
GENE_1266,GENE_1266,-0.04998162562135455,0.890273568945194,0.9843427766571311,Not Significant,6.97000732871827,7.019988954339625,0.006853641316645914
GENE_4400,GENE_4400,0.05086828024197487,0.8873219233873723,0.9843427766571311,Not Significant,7.004406393793222,6.9535381135512475,0.006853641316645914
GENE_1404,GENE_1404,-0.04919314661452656,0.8891908972617888,0.9843427766571311,Not Significant,6.616513726665613,6.66570687328014,0.006853641316645914
GENE_3149,GENE_3149,-0.046867062651076985,0.9001775762139781,0.9843427766571311,Not Significant,6.7745964406131325,6.8214635032642095,0.006853641316645914
GENE_870,GENE_870,0.05641546965610189,0.8824119241949466,0.9843427766571311,Not Significant,6.648823705596445,6.5924082359403435,0.006853641316645914
GENE_3341,GENE_3341,0.04869013502323227,0.8904146066744728,0.9843427766571311,Not Significant,6.947992572329948,6.899302437306716,0.006853641316645914
GENE_4770,GENE_4770,0.057009922949065484,0.885928303916524,0.9843427766571311,Not Significant,6.952186857963428,6.895176935014362,0.006853641316645914
GENE_2846,GENE_2846,0.04687632666839292,0.8944637351732972,0.9843427766571311,Not Significant,7.014036164707887,6.967159838039494,0.006853641316645914
GENE_1701,GENE_1701,-0.046360489976184915,0.8973211549105444,0.9843427766571311,Not Significant,6.893343753643292,6.939704243619477,0.006853641316645914
GENE_3998,GENE_3998,0.04294846079196368,0.9036495519167361,0.9843427766571311,Not Significant,7.023896090795692,6.980947630003729,0.006853641316645914
GENE_862,GENE_862,-0.056636278101644066,0.8833671090649038,0.9843427766571311,Not Significant,7.11035409061621,7.166990368717854,0.006853641316645914
GENE_2125,GENE_2125,-0.05344305007371908,0.8879452762871781,0.9843427766571311,Not Significant,6.678705959723321,6.73214900979704,0.006853641316645914
GENE_4087,GENE_4087,0.051020262918138215,0.8888352909447239,0.9843427766571311,Not Significant,6.843246466762538,6.7922262038443995,0.006853641316645914
GENE_2619,GENE_2619,0.04854751305792515,0.8910801260054428,0.9843427766571311,Not Significant,6.977714529329392,6.9291670162714665,0.006853641316645914
GENE_780,GENE_780,-0.05324689379928138,0.8864738300457649,0.9843427766571311,Not Significant,6.96181108770561,7.015057981504891,0.006853641316645914
GENE_4429,GENE_4429,-0.04580801902835141,0.8985373479249578,0.9843427766571311,Not Significant,7.159346354267368,7.205154373295719,0.006853641316645914
GENE_2642,GENE_2642,-0.04415041551332788,0.9006160074568623,0.9843427766571311,Not Significant,7.309218197029112,7.35336861254244,0.006853641316645914
GENE_627,GENE_627,0.0446914536384897,0.8996630983565587,0.9843427766571311,Not Significant,7.0883845116143025,7.043693057975813,0.006853641316645914
GENE_3500,GENE_3500,-0.05660160688232008,0.8841465138548725,0.9843427766571311,Not Significant,7.51545235682227,7.57205396370459,0.006853641316645914
GENE_3934,GENE_3934,0.05195157604082645,0.8923384130754215,0.9843427766571311,Not Significant,6.78579408917598,6.733842513135153,0.006853641316645914
GENE_3656,GENE_3656,-0.04867553638842281,0.9010737320350934,0.9843427766571311,Not Significant,7.055422374055406,7.104097910443829,0.006853641316645914
GENE_3661,GENE_3661,0.04835065046334641,0.8973818584119938,0.9843427766571311,Not Significant,6.932276061140071,6.883925410676724,0.006853641316645914
GENE_3692,GENE_3692,-0.05723889052561937,0.8801638027805788,0.9843427766571311,Not Significant,7.120209141683455,7.177448032209075,0.006853641316645914
GENE_4833,GENE_4833,-0.046776243284592844,0.8954096047814485,0.9843427766571311,Not Significant,7.374749159667299,7.421525402951892,0.006853641316645914
GENE_1931,GENE_1931,-0.06342907864471048,0.8793340404597364,0.9843427766571311,Not Significant,7.06486808312567,7.12829716177038,0.006853641316645914
GENE_4037,GENE_4037,0.05289447898507493,0.8841877757307552,0.9843427766571311,Not Significant,7.101955725163276,7.049061246178201,0.006853641316645914
GENE_3106,GENE_3106,0.05210227189689043,0.8863503299624662,0.9843427766571311,Not Significant,6.885007372766083,6.832905100869192,0.006853641316645914
GENE_4763,GENE_4763,0.05413113527443425,0.8813200731874961,0.9843427766571311,Not Significant,6.818421551716474,6.76429041644204,0.006853641316645914
GENE_4960,GENE_4960,0.051850125592066476,0.8866384143398734,0.9843427766571311,Not Significant,7.048472176438025,6.996622050845959,0.006853641316645914
GENE_4946,GENE_4946,0.05805046987834572,0.8849616750663455,0.9843427766571311,Not Significant,6.898023010669566,6.83997254079122,0.006853641316645914
GENE_4241,GENE_4241,-0.05352286371815662,0.8973512869530854,0.9843427766571311,Not Significant,7.145403833034047,7.198926696752204,0.006853641316645914
GENE_4873,GENE_4873,0.05892473392903952,0.8796089967076418,0.9843427766571311,Not Significant,6.891836634603586,6.832911900674547,0.006853641316645914
GENE_3829,GENE_3829,0.045880197139275936,0.8994668523404624,0.9843427766571311,Not Significant,7.157644620596977,7.111764423457701,0.006853641316645914
GENE_2235,GENE_2235,-0.04648507723026807,0.8988451958599967,0.9843427766571311,Not Significant,7.045993700460787,7.092478777691055,0.006853641316645914
GENE_4295,GENE_4295,0.05781195634340808,0.8789719229726061,0.9843427766571311,Not Significant,6.823918317577313,6.766106361233905,0.006853641316645914
GENE_4859,GENE_4859,0.05543955889916674,0.8831617163770183,0.9843427766571311,Not Significant,6.892479118048225,6.8370395591490585,0.006853641316645914
GENE_1156,GENE_1156,-0.06068355021797256,0.8791926259870868,0.9843427766571311,Not Significant,7.354520447019829,7.415203997237802,0.006853641316645914
GENE_3274,GENE_3274,0.05314470992330911,0.8916321746997854,0.9843427766571311,Not Significant,6.814757478847588,6.761612768924279,0.006853641316645914
GENE_4134,GENE_4134,-0.04577630004030642,0.8969052798142695,0.9843427766571311,Not Significant,7.270751274361629,7.316527574401936,0.006853641316645914
GENE_3195,GENE_3195,0.05391586632410039,0.8791118636915676,0.9843427766571311,Not Significant,6.78586829639315,6.731952430069049,0.006853641316645914
GENE_3415,GENE_3415,-0.049408378826234056,0.8971638676921967,0.9843427766571311,Not Significant,6.879243169367178,6.928651548193412,0.006853641316645914
GENE_2871,GENE_2871,-0.04593874775725659,0.9007590784298587,0.9843427766571311,Not Significant,7.116002201073152,7.161940948830408,0.006853641316645914
GENE_309,GENE_309,0.0556461839941651,0.878131897674866,0.9843427766571311,Not Significant,7.0082842565721775,6.952638072578012,0.006853641316645914
GENE_4014,GENE_4014,0.05195981212664069,0.8884668088452403,0.9843427766571311,Not Significant,7.134204244870508,7.082244432743868,0.006853641316645914
GENE_4392,GENE_4392,-0.053370437039614416,0.8975061733085079,0.9843427766571311,Not Significant,6.877001232932542,6.930371669972156,0.006853641316645914
GENE_1363,GENE_1363,-0.046575831584516614,0.902142533459041,0.9843427766571311,Not Significant,6.890620905846479,6.9371967374309955,0.006853641316645914
GENE_4341,GENE_4341,0.05440679556547501,0.8849646221372035,0.9843427766571311,Not Significant,7.090956351809189,7.036549556243714,0.006853641316645914
GENE_271,GENE_271,-0.049638342862393436,0.8903601589851179,0.9843427766571311,Not Significant,7.040329239241851,7.0899675821042445,0.006853641316645914
GENE_671,GENE_671,0.04475247525871584,0.9029546704875508,0.9843427766571311,Not Significant,7.241459193742681,7.1967067184839655,0.006853641316645914
GENE_257,GENE_257,-0.04662732721037344,0.898126511416214,0.9843427766571311,Not Significant,6.979654047027039,7.026281374237413,0.006853641316645914
GENE_4586,GENE_4586,0.050505717671790684,0.8947910094223216,0.9843427766571311,Not Significant,7.216934570768193,7.166428853096402,0.006853641316645914
GENE_1536,GENE_1536,0.043987406844875565,0.9005466430163915,0.9843427766571311,Not Significant,6.877394162951019,6.833406756106143,0.006853641316645914
GENE_1837,GENE_1837,0.04815058507220371,0.8998765623119559,0.9843427766571311,Not Significant,7.192941156010704,7.1447905709385005,0.006853641316645914
GENE_283,GENE_283,0.04653936185133567,0.8988067192576005,0.9843427766571311,Not Significant,6.8415519955843305,6.795012633732995,0.006853641316645914
GENE_2460,GENE_2460,-0.054262670702502014,0.892663017183885,0.9843427766571311,Not Significant,6.9808921146946625,7.0351547853971645,0.006853641316645914
GENE_202,GENE_202,-0.05467727614552853,0.886744809664102,0.9843427766571311,Not Significant,6.850613502002114,6.905290778147642,0.006853641316645914
EPCAM,EPCAM,0.049056724646390215,0.8946394321197547,0.9843427766571311,Not Significant,7.1904667278119225,7.141410003165532,0.006853641316645914
GENE_3237,GENE_3237,0.05695832270796064,0.8857972187268484,0.9843427766571311,Not Significant,6.849765682571599,6.792807359863638,0.006853641316645914
GENE_2039,GENE_2039,0.053877929340238495,0.8846384040156515,0.9843427766571311,Not Significant,6.929968449420717,6.876090520080479,0.006853641316645914
GENE_3870,GENE_3870,0.04834511337080816,0.8955905466481944,0.9843427766571311,Not Significant,6.8605362170811315,6.812191103710323,0.006853641316645914
GENE_1696,GENE_1696,-0.046188970444251076,0.9033967484053151,0.9843427766571311,Not Significant,7.045030990743174,7.091219961187425,0.006853641316645914
GENE_138,GENE_138,0.053015349445618476,0.8845399978327294,0.9843427766571311,Not Significant,7.050945928263982,6.997930578818363,0.006853641316645914
GENE_648,GENE_648,-0.05071661116478943,0.8931065983898698,0.9843427766571311,Not Significant,7.013590573039077,7.064307184203867,0.006853641316645914
GENE_634,GENE_634,-0.05214331314034126,0.8990926268387207,0.9843427766571311,Not Significant,6.9036534716489175,6.955796784789259,0.006853641316645914
GENE_3073,GENE_3073,0.05115516701209266,0.8930846725902531,0.9843427766571311,Not Significant,6.884268916108656,6.833113749096563,0.006853641316645914
GENE_2847,GENE_2847,0.04759390361086702,0.9047625253942883,0.9849645337287761,Not Significant,6.712133063123323,6.664539159512456,0.006579407150299341
GENE_3444,GENE_3444,0.04557291954049347,0.9046329196236111,0.9849645337287761,Not Significant,7.234674846682103,7.18910192714161,0.006579407150299341
GENE_2407,GENE_2407,-0.04763273663688938,0.9050345258755755,0.9849753108139047,Not Significant,6.808418509198797,6.856051245835687,0.006574655301033146
GENE_4533,GENE_4533,-0.04215772855444566,0.9054428455843304,0.9851343988725865,Not Significant,6.886216534204482,6.928374262758927,0.006504515992716778
GENE_2493,GENE_2493,0.04435695483999158,0.9059123949550242,0.9853599942810365,Not Significant,7.010684455526315,6.966327500686323,0.006405074104629179
GENE_436,GENE_436,0.04803502797645276,0.9061755662985624,0.9853610469184022,Not Significant,6.896217639785275,6.848182611808822,0.0064046101580940585
GENE_4881,GENE_4881,-0.04180750241627784,0.9077877018514773,0.9857338422840033,Not Significant,7.08707828288843,7.128885785304708,0.006240332960707966
GENE_3557,GENE_3557,-0.0420031306966866,0.9074341220359453,0.9857338422840033,Not Significant,6.555642603869878,6.597645734566565,0.006240332960707966
PTEN,PTEN,0.04636994796409688,0.9080273165039915,0.9857338422840033,Not Significant,7.024978895542531,6.978608947578434,0.006240332960707966
GENE_2985,GENE_2985,0.04228855331564141,0.9078062580952059,0.9857338422840033,Not Significant,7.039153373358648,6.996864820043006,0.006240332960707966
GENE_2062,GENE_2062,-0.04389423582727492,0.9082578735840751,0.9857338422840033,Not Significant,6.996045648811861,7.039939884639136,0.006240332960707966
GENE_2268,GENE_2268,-0.04768602753073914,0.9083545225730452,0.9857338422840033,Not Significant,6.826934285073927,6.874620312604666,0.006240332960707966
GENE_308,GENE_308,0.045463877147511766,0.9078504147447651,0.9857338422840033,Not Significant,7.283854521947561,7.238390644800049,0.006240332960707966
GENE_4474,GENE_4474,-0.04044150950292558,0.9088472246255497,0.985983796230605,Not Significant,7.294723910471939,7.335165419974865,0.006130222244852806
GENE_3423,GENE_3423,-0.04012111385263317,0.9095265584432669,0.9861279295408811,Not Significant,7.3401809778794105,7.380302091732044,0.0060667407487439975
GENE_4522,GENE_4522,0.04173361866528413,0.9097265446811797,0.9861279295408811,Not Significant,6.912932041539191,6.871198422873907,0.0060667407487439975
GENE_2905,GENE_2905,-0.04653015693395357,0.9097891344670015,0.9861279295408811,Not Significant,6.931926956466929,6.978457113400882,0.0060667407487439975
GENE_3203,GENE_3203,-0.042638287006025344,0.9100297125193656,0.9861279295408811,Not Significant,6.998871567885879,7.041509854891904,0.0060667407487439975
GENE_3148,GENE_3148,0.04098802940404145,0.9109916031837101,0.9861546692786484,Not Significant,6.834932171599805,6.793944142195763,0.006054964626430175
GENE_3305,GENE_3305,-0.04371156319891778,0.911738937866892,0.9861546692786484,Not Significant,6.830707256275284,6.874418819474202,0.006054964626430175
GENE_458,GENE_458,-0.042146868764382894,0.9118912921083829,0.9861546692786484,Not Significant,6.803975666055709,6.846122534820092,0.006054964626430175
GENE_30,GENE_30,0.04078063030116308,0.9115712910699199,0.9861546692786484,Not Significant,6.896126680212715,6.855346049911552,0.006054964626430175
GENE_2850,GENE_2850,-0.04016806642231163,0.9103250636346759,0.9861546692786484,Not Significant,7.027289431840641,7.067457498262953,0.006054964626430175
GENE_1148,GENE_1148,0.0423454858832466,0.9112860972205209,0.9861546692786484,Not Significant,6.983345837524893,6.941000351641646,0.006054964626430175
GENE_3085,GENE_3085,-0.04260251032970608,0.9110675861797244,0.9861546692786484,Not Significant,7.0902763030686335,7.13287881339834,0.006054964626430175
GENE_4771,GENE_4771,0.0400559808071943,0.9127784545796134,0.9862626314865403,Not Significant,7.161426693130156,7.121370712322961,0.006007421552081583
GENE_3200,GENE_3200,0.04151010671227251,0.912546641267379,0.9862626314865403,Not Significant,6.673900323662675,6.6323902169504025,0.006007421552081583
GENE_1950,GENE_1950,0.042230187153940335,0.9127292223529124,0.9862626314865403,Not Significant,6.969825604666133,6.927595417512193,0.006007421552081583
GENE_4053,GENE_4053,-0.03963051916404137,0.9167781469925501,0.9863304541649022,Not Significant,7.524216376360124,7.563846895524166,0.005977557293521274
GENE_4762,GENE_4762,-0.041134724991215066,0.9135730375987585,0.9863304541649022,Not Significant,7.014850726721428,7.055985451712643,0.005977557293521274
GENE_3801,GENE_3801,-0.038027174785429274,0.9149402517312692,0.9863304541649022,Not Significant,6.717180952594219,6.755208127379649,0.005977557293521274
GENE_3068,GENE_3068,0.041336453113893334,0.9164742129007456,0.9863304541649022,Not Significant,6.83011476450204,6.788778311388147,0.005977557293521274
GENE_2553,GENE_2553,-0.038130006351329016,0.9146454218028208,0.9863304541649022,Not Significant,6.907441755517371,6.9455717618687,0.005977557293521274
GENE_3090,GENE_3090,-0.03750129098525967,0.9162138009328947,0.9863304541649022,Not Significant,7.073468428657738,7.1109697196429975,0.005977557293521274
GENE_836,GENE_836,-0.03977658780113735,0.9155405948104247,0.9863304541649022,Not Significant,7.036341153432814,7.0761177412339515,0.005977557293521274
GENE_3165,GENE_3165,0.04242091641840151,0.9151301372576595,0.9863304541649022,Not Significant,7.233787893761932,7.191366977343531,0.005977557293521274
GENE_3171,GENE_3171,-0.03832530597967576,0.9138702827043008,0.9863304541649022,Not Significant,7.055019384008023,7.093344689987699,0.005977557293521274
GENE_1410,GENE_1410,0.04319161612018352,0.9154612958330028,0.9863304541649022,Not Significant,6.787623836582664,6.744432220462481,0.005977557293521274
GENE_2154,GENE_2154,0.04055944806857337,0.9165488143102366,0.9863304541649022,Not Significant,6.936556388149154,6.895996940080581,0.005977557293521274
GENE_3856,GENE_3856,-0.03967028194567934,0.9134679323402317,0.9863304541649022,Not Significant,6.7700350684411,6.809705350386779,0.005977557293521274
GENE_1805,GENE_1805,0.03953607934106884,0.916570578018318,0.9863304541649022,Not Significant,7.043950057844445,7.0044139785033765,0.005977557293521274
GENE_1421,GENE_1421,-0.039729617281610174,0.9162943716352042,0.9863304541649022,Not Significant,6.66410954967273,6.7038391669543405,0.005977557293521274
GENE_4741,GENE_4741,-0.03976841462941305,0.9142116728469952,0.9863304541649022,Not Significant,6.962141035285959,7.001909449915372,0.005977557293521274
GENE_315,GENE_315,-0.04057088469474124,0.9176850902491076,0.986503712994847,Not Significant,7.192171563089008,7.23274244778375,0.005901275814589048
GENE_2701,GENE_2701,-0.037624236580537485,0.9177267111841365,0.986503712994847,Not Significant,6.81681452406743,6.854438760647968,0.005901275814589048
GENE_3624,GENE_3624,0.03755344724071019,0.9172824305690238,0.986503712994847,Not Significant,7.012932793851984,6.975379346611274,0.005901275814589048
GENE_3194,GENE_3194,-0.03624872924497513,0.9182051548016071,0.9867357654402172,Not Significant,6.977279866562359,7.013528595807334,0.00579912997967906
GENE_2695,GENE_2695,0.0353374667171904,0.9216125558112016,0.9870105399653735,Not Significant,7.109660280560215,7.0743228138430245,0.0056782096157122885
GENE_1103,GENE_1103,0.03471959910004507,0.9214147953970417,0.9870105399653735,Not Significant,7.13240660992291,7.097687010822865,0.0056782096157122885
GENE_2383,GENE_2383,0.035162311282787684,0.9212206600695647,0.9870105399653735,Not Significant,6.7634911046560156,6.728328793373228,0.0056782096157122885
GENE_1448,GENE_1448,0.03845036875041696,0.9188635499484538,0.9870105399653735,Not Significant,6.648731242901438,6.610280874151021,0.0056782096157122885
GENE_4854,GENE_4854,-0.035277131580514265,0.9209589289524313,0.9870105399653735,Not Significant,7.067190796543807,7.102467928124321,0.0056782096157122885
GENE_1690,GENE_1690,-0.03797876930531796,0.9214436992161225,0.9870105399653735,Not Significant,6.831120541414779,6.869099310720097,0.0056782096157122885
GENE_4695,GENE_4695,-0.0373410377190444,0.9213543653999119,0.9870105399653735,Not Significant,7.282213228138778,7.319554265857822,0.0056782096157122885
GENE_2666,GENE_2666,0.038972063039864224,0.9210331089761272,0.9870105399653735,Not Significant,7.233220732406873,7.194248669367009,0.0056782096157122885
GENE_400,GENE_400,0.03775447731947246,0.9199910298821015,0.9870105399653735,Not Significant,7.033656920188963,6.9959024428694905,0.0056782096157122885
GENE_1906,GENE_1906,0.03585689316939433,0.9198035749521525,0.9870105399653735,Not Significant,6.861125831370956,6.825268938201562,0.0056782096157122885
GENE_3628,GENE_3628,0.03962975712694128,0.9204119388919557,0.9870105399653735,Not Significant,6.88816683862604,6.8485370814990985,0.0056782096157122885
GENE_4669,GENE_4669,0.03667491527838962,0.9202202828076351,0.9870105399653735,Not Significant,7.211143695805758,7.174468780527368,0.0056782096157122885
GENE_944,GENE_944,0.03555651233919832,0.9229264744191661,0.9878546541917477,Not Significant,7.104902304605598,7.069345792266399,0.005306949669443569
GENE_3135,GENE_3135,0.037375265866262275,0.9228128682655465,0.9878546541917477,Not Significant,6.928520675269992,6.891145409403729,0.005306949669443569
GENE_701,GENE_701,-0.03398866547980539,0.9271040852819064,0.9882186524838711,Not Significant,6.8729436655475755,6.906932331027381,0.005146953123824217
GENE_3553,GENE_3553,-0.036166311905676984,0.9249236112291125,0.9882186524838711,Not Significant,7.0246200164762325,7.0607863283819094,0.005146953123824217
GENE_4696,GENE_4696,-0.03694978397283055,0.9272962247210381,0.9882186524838711,Not Significant,6.925453658846245,6.962403442819076,0.005146953123824217
GENE_2928,GENE_2928,-0.03627518015172271,0.9267717492998577,0.9882186524838711,Not Significant,7.239780164809181,7.276055344960904,0.005146953123824217
GENE_1443,GENE_1443,0.03665689624264079,0.926598139004614,0.9882186524838711,Not Significant,7.000466269036472,6.963809372793831,0.005146953123824217
GENE_3405,GENE_3405,0.03447940709380859,0.9253530469068532,0.9882186524838711,Not Significant,7.009622218599672,6.975142811505863,0.005146953123824217
GENE_4039,GENE_4039,0.037100270248619616,0.9236823506798196,0.9882186524838711,Not Significant,7.157903442809878,7.120803172561258,0.005146953123824217
GENE_2978,GENE_2978,-0.03431431114460892,0.9253298196812983,0.9882186524838711,Not Significant,6.859219283826352,6.893533594970961,0.005146953123824217
GENE_4374,GENE_4374,-0.032150234351219,0.927351731234508,0.9882186524838711,Not Significant,6.994650904829484,7.026801139180703,0.005146953123824217
GENE_3755,GENE_3755,-0.0324790263284207,0.92747397214226,0.9882186524838711,Not Significant,7.158679164774137,7.1911581911025575,0.005146953123824217
GENE_4203,GENE_4203,-0.03334793963104321,0.9267744561347576,0.9882186524838711,Not Significant,6.811502742308323,6.844850681939366,0.005146953123824217
GENE_3047,GENE_3047,-0.03343412343100738,0.9270440341612686,0.9882186524838711,Not Significant,6.47175340380621,6.505187527237218,0.005146953123824217
GENE_656,GENE_656,0.03763372742329185,0.9238452131625565,0.9882186524838711,Not Significant,7.026647548291026,6.989013820867734,0.005146953123824217
GENE_1355,GENE_1355,0.03446640187064354,0.926205959093397,0.9882186524838711,Not Significant,7.106959035371876,7.072492633501232,0.005146953123824217
GENE_4046,GENE_4046,-0.03548282720363982,0.9250091839818478,0.9882186524838711,Not Significant,7.047041524947604,7.0825243521512435,0.005146953123824217
GENE_4657,GENE_4657,0.03585662408696155,0.9269502442245234,0.9882186524838711,Not Significant,7.108134034675209,7.0722774105882475,0.005146953123824217
GENE_1730,GENE_1730,0.03323582166690997,0.9280073651965646,0.988247879855318,Not Significant,6.969039969809635,6.935804148142725,0.005134108700776133
GENE_2532,GENE_2532,0.034622682253368176,0.928354721348508,0.988247879855318,Not Significant,6.814769074447841,6.780146392194473,0.005134108700776133
GENE_1118,GENE_1118,0.032525744040659,0.9280663715648724,0.988247879855318,Not Significant,6.918021731577273,6.885495987536614,0.005134108700776133
GENE_4075,GENE_4075,0.03216013639214932,0.928553289986463,0.988247879855318,Not Significant,6.552722071297848,6.5205619349056985,0.005134108700776133
GENE_2722,GENE_2722,-0.03314871567357791,0.9289540744417727,0.9883945106886132,Not Significant,6.962822669173317,6.995971384846895,0.005069675232994193
GENE_3840,GENE_3840,-0.02949105243833472,0.9336354672622009,0.989284010737725,Not Significant,6.950334094005088,6.979825146443423,0.0046790101326297144
GENE_2643,GENE_2643,-0.0328861777602949,0.9323707575480326,0.989284010737725,Not Significant,6.830370190284657,6.863256368044952,0.0046790101326297144
GENE_4492,GENE_4492,0.0323055056487469,0.934265288480092,0.989284010737725,Not Significant,7.266237224592669,7.233931718943922,0.0046790101326297144
GENE_2692,GENE_2692,-0.029521858147520064,0.9331872727640478,0.989284010737725,Not Significant,7.112532220804712,7.142054078952232,0.0046790101326297144
GENE_2936,GENE_2936,-0.03377926187686331,0.9310713215972144,0.989284010737725,Not Significant,6.987135483738834,7.0209147456156975,0.0046790101326297144
GENE_2501,GENE_2501,0.03524911379470286,0.9323076574789126,0.989284010737725,Not Significant,6.903256534096334,6.868007420301631,0.0046790101326297144
GENE_2330,GENE_2330,0.03278115834084261,0.9306999299559494,0.989284010737725,Not Significant,7.00017654114213,6.967395382801287,0.0046790101326297144
GENE_4083,GENE_4083,0.031015013606233488,0.9342452641327856,0.989284010737725,Not Significant,6.957641193785021,6.926626180178787,0.0046790101326297144
GENE_4616,GENE_4616,-0.03227944585158937,0.9334212757490613,0.989284010737725,Not Significant,6.927037852370983,6.959317298222572,0.0046790101326297144
GENE_3803,GENE_3803,-0.03115621799184698,0.9338690447861882,0.989284010737725,Not Significant,6.825008702079884,6.856164920071731,0.0046790101326297144
GENE_2585,GENE_2585,-0.030254121429853953,0.9329255170968175,0.989284010737725,Not Significant,6.715162292156302,6.745416413586156,0.0046790101326297144
GENE_4315,GENE_4315,0.03104028388803126,0.9314748704963826,0.989284010737725,Not Significant,7.082445764564113,7.051405480676082,0.0046790101326297144
GENE_113,GENE_113,-0.03328542069283902,0.9300894725124318,0.989284010737725,Not Significant,7.078956284840023,7.112241705532862,0.0046790101326297144
GENE_3746,GENE_3746,0.03034344157731983,0.9328711407527208,0.989284010737725,Not Significant,7.189815629752957,7.159472188175637,0.0046790101326297144
GENE_3398,GENE_3398,0.03242263400564127,0.9341357596885428,0.989284010737725,Not Significant,7.046050161889436,7.013627527883795,0.0046790101326297144
GENE_4378,GENE_4378,0.03320058046140684,0.9306719351201094,0.989284010737725,Not Significant,7.144711650902662,7.111511070441255,0.0046790101326297144
GENE_3334,GENE_3334,0.030082360034952238,0.9336949716187228,0.989284010737725,Not Significant,6.973758713020199,6.943676352985246,0.0046790101326297144
GENE_772,GENE_772,0.02887493889524606,0.9346210232680231,0.9893624203429023,Not Significant,6.733370881152579,6.704495942257333,0.004644589775015884
GENE_1682,GENE_1682,-0.028937853048309314,0.9348658740387563,0.9893624203429023,Not Significant,6.852384709196342,6.881322562244652,0.004644589775015884
GENE_4577,GENE_4577,0.02842174157384303,0.9358340762929052,0.9901082372490816,Not Significant,7.055201950794908,7.026780209221065,0.004317326341280533
GENE_2875,GENE_2875,0.03127831421695504,0.9366504392224378,0.9906930342240139,Not Significant,6.796817996149362,6.765539681932407,0.004060890614705176
GENE_1865,GENE_1865,-0.029845045219454747,0.938170811186036,0.9915748493793175,Not Significant,6.758828927979284,6.788673973198739,0.00367449734824811
GENE_4458,GENE_4458,-0.0293000975396307,0.9382757222971935,0.9915748493793175,Not Significant,6.972027743837331,7.001327841376962,0.00367449734824811
GENE_3266,GENE_3266,0.028011664891137933,0.9381753900277492,0.9915748493793175,Not Significant,6.890015832048579,6.862004167157441,0.00367449734824811
GENE_3131,GENE_3131,0.02963701915675454,0.939022884114278,0.9918066325186782,Not Significant,7.109237322870287,7.079600303713533,0.0035729917732495293
GENE_2299,GENE_2299,-0.02807909921678675,0.9388029602443021,0.9918066325186782,Not Significant,6.957116444012031,6.9851955432288175,0.0035729917732495293
GENE_1697,GENE_1697,0.028018416903588417,0.9397028836091186,0.9920354965952956,Not Significant,6.779520791074134,6.7515023741705456,0.00347278782600687
GENE_3892,GENE_3892,0.027136118343073612,0.939767527376065,0.9920354965952956,Not Significant,7.075938961018463,7.048802842675389,0.00347278782600687
GENE_2041,GENE_2041,-0.02296654264651643,0.9518277010023762,0.9924724669958722,Not Significant,6.5985505508588895,6.621517093505406,0.003281532522148999
MSH2,MSH2,0.02037065880529987,0.9570019725328351,0.9924724669958722,Not Significant,7.197990884472662,7.177620225667362,0.003281532522148999
GENE_1534,GENE_1534,0.01957848570973386,0.9572210668586354,0.9924724669958722,Not Significant,6.910217788317089,6.890639302607355,0.003281532522148999
GENE_3734,GENE_3734,-0.022579296564511964,0.9490282174510002,0.9924724669958722,Not Significant,6.799742587099449,6.822321883663961,0.003281532522148999
GENE_4140,GENE_4140,-0.02725714467975493,0.9431441815239759,0.9924724669958722,Not Significant,6.578023558940116,6.605280703619871,0.003281532522148999
GENE_4193,GENE_4193,0.02281771756996509,0.9505484523851826,0.9924724669958722,Not Significant,6.931028933156204,6.908211215586239,0.003281532522148999
GENE_2363,GENE_2363,0.01812231449417201,0.9589789855447611,0.9924724669958722,Not Significant,7.037176758565208,7.019054444071036,0.003281532522148999
GENE_1315,GENE_1315,0.024803237371939346,0.9439762808937814,0.9924724669958722,Not Significant,6.96174463209157,6.93694139471963,0.003281532522148999
GENE_2251,GENE_2251,0.01894337715166383,0.9582685871004992,0.9924724669958722,Not Significant,6.927900860046588,6.908957482894924,0.003281532522148999
GENE_2967,GENE_2967,-0.02535358700649848,0.9426400721856949,0.9924724669958722,Not Significant,6.768074812445422,6.793428399451921,0.003281532522148999
GENE_3573,GENE_3573,-0.019666209597714257,0.9554514706142813,0.9924724669958722,Not Significant,6.889685610317895,6.909351819915609,0.003281532522148999
GENE_3244,GENE_3244,0.022243745353047295,0.9530621055385988,0.9924724669958722,Not Significant,7.462042237136637,7.4397984917835895,0.003281532522148999
GENE_1636,GENE_1636,0.01883611293262266,0.9599886688477901,0.9924724669958722,Not Significant,7.073296098175179,7.0544599852425565,0.003281532522148999
GENE_1657,GENE_1657,0.025408697720846973,0.9458031668622283,0.9924724669958722,Not Significant,7.027500253132647,7.0020915554118,0.003281532522148999
GENE_2561,GENE_2561,-0.030919941596676104,0.9417277370069046,0.9924724669958722,Not Significant,6.886396295976483,6.917316237573159,0.003281532522148999
GENE_2399,GENE_2399,-0.022721289575008186,0.951975509647186,0.9924724669958722,Not Significant,6.68428775134442,6.707009040919428,0.003281532522148999
GENE_3369,GENE_3369,0.02555127829551118,0.9509533237000104,0.9924724669958722,Not Significant,6.823972926425408,6.798421648129897,0.003281532522148999
GENE_1935,GENE_1935,0.023154036761647845,0.9534611221912508,0.9924724669958722,Not Significant,6.806045885248063,6.782891848486416,0.003281532522148999
GENE_4174,GENE_4174,0.02347509360326061,0.9520193367285423,0.9924724669958722,Not Significant,7.0110630261236615,6.987587932520401,0.003281532522148999
GENE_2265,GENE_2265,-0.023354215027963754,0.9498235274903736,0.9924724669958722,Not Significant,6.8230448040479486,6.846399019075912,0.003281532522148999
GENE_3816,GENE_3816,0.026376198659064265,0.94229251342141,0.9924724669958722,Not Significant,7.136956180564468,7.110579981905404,0.003281532522148999
GENE_2175,GENE_2175,-0.01931392570106194,0.9592295521879055,0.9924724669958722,Not Significant,6.751449253035128,6.77076317873619,0.003281532522148999
GENE_2579,GENE_2579,-0.019809226977843153,0.9585430366490248,0.9924724669958722,Not Significant,7.035010403124512,7.054819630102355,0.003281532522148999
GENE_2144,GENE_2144,-0.02706421078850063,0.9439358157893909,0.9924724669958722,Not Significant,7.077586756925795,7.104650967714296,0.003281532522148999
GENE_2342,GENE_2342,0.025650087578172887,0.9433338696292523,0.9924724669958722,Not Significant,6.916417238695306,6.890767151117133,0.003281532522148999
GENE_2565,GENE_2565,0.023297104897642917,0.9506346304797701,0.9924724669958722,Not Significant,6.799135355593695,6.775838250696052,0.003281532522148999
GENE_2351,GENE_2351,-0.021599653369819727,0.952251650227403,0.9924724669958722,Not Significant,7.196504715755949,7.2181043691257685,0.003281532522148999
GENE_1533,GENE_1533,-0.02414946023323239,0.9517540030613595,0.9924724669958722,Not Significant,6.93430391806227,6.958453378295502,0.003281532522148999
GENE_462,GENE_462,0.022884425334211755,0.9491474908818794,0.9924724669958722,Not Significant,7.128209781038205,7.105325355703993,0.003281532522148999
GENE_3127,GENE_3127,0.023054593785630573,0.9537505369395607,0.9924724669958722,Not Significant,7.371648744191159,7.348594150405528,0.003281532522148999
GENE_3133,GENE_3133,0.019555906737257267,0.956589181298117,0.9924724669958722,Not Significant,7.086157724943646,7.066601818206388,0.003281532522148999
GENE_4283,GENE_4283,-0.019636130813236896,0.9586010611140747,0.9924724669958722,Not Significant,7.120724117032345,7.140360247845582,0.003281532522148999
GENE_3157,GENE_3157,-0.018534061906692934,0.9588921450367994,0.9924724669958722,Not Significant,6.463212128931419,6.481746190838112,0.003281532522148999
GENE_1240,GENE_1240,0.020677193044459585,0.9553894430533232,0.9924724669958722,Not Significant,7.426995804373189,7.40631861132873,0.003281532522148999
GENE_2834,GENE_2834,-0.021206133003105698,0.9538415725646195,0.9924724669958722,Not Significant,7.063687238634103,7.084893371637209,0.003281532522148999
GENE_2206,GENE_2206,0.02273343045401255,0.9516828013104164,0.9924724669958722,Not Significant,6.971992876210668,6.949259445756655,0.003281532522148999
GENE_4761,GENE_4761,-0.020895350112908773,0.9576983759821192,0.9924724669958722,Not Significant,7.113604703937217,7.134500054050126,0.003281532522148999
GENE_866,GENE_866,-0.021531679295921258,0.9517882539165724,0.9924724669958722,Not Significant,7.131132344848495,7.152664024144416,0.003281532522148999
GENE_47,GENE_47,0.026034398195061925,0.9442592042946611,0.9924724669958722,Not Significant,7.279768170377307,7.253733772182245,0.003281532522148999
MLH1,MLH1,-0.019306778127659463,0.9564124557122234,0.9924724669958722,Not Significant,7.114440695399379,7.1337474735270385,0.003281532522148999
GENE_2415,GENE_2415,-0.020802950715575363,0.9551124005559404,0.9924724669958722,Not Significant,7.036121658365831,7.056924609081406,0.003281532522148999
GENE_1089,GENE_1089,0.01772033620324187,0.9599288207969608,0.9924724669958722,Not Significant,7.115890278199925,7.098169941996683,0.003281532522148999
GENE_4664,GENE_4664,-0.021855615315437227,0.9570321333176798,0.9924724669958722,Not Significant,7.128953060426672,7.150808675742109,0.003281532522148999
GENE_1899,GENE_1899,0.02387152590864794,0.9498496454979558,0.9924724669958722,Not Significant,6.845062230021849,6.821190704113201,0.003281532522148999
GENE_581,GENE_581,0.025707582147243002,0.9458921874482935,0.9924724669958722,Not Significant,7.192816880038654,7.167109297891411,0.003281532522148999
GENE_277,GENE_277,-0.024370648542853424,0.949094368589035,0.9924724669958722,Not Significant,6.836289841729173,6.860660490272027,0.003281532522148999
GENE_1627,GENE_1627,0.028744710926200234,0.9414772344778769,0.9924724669958722,Not Significant,7.206312418016111,7.177567707089911,0.003281532522148999
GENE_897,GENE_897,0.024506711414448823,0.9464451689280257,0.9924724669958722,Not Significant,6.961438495343668,6.936931783929219,0.003281532522148999
GENE_1996,GENE_1996,-0.018666337227569052,0.9598296895027938,0.9924724669958722,Not Significant,7.0837844195721855,7.102450756799755,0.003281532522148999
GENE_566,GENE_566,0.021279832601671878,0.9530375392858378,0.9924724669958722,Not Significant,7.058747374253031,7.037467541651359,0.003281532522148999
GENE_1715,GENE_1715,-0.020523416623718482,0.955820037901333,0.9924724669958722,Not Significant,7.138619867767071,7.159143284390789,0.003281532522148999
GENE_2658,GENE_2658,-0.02308153240384314,0.9524322391963881,0.9924724669958722,Not Significant,7.26993483583997,7.293016368243813,0.003281532522148999
GENE_4244,GENE_4244,0.018347570700551152,0.9587129449817815,0.9924724669958722,Not Significant,7.022793865699053,7.004446294998502,0.003281532522148999
GENE_1922,GENE_1922,-0.0219649378392468,0.9549857621133242,0.9924724669958722,Not Significant,7.1108167530417585,7.132781690881005,0.003281532522148999
GENE_1211,GENE_1211,-0.02166323078799781,0.953642415671357,0.9924724669958722,Not Significant,7.147028870721534,7.1686921015095315,0.003281532522148999
GENE_1208,GENE_1208,0.021842034447784542,0.9538168849669774,0.9924724669958722,Not Significant,6.951260231659377,6.929418197211592,0.003281532522148999
GENE_2604,GENE_2604,-0.025613031537891295,0.9457486767125793,0.9924724669958722,Not Significant,7.074724219800321,7.100337251338212,0.003281532522148999
GENE_1803,GENE_1803,-0.024585460553733895,0.9475119540310493,0.9924724669958722,Not Significant,7.001821702002947,7.026407162556681,0.003281532522148999
GENE_1391,GENE_1391,-0.0208402675532513,0.9532463614314673,0.9924724669958722,Not Significant,7.052579866048888,7.07342013360214,0.003281532522148999
GENE_2360,GENE_2360,0.025326408190489147,0.9481231085405415,0.9924724669958722,Not Significant,6.907248687245522,6.881922279055033,0.003281532522148999
GENE_1012,GENE_1012,-0.01999297211322304,0.9575705316579802,0.9924724669958722,Not Significant,6.889812204885343,6.9098051769985664,0.003281532522148999
GENE_995,GENE_995,0.025720059487362334,0.9448445500998726,0.9924724669958722,Not Significant,7.262595863178697,7.236875803691334,0.003281532522148999
CDH1,CDH1,-0.02302940255081065,0.9482410817150063,0.9924724669958722,Not Significant,7.062973262722414,7.086002665273225,0.003281532522148999
GENE_4235,GENE_4235,0.019355299126630143,0.9582734565151091,0.9924724669958722,Not Significant,6.973631062801137,6.954275763674507,0.003281532522148999
GENE_425,GENE_425,0.02930464687249934,0.9421305197098826,0.9924724669958722,Not Significant,7.0630545025712905,7.033749855698791,0.003281532522148999
GENE_1603,GENE_1603,-0.027779954348821967,0.9409295715243634,0.9924724669958722,Not Significant,7.02451918789986,7.052299142248682,0.003281532522148999
GENE_2496,GENE_2496,-0.022297550825221002,0.9545837925873171,0.9924724669958722,Not Significant,6.915255177206662,6.937552728031883,0.003281532522148999
GENE_1186,GENE_1186,-0.021610170039420673,0.9528316908787923,0.9924724669958722,Not Significant,6.951003930760544,6.972614100799965,0.003281532522148999
GENE_4206,GENE_4206,-0.026175962132496622,0.9449405500555849,0.9924724669958722,Not Significant,7.194093528014099,7.220269490146595,0.003281532522148999
GENE_97,GENE_97,0.022687552755210838,0.9553980299404482,0.9924724669958722,Not Significant,7.061061654727975,7.038374101972765,0.003281532522148999
GENE_1064,GENE_1064,-0.021645523179048887,0.9553251216414888,0.9924724669958722,Not Significant,6.948951237305502,6.9705967604845505,0.003281532522148999
GENE_250,GENE_250,-0.023510623420850862,0.9504566596434072,0.9924724669958722,Not Significant,7.206243679556012,7.229754302976863,0.003281532522148999
GENE_3521,GENE_3521,0.023050037997379036,0.953550499395419,0.9924724669958722,Not Significant,6.97112959182398,6.948079553826601,0.003281532522148999
GENE_1092,GENE_1092,-0.02383073820179149,0.9538886342671318,0.9924724669958722,Not Significant,7.20948715377098,7.233317891972772,0.003281532522148999
GENE_4071,GENE_4071,-0.02341119933332525,0.9497551385537532,0.9924724669958722,Not Significant,7.40206791246931,7.425479111802635,0.003281532522148999
GENE_2691,GENE_2691,-0.018395988497956317,0.960463949522716,0.9926907377080216,Not Significant,7.033233608187455,7.0516295966854114,0.00318603028232815
GENE_4450,GENE_4450,0.017977085987769925,0.9609924926811241,0.9926909806200286,Not Significant,6.6312721534834145,6.6132950674956446,0.0031859240102261816
GENE_4919,GENE_4919,0.017636247426129792,0.9608125451264373,0.9926909806200286,Not Significant,6.956366285887132,6.938730038461002,0.0031859240102261816
GENE_3477,GENE_3477,0.018809564407500368,0.9615983360410316,0.9930438435949978,Not Significant,6.839882256374621,6.821072691967121,0.0030315766697441293
GENE_3533,GENE_3533,-0.016937589143016574,0.9626403825067401,0.9933010866173337,Not Significant,6.645817194614324,6.66275478375734,0.0029190894334802184
GENE_3434,GENE_3434,0.019189573123746584,0.9623324281713477,0.9933010866173337,Not Significant,7.187685535241626,7.16849596211788,0.0029190894334802184
GENE_2156,GENE_2156,0.018046612692139696,0.9625046027280781,0.9933010866173337,Not Significant,7.049732022908888,7.031685410216748,0.0029190894334802184
GENE_2732,GENE_2732,0.017185558255186528,0.9643806740158368,0.9933117584269328,Not Significant,6.8259293539625805,6.808743795707394,0.002914423493629501
GENE_1281,GENE_1281,0.01651687433390414,0.9645009596859706,0.9933117584269328,Not Significant,6.893774181225662,6.8772573068917575,0.002914423493629501
GENE_3076,GENE_3076,-0.01625467777743861,0.9638655439728829,0.9933117584269328,Not Significant,6.971560777561399,6.987815455338837,0.002914423493629501
GENE_4610,GENE_4610,0.019154259622900405,0.9631809374980502,0.9933117584269328,Not Significant,7.200490198766528,7.1813359391436276,0.002914423493629501
GENE_4566,GENE_4566,0.016568197815814756,0.9641981022517123,0.9933117584269328,Not Significant,6.900764687916615,6.8841964901008,0.002914423493629501
GENE_3912,GENE_3912,-0.016949275113540274,0.9630874647254316,0.9933117584269328,Not Significant,7.024489697258486,7.041438972372026,0.002914423493629501
GENE_3456,GENE_3456,-0.01617707710728311,0.9636859037143874,0.9933117584269328,Not Significant,7.265813598566422,7.281990675673705,0.002914423493629501
GENE_363,GENE_363,-0.01833883162033878,0.9652808409363696,0.9935703643491857,Not Significant,6.945999732940991,6.96433856456133,0.002801370862707212
GENE_2569,GENE_2569,0.01655633512875987,0.9650954853787763,0.9935703643491857,Not Significant,7.0881048692933915,7.071548534164632,0.002801370862707212
GENE_3294,GENE_3294,0.015765926115040685,0.9695513924967833,0.9941539244209855,Not Significant,6.9260481650012995,6.910282238886259,0.002546368770359877
GENE_3715,GENE_3715,-0.015499202975575166,0.9683942975635447,0.9941539244209855,Not Significant,6.973712603967522,6.989211806943097,0.002546368770359877
GENE_1495,GENE_1495,0.014263408930677457,0.9691112728826005,0.9941539244209855,Not Significant,6.829456568723219,6.815193159792542,0.002546368770359877
GENE_3177,GENE_3177,0.013598624126266223,0.9692527261843037,0.9941539244209855,Not Significant,7.221191414347985,7.207592790221719,0.002546368770359877
GENE_1709,GENE_1709,-0.015591688758651578,0.9672984010222421,0.9941539244209855,Not Significant,6.865580241111528,6.881171929870179,0.002546368770359877
GENE_3249,GENE_3249,0.014167885707530026,0.9689544142105232,0.9941539244209855,Not Significant,6.951134845628849,6.936966959921319,0.002546368770359877
GENE_1392,GENE_1392,-0.015616274489919313,0.9661910536888741,0.9941539244209855,Not Significant,6.616377752331254,6.6319940268211734,0.002546368770359877
GENE_4677,GENE_4677,0.015022962917690563,0.9682651864612407,0.9941539244209855,Not Significant,7.356051237872074,7.341028274954383,0.002546368770359877
GENE_3062,GENE_3062,-0.016545024073131742,0.9666643681752912,0.9941539244209855,Not Significant,6.860204460164577,6.876749484237709,0.002546368770359877
GENE_2876,GENE_2876,0.013865702619134446,0.9685636781329077,0.9941539244209855,Not Significant,6.841324133699619,6.827458431080484,0.002546368770359877
GENE_1956,GENE_1956,0.01477098267199306,0.9675555211447355,0.9941539244209855,Not Significant,7.143649129470975,7.128878146798982,0.002546368770359877
GENE_979,GENE_979,0.015298185345439919,0.969412036960907,0.9941539244209855,Not Significant,6.704929759666756,6.689631574321316,0.002546368770359877
GENE_1638,GENE_1638,-0.017394253038486518,0.9672707368276388,0.9941539244209855,Not Significant,7.070015057861834,7.087409310900321,0.002546368770359877
GENE_1888,GENE_1888,0.014880645058122255,0.9679751945777202,0.9941539244209855,Not Significant,6.695182201865213,6.680301556807091,0.002546368770359877
GENE_2419,GENE_2419,0.014285529508366146,0.969978915787132,0.9943209944157234,Not Significant,7.082475369680593,7.068189840172227,0.0024733906540259118
GENE_2010,GENE_2010,0.014309259523760609,0.9704238370970073,0.9944067103302568,Not Significant,6.5779188733575795,6.563609613833819,0.002435953705139068
GENE_1135,GENE_1135,0.012961058222455968,0.9711558997715497,0.9944067103302568,Not Significant,7.00171053950363,6.988749481281174,0.002435953705139068
GENE_1235,GENE_1235,0.012152180248749644,0.972599744836797,0.9944067103302568,Not Significant,7.009118012587623,6.996965832338874,0.002435953705139068
GENE_4357,GENE_4357,0.012233422958597195,0.9727343493404471,0.9944067103302568,Not Significant,7.212128616986727,7.19989519402813,0.002435953705139068
GENE_4018,GENE_4018,-0.012271784941513708,0.9725630519344096,0.9944067103302568,Not Significant,7.120757320251666,7.13302910519318,0.002435953705139068
GENE_4893,GENE_4893,-0.012521387123204164,0.9727670892174147,0.9944067103302568,Not Significant,6.8141104419608185,6.826631829084023,0.002435953705139068
GENE_547,GENE_547,0.012490727746039099,0.9723416616629146,0.9944067103302568,Not Significant,7.0183340128283564,7.005843285082317,0.002435953705139068
GENE_3514,GENE_3514,0.012447741596622208,0.9730462272830968,0.9944067103302568,Not Significant,7.198649382167402,7.18620164057078,0.002435953705139068
GENE_4416,GENE_4416,-0.01187095239047764,0.9732378607223748,0.9944067103302568,Not Significant,7.3691916894499805,7.381062641840458,0.002435953705139068
GENE_2772,GENE_2772,0.012710708185708519,0.9722909259212675,0.9944067103302568,Not Significant,7.107286277833132,7.094575569647423,0.002435953705139068
GENE_4532,GENE_4532,0.013048653689471834,0.9720072182107341,0.9944067103302568,Not Significant,7.1397213647835285,7.126672711094057,0.002435953705139068
GENE_4162,GENE_4162,0.0132993208167278,0.9723248021964206,0.9944067103302568,Not Significant,7.207781721372242,7.194482400555514,0.002435953705139068
GENE_4565,GENE_4565,0.013402349875859976,0.9741780583238392,0.9950968043438401,Not Significant,7.249071900618436,7.235669550742576,0.0021346684529111133
GENE_1330,GENE_1330,0.011541385264083992,0.9746108590898304,0.9952683718640171,Not Significant,7.135218590939415,7.123677205675331,0.002059796938515749
GENE_815,GENE_815,0.010621455439379979,0.9762957989121588,0.9958980802658676,Not Significant,7.069069660391727,7.058448204952347,0.0017851047921544423
GENE_4671,GENE_4671,0.010485848812720633,0.978311261643769,0.9958980802658676,Not Significant,7.118192897859535,7.107707049046814,0.0017851047921544423
GENE_8,GENE_8,0.010856975014596593,0.9784012903707541,0.9958980802658676,Not Significant,6.837502466641918,6.826645491627321,0.0017851047921544423
GENE_2306,GENE_2306,0.010887171803936724,0.9784075871052643,0.9958980802658676,Not Significant,7.119598339927174,7.108711168123238,0.0017851047921544423
GENE_4023,GENE_4023,-0.011195101199469981,0.9768754749555385,0.9958980802658676,Not Significant,6.848941971201712,6.860137072401182,0.0017851047921544423
GENE_3067,GENE_3067,0.010742853863068724,0.9777948626977859,0.9958980802658676,Not Significant,7.291902463979101,7.281159610116032,0.0017851047921544423
GENE_4251,GENE_4251,-0.010727240600882482,0.9762188545029087,0.9958980802658676,Not Significant,7.170544020036274,7.181271260637156,0.0017851047921544423
GENE_3075,GENE_3075,-0.010258534711359069,0.9777824905499126,0.9958980802658676,Not Significant,6.773809486147123,6.7840680208584825,0.0017851047921544423
GENE_4419,GENE_4419,-0.010610030681444726,0.9768120242941241,0.9958980802658676,Not Significant,7.050932422605979,7.061542453287424,0.0017851047921544423
GENE_4618,GENE_4618,0.011121674972803142,0.9759872946557457,0.9958980802658676,Not Significant,6.960548924369998,6.9494272493971945,0.0017851047921544423
GENE_2059,GENE_2059,0.010786045452789494,0.9783679653515341,0.9958980802658676,Not Significant,7.090579701305187,7.079793655852398,0.0017851047921544423
GENE_2392,GENE_2392,0.010847946164417976,0.9758936502754558,0.9958980802658676,Not Significant,6.959747394452825,6.948899448288407,0.0017851047921544423
GENE_3402,GENE_3402,0.00985664991556412,0.9795803483287076,0.9959355692926487,Not Significant,7.126584971384198,7.116728321468634,0.0017687567628212688
GENE_3041,GENE_3041,0.009566931510565091,0.9791390677631611,0.9959355692926487,Not Significant,6.994299792525395,6.98473286101483,0.0017687567628212688
GENE_1368,GENE_1368,-0.009145441797441478,0.979361500008647,0.9959355692926487,Not Significant,7.07525367221734,7.084399114014781,0.0017687567628212688
GENE_3525,GENE_3525,-0.009452966611947389,0.9789608971754437,0.9959355692926487,Not Significant,6.976256925631944,6.985709892243891,0.0017687567628212688
GENE_1530,GENE_1530,-0.009992012817791718,0.9799488882933187,0.9959355692926487,Not Significant,6.970444811868891,6.980436824686683,0.0017687567628212688
GENE_1412,GENE_1412,0.010618876174493863,0.9800345224173004,0.9959355692926487,Not Significant,6.834408503468248,6.823789627293754,0.0017687567628212688
GENE_2937,GENE_2937,-0.008323131580088905,0.9814495530536927,0.9960621053254893,Not Significant,7.194015561587251,7.20233869316734,0.0017135820991168416
GENE_3835,GENE_3835,0.00867196597767439,0.981181970019163,0.9960621053254893,Not Significant,7.1934562466127625,7.184784280635088,0.0017135820991168416
GENE_46,GENE_46,-0.009171970808559138,0.9806207063005944,0.9960621053254893,Not Significant,7.061346574357585,7.070518545166144,0.0017135820991168416
GENE_1142,GENE_1142,0.008623430577960889,0.9814842937786821,0.9960621053254893,Not Significant,6.948306360776211,6.93968293019825,0.0017135820991168416
GENE_2437,GENE_2437,-0.008832991344002394,0.980941382207714,0.9960621053254893,Not Significant,6.672655625068658,6.68148861641266,0.0017135820991168416
GENE_3652,GENE_3652,0.007866865275482304,0.9840496570893289,0.9960668908400597,Not Significant,6.710892745476544,6.703025880201062,0.0017114955649867789
GENE_1685,GENE_1685,0.00805817154264421,0.9829877794818659,0.9960668908400597,Not Significant,6.757481249524259,6.749423077981615,0.0017114955649867789
GENE_2287,GENE_2287,0.007591079485888663,0.9833407130632371,0.9960668908400597,Not Significant,6.871997082350743,6.864406002864854,0.0017114955649867789
GENE_4816,GENE_4816,0.00818664786675427,0.9825579997722043,0.9960668908400597,Not Significant,6.7656046735363224,6.757418025669568,0.0017114955649867789
GENE_4617,GENE_4617,0.007573521491774926,0.983582241015569,0.9960668908400597,Not Significant,6.884846221278105,6.87727269978633,0.0017114955649867789
GENE_3867,GENE_3867,0.007653964388248724,0.9835126872234361,0.9960668908400597,Not Significant,7.3527630628780685,7.34510909848982,0.0017114955649867789
GENE_636,GENE_636,-0.006965166067312012,0.9845246334587585,0.9960668908400597,Not Significant,7.064834396321358,7.07179956238867,0.0017114955649867789
GENE_3717,GENE_3717,0.007994056754693446,0.9840736523483916,0.9960668908400597,Not Significant,6.778777297795125,6.770783241040432,0.0017114955649867789
GENE_1726,GENE_1726,-0.007817406876202249,0.9828070051099111,0.9960668908400597,Not Significant,7.102613036745738,7.11043044362194,0.0017114955649867789
GENE_514,GENE_514,0.006661421054632299,0.9849346903570149,0.9960668908400597,Not Significant,7.210140366250463,7.2034789451958305,0.0017114955649867789
GENE_1597,GENE_1597,-0.007385167489518452,0.9844404857779759,0.9960668908400597,Not Significant,6.807027754833467,6.814412922322985,0.0017114955649867789
GENE_4057,GENE_4057,-0.006851912154727913,0.9846824505807581,0.9960668908400597,Not Significant,6.821116554943784,6.827968467098512,0.0017114955649867789
GENE_1885,GENE_1885,0.008060654017090663,0.9841532766368953,0.9960668908400597,Not Significant,6.963502520138014,6.955441866120923,0.0017114955649867789
GENE_1634,GENE_1634,0.006456187527482449,0.9857221279839811,0.9963269921903715,Not Significant,6.799016991165057,6.792560803637574,0.0015981037474553264
GENE_2152,GENE_2152,0.006392776116176613,0.9856111788838564,0.9963269921903715,Not Significant,7.073823459695628,7.067430683579452,0.0015981037474553264
GENE_4739,GENE_4739,0.006740695686190179,0.9861332493745869,0.9964745230303031,Not Significant,7.190005577754304,7.183264882068114,0.0015338004745798625
GENE_1285,GENE_1285,0.005964602543417463,0.9872561985577972,0.9971933763408218,Not Significant,7.072297592033466,7.066332989490048,0.0012206148736239363
GENE_1034,GENE_1034,-0.006754041586231274,0.9873753468238953,0.9971933763408218,Not Significant,6.9919563888298875,6.998710430416119,0.0012206148736239363
GENE_1735,GENE_1735,-0.006016614191554304,0.9876525072508004,0.9972052988308727,Not Significant,6.959636525337761,6.965653139529315,0.0012154224597859535
GENE_1601,GENE_1601,-0.005126292363246243,0.9893309994929821,0.9985386340203107,Not Significant,6.741216558753556,6.746342851116802,0.0006351273709001555
GENE_3342,GENE_3342,0.005097098221892971,0.989504489912623,0.9985386340203107,Not Significant,7.100742188398286,7.095645090176393,0.0006351273709001555
GENE_3395,GENE_3395,0.0031508513207541,0.9932054091450321,0.9988407539615266,Not Significant,6.717793406606509,6.714642555285755,0.0005037461970149001
GENE_4459,GENE_4459,-0.0034390134301087727,0.9934774484282979,0.9988407539615266,Not Significant,6.859086393466472,6.862525406896581,0.0005037461970149001
GENE_3079,GENE_3079,-0.002905780036244643,0.9943854630394389,0.9988407539615266,Not Significant,7.28365917345955,7.286564953495795,0.0005037461970149001
GENE_3029,GENE_3029,-0.002680801634491914,0.9942840711956662,0.9988407539615266,Not Significant,6.868787056213425,6.871467857847917,0.0005037461970149001
GENE_1995,GENE_1995,-0.002504493586584111,0.9947201050263994,0.9988407539615266,Not Significant,7.118527459603353,7.121031953189937,0.0005037461970149001
GENE_1434,GENE_1434,0.0037504094377460717,0.9923540998851162,0.9988407539615266,Not Significant,6.916043137823337,6.912292728385591,0.0005037461970149001
GENE_2158,GENE_2158,0.003171021931184015,0.9932808119835429,0.9988407539615266,Not Significant,6.850852793779404,6.84768177184822,0.0005037461970149001
GENE_1951,GENE_1951,-0.002240143976866449,0.9953854772713989,0.9988407539615266,Not Significant,6.963839820966736,6.966079964943602,0.0005037461970149001
GENE_2189,GENE_2189,0.0020764360103946444,0.9952986588371312,0.9988407539615266,Not Significant,6.703100426330634,6.701023990320239,0.0005037461970149001
GENE_2661,GENE_2661,-0.0037252018415934174,0.9922875615139172,0.9988407539615266,Not Significant,6.726905846318936,6.73063104816053,0.0005037461970149001
GENE_355,GENE_355,-0.0027354414879185995,0.9941005639884943,0.9988407539615266,Not Significant,7.172393417978605,7.175128859466524,0.0005037461970149001
GENE_3374,GENE_3374,0.003589487853239426,0.9929290107946187,0.9988407539615266,Not Significant,7.300203689601386,7.296614201748147,0.0005037461970149001
GENE_1005,GENE_1005,-0.0028927030984604585,0.9938809444331391,0.9988407539615266,Not Significant,6.9660358112582195,6.96892851435668,0.0005037461970149001
GENE_317,GENE_317,0.004040761154851857,0.9914479787363871,0.9988407539615266,Not Significant,7.150552369415403,7.1465116082605515,0.0005037461970149001
GENE_2340,GENE_2340,0.0039519229919537935,0.991947941587246,0.9988407539615266,Not Significant,7.0217936571154835,7.01784173412353,0.0005037461970149001
GENE_4048,GENE_4048,0.003220073019656766,0.9932847648151193,0.9988407539615266,Not Significant,7.092048164270499,7.088828091250842,0.0005037461970149001
GENE_4033,GENE_4033,-0.0023075630818940596,0.9952430106269287,0.9988407539615266,Not Significant,6.81151371028829,6.813821273370184,0.0005037461970149001
GENE_1957,GENE_1957,0.0027842499863837133,0.9940930448589362,0.9988407539615266,Not Significant,7.172300033736398,7.169515783750014,0.0005037461970149001
GENE_4362,GENE_4362,0.004865492724200671,0.9901067907812703,0.9988407539615266,Not Significant,7.2069667398336765,7.202101247109476,0.0005037461970149001
GENE_2393,GENE_2393,0.0032489866171312443,0.9929775585463244,0.9988407539615266,Not Significant,6.881989626464263,6.878740639847131,0.0005037461970149001
GENE_3891,GENE_3891,0.0028646680565174165,0.9941885881735408,0.9988407539615266,Not Significant,6.72881560267039,6.725950934613873,0.0005037461970149001
GENE_4740,GENE_4740,-0.0019181494488611506,0.9957539736301286,0.9989437888152758,Not Significant,7.2420734799993856,7.243991629448247,0.00045894910552828945
GENE_4272,GENE_4272,-0.0017532121540639878,0.9961985265386952,0.9991230485007784,Not Significant,6.981199319765967,6.982952531920031,0.0003810222904724544
GENE_3253,GENE_3253,0.00043446626523646614,0.9990762890645026,0.9993422130168753,Not Significant,6.90662973146475,6.906195265199513,0.0002857672543361849
GENE_1836,GENE_1836,-0.0007282810624689162,0.9984280068942363,0.9993422130168753,Not Significant,6.975355117118893,6.976083398181362,0.0002857672543361849
GENE_3385,GENE_3385,-0.0005153144891663075,0.9990575676731879,0.9993422130168753,Not Significant,7.091866114256783,7.0923814287459495,0.0002857672543361849
GENE_4239,GENE_4239,0.0006132379461734061,0.9987026863146072,0.9993422130168753,Not Significant,6.880528056821555,6.879914818875382,0.0002857672543361849
GENE_3927,GENE_3927,-0.0007917117299038878,0.9983602324354429,0.9993422130168753,Not Significant,6.903628689963311,6.904420401693215,0.0002857672543361849
GENE_4483,GENE_4483,0.0014661891533744864,0.9968408020960196,0.9993422130168753,Not Significant,7.022123225557095,7.020657036403721,0.0002857672543361849
GENE_916,GENE_916,-0.0008196670252385019,0.9982367512740882,0.9993422130168753,Not Significant,7.213423976071826,7.214243643097064,0.0002857672543361849
GENE_1400,GENE_1400,-0.0006718908702669779,0.9985296628495295,0.9993422130168753,Not Significant,7.0784878075527695,7.0791596984230365,0.0002857672543361849
GENE_3591,GENE_3591,-0.0008694265397632961,0.9981338688225265,0.9993422130168753,Not Significant,6.941251782558957,6.94212120909872,0.0002857672543361849
GENE_1520,GENE_1520,-0.0007038719949994388,0.9986664739098605,0.9993422130168753,Not Significant,6.9849870714697095,6.985690943464709,0.0002857672543361849
GENE_2149,GENE_2149,0.00022245750247584795,0.9995083933605549,0.9995083933605549,Not Significant,7.051527515007826,7.05130505750535,0.00021355454749673718
